Timestamp,User Count,Type,Name,Requests/s,Failures/s,50%,66%,75%,80%,90%,95%,98%,99%,99.9%,99.99%,100%,Total Request Count,Total Failure Count,Total Median Response Time,Total Average Response Time,Total Min Response Time,Total Max Response Time,Total Average Content Size
1786199952,0,,Aggregated,0.000000,0.000000,N/A,N/A,N/A,N/A,N/A,N/A,N/A,N/A,N/A,N/A,N/A,0,0,0,0.0,0,0,0
1786199953,5,,Aggregated,0.000000,0.000000,4,4,5,8,21,23,31,31,31,31,31,30,0,4,6.970126066630655,1.7247979999410745,30.586791999894558,0.4
1786199954,10,,Aggregated,0.000000,0.000000,4,5,6,6,9,20,23,31,31,31,31,85,0,4,5.822845776447139,1.591953000115609,30.586791999894558,0.788235294117647
1786199955,15,,Aggregated,12.000000,0.000000,4,5,6,6,9,11,20,23,31,31,31,166,0,4,5.529693855412708,1.4329709999856277,30.586791999894558,1.0963855421686748
1786199956,20,,Aggregated,24.500000,0.000000,5,6,7,7,10,11,14,21,31,31,31,286,0,5,5.790016391598373,1.4304169999377336,30.586791999894558,1.6398601398601398
1786199957,25,,Aggregated,37.666667,0.000000,5,7,8,8,11,14,21,26,31,31,31,423,0,5,6.516120900706949,1.3344819999474566,30.586791999894558,1.9763593380614657
1786199958,30,,Aggregated,51.500000,0.000000,6,8,9,10,14,20,25,32,43,43,43,593,0,6,7.588103833051771,1.3344819999474566,43.19863000000623,2.318718381112985
1786199959,35,,Aggregated,67.400000,0.000000,7,8,11,12,16,20,24,30,43,43,43,778,0,7,8.333143764781996,1.3344819999474566,43.19863000000623,2.6619537275064267
1786199960,40,,Aggregated,81.166667,0.000000,7,10,12,14,18,23,32,37,49,49,49,993,0,7,9.460952276938354,1.3344819999474566,49.011848999953145,2.9496475327291036
1786199961,45,,Aggregated,93.714286,0.000000,8,12,15,16,26,45,70,83,100,120,120,1209,0,8,13.038924199338444,1.3344819999474566,122.18829600010395,3.185277088502895
1786199962,50,,Aggregated,106.875000,0.000000,10,15,22,30,66,91,120,130,150,160,160,1404,0,10,21.837739210826072,1.3344819999474566,163.16695299997264,3.3653846153846154
1786199963,50,,Aggregated,119.333333,0.000000,12,21,38,52,80,96,120,130,150,160,160,1616,0,12,27.13598443749937,1.3344819999474566,163.16695299997264,3.592821782178218
1786199964,50,,Aggregated,127.200000,0.000000,15,32,51,61,85,100,120,130,150,160,160,1826,0,14,31.618644300110223,1.3344819999474566,163.16695299997264,3.8083242059145674
1786199965,50,,Aggregated,146.400000,0.000000,18,43,60,69,91,110,120,130,150,160,160,2017,0,18,35.535573852258175,1.3344819999474566,163.16695299997264,4.064452156668319
1786199966,50,,Aggregated,163.600000,0.000000,23,53,68,77,99,110,130,140,160,160,160,2204,0,23,39.98963241833268,1.3344819999474566,163.16695299997264,4.288112522686025
1786199967,50,,Aggregated,177.600000,0.000000,29,60,74,84,100,120,140,140,160,160,160,2383,0,29,43.9873974796491,1.3344819999474566,164.6786900000734,4.480906420478388
1786199968,50,,Aggregated,187.100000,0.000000,36,66,81,91,110,130,150,160,200,210,210,2558,0,36,48.6112459824099,1.3344819999474566,211.50899400004164,4.6411258795934325
1786199969,50,,Aggregated,192.100000,0.000000,42,70,85,96,120,140,160,160,200,210,210,2739,0,42,52.360006372765504,1.3344819999474566,211.62668500005566,4.772909821102592
1786199970,50,,Aggregated,194.800000,0.000000,48,75,90,100,120,140,160,170,210,220,220,2923,0,48,55.52081232261526,1.3344819999474566,219.58030599989797,4.899076291481355
1786199971,50,,Aggregated,195.800000,0.000000,53,79,94,100,130,150,160,180,210,220,220,3105,0,53,58.20720368212715,1.3344819999474566,219.58030599989797,5.005152979066023
1786199972,50,,Aggregated,193.600000,0.000000,57,83,99,110,140,160,180,200,220,250,250,3269,0,57,62.303952536556686,1.3344819999474566,250.40196800000558,5.122361578464362
1786199973,50,,Aggregated,190.000000,0.000000,60,85,100,110,140,160,180,200,220,250,250,3449,0,60,64.71015828443176,1.3344819999474566,250.40196800000558,5.213105247897942
1786199974,50,,Aggregated,187.800000,0.000000,63,88,110,120,140,160,190,200,230,250,250,3616,0,63,67.21070686449234,1.3344819999474566,250.40196800000558,5.294800884955753
1786199975,50,,Aggregated,183.900000,0.000000,66,91,110,120,150,160,180,200,230,250,250,3801,0,66,69.0000846919243,1.3344819999474566,250.40196800000558,5.346487766377269
1786199976,50,,Aggregated,180.700000,0.000000,68,94,110,120,150,160,190,200,230,250,250,3972,0,68,70.73213462915496,1.3344819999474566,250.40196800000558,5.4055891238670695
1786199977,50,,Aggregated,177.000000,0.000000,69,94,110,120,150,160,180,200,230,250,250,4160,0,69,71.54639904687627,1.3344819999474566,250.40196800000558,5.442548076923077
1786199978,50,,Aggregated,176.200000,0.000000,71,96,110,120,150,160,190,200,230,250,250,4326,0,71,72.8707193774859,1.3344819999474566,250.40196800000558,5.506472491909385
1786199979,50,,Aggregated,175.200000,0.000000,73,98,110,120,150,170,190,210,240,250,250,4503,0,73,75.13406154674718,1.3344819999474566,250.40196800000558,5.552076393515434
1786199980,50,,Aggregated,176.000000,0.000000,75,100,120,130,150,170,190,200,240,250,250,4678,0,75,76.59728273215065,1.3344819999474566,250.40196800000558,5.596622488242839
1786199981,50,,Aggregated,174.400000,0.000000,77,100,120,130,150,170,190,210,240,250,250,4838,0,77,78.30798453968549,1.3344819999474566,250.40196800000558,5.649235221165771
1786199982,50,,Aggregated,174.200000,0.000000,78,100,120,130,160,180,210,220,280,310,310,4983,0,78,81.01935573630323,1.3344819999474566,311.55528199997207,5.711619506321493
1786199983,50,,Aggregated,172.500000,0.000000,80,110,120,130,160,180,210,230,280,310,310,5151,0,80,82.62872661521965,1.3344819999474566,312.6343100000213,5.744709765094156
1786199984,50,,Aggregated,171.200000,0.000000,81,110,130,140,160,190,210,230,280,310,310,5304,0,81,84.12727225886086,1.3344819999474566,312.6343100000213,5.799585218702866
1786199985,50,,Aggregated,169.400000,0.000000,83,110,130,140,170,190,210,230,280,310,310,5466,0,83,85.82170477149606,1.3344819999474566,312.6343100000213,5.832601536772777
1786199986,50,,Aggregated,167.900000,0.000000,84,110,130,140,170,190,210,230,280,310,310,5631,0,84,86.70179942408022,1.3344819999474566,312.6343100000213,5.860593145089682
1786199987,50,,Aggregated,166.600000,0.000000,85,110,130,140,170,190,220,230,280,310,310,5794,0,85,88.26659495616087,1.3344819999474566,312.6343100000213,5.8838453572661376
1786199988,50,,Aggregated,165.100000,0.000000,86,110,130,140,170,200,220,230,280,310,310,5960,0,86,89.34091495905938,1.3344819999474566,312.6343100000213,5.916275167785235
1786199989,50,,Aggregated,164.600000,0.000000,87,120,130,140,170,200,220,230,280,310,310,6120,0,87,90.33987251780938,1.3344819999474566,312.6343100000213,5.947875816993464
1786199990,50,,Aggregated,161.600000,0.000000,89,120,140,150,180,200,220,240,280,310,310,6274,0,89,91.92403350828712,1.3344819999474566,312.6343100000213,5.98677080012751
1786199991,50,,Aggregated,161.700000,0.000000,90,120,140,150,180,200,220,240,280,310,310,6419,0,90,93.71990341127798,1.3344819999474566,312.6343100000213,6.0322480137093
1786199992,50,,Aggregated,160.500000,0.000000,91,120,140,150,180,200,230,240,280,310,310,6575,0,91,94.9244892938394,1.3344819999474566,312.6343100000213,6.059467680608365
1786199993,50,,Aggregated,158.900000,0.000000,93,120,140,160,190,210,230,250,290,310,310,6716,0,92,96.96003919178001,1.3344819999474566,312.6343100000213,6.088594401429423
1786199994,50,,Aggregated,157.000000,0.000000,94,120,140,160,190,210,230,240,290,310,310,6875,0,94,97.67229312232627,1.3344819999474566,312.6343100000213,6.100509090909091
1786199995,50,,Aggregated,157.600000,0.000000,95,120,140,160,190,210,230,240,290,310,310,7036,0,95,98.32073118916891,1.3344819999474566,312.6343100000213,6.117254121660034
1786199996,50,,Aggregated,155.400000,0.000000,96,130,150,160,190,210,230,240,290,310,310,7198,0,96,99.1654650907183,1.3344819999474566,312.6343100000213,6.131008613503751
1786199997,50,,Aggregated,156.100000,0.000000,97,130,150,160,190,210,230,240,290,310,310,7344,0,97,100.40073713575612,1.3344819999474566,312.6343100000213,6.153458605664488
1786199998,50,,Aggregated,155.800000,0.000000,98,130,150,160,190,210,230,240,290,310,310,7513,0,98,100.99702303686858,1.3344819999474566,312.6343100000213,6.160122454412352
1786199999,50,,Aggregated,154.700000,0.000000,98,130,150,160,190,210,230,240,290,310,310,7664,0,98,101.49368252048474,1.3344819999474566,312.6343100000213,6.174451983298539
1786200000,50,,Aggregated,154.300000,0.000000,99,130,150,160,190,210,230,250,290,310,310,7812,0,99,102.56703079044983,1.3344819999474566,312.6343100000213,6.194444444444445
1786200001,50,,Aggregated,154.500000,0.000000,100,130,150,160,190,210,230,250,290,310,310,7970,0,100,103.43682970238322,1.3344819999474566,312.6343100000213,6.199623588456713
1786200002,50,,Aggregated,153.200000,0.000000,100,130,150,160,190,210,230,250,290,310,310,8114,0,100,104.28589070926711,1.3344819999474566,312.6343100000213,6.215306877002711
1786200003,50,,Aggregated,152.900000,0.000000,100,130,150,170,200,220,240,260,330,380,380,8247,0,100,106.05292886091847,1.3344819999474566,381.5076280000085,6.227840426821874
1786200004,50,,Aggregated,154.300000,0.000000,100,140,160,170,200,220,250,260,330,380,380,8390,0,100,107.28444855995184,1.3344819999474566,381.5076280000085,6.2444576877234805
1786200005,50,,Aggregated,153.500000,0.000000,100,140,160,170,200,220,250,270,330,380,380,8527,0,100,108.39310470822058,1.3344819999474566,381.5076280000085,6.26257769438255
1786200006,50,,Aggregated,152.500000,0.000000,110,140,160,170,200,220,250,270,330,380,380,8683,0,110,109.46302291419987,1.3344819999474566,381.5076280000085,6.261775883911091
1786200007,50,,Aggregated,150.600000,0.000000,110,140,160,170,200,230,250,270,330,380,380,8819,0,110,110.56964342136246,1.3344819999474566,381.5076280000085,6.2797369316249005
1786200008,50,,Aggregated,148.200000,0.000000,110,140,160,170,200,230,250,270,330,380,380,8963,0,110,111.23497056699733,1.3344819999474566,381.5076280000085,6.287069061698092
1786200010,50,,Aggregated,146.500000,0.000000,110,140,160,180,210,230,250,280,330,380,380,9104,0,110,112.50873803558846,1.3344819999474566,381.5076280000085,6.302833919156415
1786200011,50,,Aggregated,144.400000,0.000000,110,140,170,180,210,230,260,280,330,380,380,9240,0,110,113.71624911428543,1.3344819999474566,381.5076280000085,6.320454545454545
1786200012,50,,Aggregated,143.300000,0.000000,110,150,170,180,210,230,260,280,330,380,380,9390,0,110,114.70542010788033,1.3344819999474566,381.5076280000085,6.327050053248136
1786200013,50,,Aggregated,142.200000,0.000000,110,150,170,180,210,240,260,280,330,380,380,9522,0,110,115.60856288762835,1.3344819999474566,381.5076280000085,6.338059231253938
1786200014,50,,Aggregated,141.100000,0.000000,110,150,170,180,210,240,260,290,370,430,430,9634,0,110,116.82320433641232,1.3344819999474566,428.3867950000513,6.345339422877309
1786200015,50,,Aggregated,140.000000,0.000000,110,150,170,180,220,240,270,300,410,460,460,9766,0,110,118.58422524247338,1.3344819999474566,459.8998639999081,6.361970100348147
1786200016,50,,Aggregated,138.300000,0.000000,110,150,170,190,220,240,270,300,410,460,460,9910,0,110,119.4796315673055,1.3344819999474566,459.8998639999081,6.366397578203834
1786200017,50,,Aggregated,137.000000,0.000000,120,150,170,190,220,240,270,290,400,450,460,10053,0,120,120.32790437083449,1.3344819999474566,459.8998639999081,6.370337212772307
1786200018,50,,Aggregated,137.700000,0.000000,120,150,170,190,220,240,280,300,400,450,460,10193,0,120,121.16759915922694,1.3344819999474566,459.8998639999081,6.374080251152752
1786200019,50,,Aggregated,136.500000,0.000000,120,160,180,190,220,250,280,300,400,450,460,10326,0,120,122.19272401045893,1.3344819999474566,459.8998639999081,6.380108464071276
1786200020,50,,Aggregated,137.000000,0.000000,120,160,180,190,220,250,280,300,400,450,460,10466,0,120,123.01737091983556,1.3344819999474566,459.8998639999081,6.385534110452895
1786200021,50,,Aggregated,135.600000,0.000000,120,160,180,190,230,250,280,300,400,450,460,10599,0,120,123.90190153863553,1.3344819999474566,459.8998639999081,6.3893763562600245
1786200022,50,,Aggregated,135.100000,0.000000,120,160,180,190,230,250,280,300,400,450,460,10731,0,120,124.84080896607948,1.3344819999474566,459.8998639999081,6.395582890690523
1786200023,50,,Aggregated,134.900000,0.000000,120,160,180,190,230,250,280,300,400,450,460,10865,0,120,125.70263797625408,1.3344819999474566,459.8998639999081,6.400460193281178
1786200024,50,,Aggregated,133.500000,0.000000,120,160,180,200,230,250,280,300,400,450,460,10993,0,120,126.70375550377497,1.3344819999474566,459.8998639999081,6.408714636586919
1786200025,50,,Aggregated,133.500000,0.000000,120,160,180,200,230,260,290,320,400,450,460,11111,0,120,128.16621100791994,1.3344819999474566,459.8998639999081,6.410854108541085
1786200026,50,,Aggregated,135.200000,0.000000,120,160,190,200,230,260,290,320,400,450,460,11243,0,120,128.97395074588624,1.3344819999474566,459.8998639999081,6.415636395979721
1786200027,50,,Aggregated,133.600000,0.000000,130,160,190,200,240,260,290,320,400,450,460,11364,0,130,130.00327563454755,1.3344819999474566,459.8998639999081,6.42740232312566
1786200028,50,,Aggregated,132.700000,0.000000,130,160,190,200,240,260,290,320,400,450,460,11494,0,130,130.78858991151893,1.3344819999474566,459.8998639999081,6.4269183922046285
1786200029,50,,Aggregated,130.700000,0.000000,130,170,190,200,240,270,300,330,410,450,460,11618,0,130,131.8852227459114,1.3344819999474566,459.8998639999081,6.435789292477191
1786200030,50,,Aggregated,130.100000,0.000000,130,170,190,200,240,270,300,330,410,450,460,11755,0,130,132.58407087579752,1.3344819999474566,459.8998639999081,6.434793704806466
1786200031,50,,Aggregated,129.000000,0.000000,130,170,190,210,240,270,300,330,410,450,460,11876,0,130,133.59488633142468,1.3344819999474566,459.8998639999081,6.441647019198383
1786200032,50,,Aggregated,129.000000,0.000000,130,170,190,210,240,270,310,340,410,450,460,11988,0,130,134.905226346096,1.3344819999474566,459.8998639999081,6.449032365699033
1786200033,50,,Aggregated,127.300000,0.000000,130,170,190,210,250,280,320,350,410,450,460,12101,0,130,136.2093953866621,1.3344819999474566,459.8998639999081,6.462358482770019
1786200034,50,,Aggregated,125.700000,0.000000,130,170,200,210,250,280,320,350,410,450,460,12232,0,130,137.01088684548708,1.3344819999474566,459.8998639999081,6.462638979725311
1786200035,50,,Aggregated,123.400000,0.000000,130,170,200,210,250,280,320,350,420,450,460,12347,0,130,138.14552579987028,1.3344819999474566,459.8998639999081,6.463189438730056
1786200036,50,,Aggregated,123.300000,0.000000,130,170,200,210,250,280,320,350,420,450,460,12481,0,130,138.7931007667654,1.3344819999474566,459.8998639999081,6.4611008733274575
1786200037,50,,Aggregated,123.400000,0.000000,130,170,200,210,250,290,320,350,420,450,460,12605,0,130,139.73105421229667,1.3344819999474566,459.8998639999081,6.4633875446251485
1786200038,50,,Aggregated,123.000000,0.000000,140,180,200,220,250,290,330,360,420,450,460,12720,0,140,140.70360616014156,1.3344819999474566,459.8998639999081,6.467059748427673
1786200039,50,,Aggregated,123.500000,0.000000,140,180,200,220,260,290,330,360,420,450,460,12837,0,140,141.64862149988315,1.3344819999474566,459.8998639999081,6.4696580197865545
1786200040,50,,Aggregated,121.300000,0.000000,140,180,200,220,260,290,330,360,420,450,460,12956,0,140,142.53659500602026,1.3344819999474566,459.8998639999081,6.471982093238654
1786200041,50,,Aggregated,121.300000,0.000000,140,180,210,220,260,300,340,360,430,460,460,13066,0,140,143.7873790017601,1.3344819999474566,460.01436799997464,6.481784784938007
1786200042,50,,Aggregated,120.100000,0.000000,140,180,210,220,260,300,340,360,430,460,460,13185,0,140,144.66110153378807,1.3344819999474566,460.01436799997464,6.486234357224118
1786200043,50,,Aggregated,119.100000,0.000000,140,180,210,220,260,300,340,370,430,460,460,13299,0,140,145.54306110113512,1.3344819999474566,460.01436799997464,6.4877810361681325
1786200044,50,,Aggregated,119.300000,0.000000,140,180,210,230,270,300,340,370,430,460,480,13407,0,140,146.6206138260606,1.3344819999474566,480.6451570000263,6.493697322294324
1786200045,50,,Aggregated,119.600000,0.000000,140,180,210,230,270,310,350,370,430,460,480,13512,0,140,147.63047895448446,1.3344819999474566,480.6451570000263,6.495781527531084
1786200046,50,,Aggregated,117.200000,0.000000,140,190,210,230,270,310,350,380,440,480,490,13626,0,140,148.77260962468773,1.3344819999474566,486.460635000185,6.4994128871275505
1786200047,50,,Aggregated,116.500000,0.000000,140,190,210,230,280,310,360,380,440,480,490,13735,0,140,149.88257520866358,1.3344819999474566,486.460635000185,6.505351292318894
1786200048,50,,Aggregated,114.500000,0.000000,140,190,210,230,280,320,360,380,450,490,490,13842,0,140,151.02041156241842,1.3344819999474566,494.19276399999035,6.513581852333478
1786200049,50,,Aggregated,113.300000,0.000000,150,190,220,230,280,320,360,380,450,490,490,13962,0,150,152.14156634722775,1.3344819999474566,494.19276399999035,6.512032660077352
1786200050,50,,Aggregated,112.500000,0.000000,150,190,220,230,280,320,370,390,450,490,490,14064,0,150,153.11380779835008,1.3344819999474566,494.19276399999035,6.517420364050057
1786200051,50,,Aggregated,112.000000,0.000000,150,190,220,240,290,330,370,390,450,490,490,14169,0,150,154.29256317248905,1.3344819999474566,494.19276399999035,6.522760957018844
1786200052,50,,Aggregated,110.000000,0.000000,150,190,220,240,290,330,370,390,450,490,490,14279,0,150,155.21499297079612,1.3344819999474566,494.19276399999035,6.526437425590028
1786200053,50,,Aggregated,110.100000,0.000000,150,190,220,240,290,330,370,400,450,490,490,14389,0,150,156.20796092466446,1.3344819999474566,494.19276399999035,6.531447633609007
1786200054,50,,Aggregated,109.300000,0.000000,150,190,220,240,290,330,380,400,450,490,490,14492,0,150,157.26418793396357,1.3344819999474566,494.19276399999035,6.536778912503451
1786200055,50,,Aggregated,109.100000,0.000000,150,200,220,240,300,340,380,400,460,490,500,14594,0,150,158.32256188666577,1.3344819999474566,500.06228999995983,6.541797999177744
1786200056,50,,Aggregated,108.500000,0.000000,150,200,230,240,300,340,380,410,480,570,630,14693,0,150,159.59653381120268,1.3344819999474566,626.4183680000315,6.5453617368815085
1786200057,50,,Aggregated,108.000000,0.000000,150,200,230,250,300,350,390,420,490,570,630,14792,0,150,160.7921343050973,1.3344819999474566,626.4183680000315,6.55158193618172
1786200058,50,,Aggregated,106.800000,0.000000,150,200,230,250,300,350,390,420,490,570,630,14897,0,150,161.7635911132441,1.3344819999474566,626.4183680000315,6.555078203665167
1786200059,50,,Aggregated,105.400000,0.000000,150,200,230,250,310,350,390,420,490,570,630,15006,0,150,162.58005287571626,1.3344819999474566,626.4183680000315,6.557443689190991
1786200060,50,,Aggregated,105.500000,0.000000,150,200,230,250,310,350,390,420,490,570,630,15113,0,150,163.42502708859905,1.3344819999474566,626.4183680000315,6.559981472904123
1786200061,50,,Aggregated,104.700000,0.000000,160,200,230,250,310,350,390,420,490,570,630,15214,0,160,164.46850499566193,1.3344819999474566,626.4183680000315,6.565071644537926
1786200062,50,,Aggregated,105.300000,0.000000,160,200,230,250,310,360,400,430,500,570,630,15321,0,160,165.5647214329351,1.3344819999474566,626.4183680000315,6.56817440114875
1786200063,50,,Aggregated,104.500000,0.000000,160,200,230,250,310,360,400,430,500,570,630,15421,0,160,166.34548743693637,1.3344819999474566,626.4183680000315,6.57032617858764
1786200064,50,,Aggregated,103.600000,0.000000,160,210,240,260,320,360,400,430,500,570,630,15525,0,160,167.53812934885656,1.3344819999474566,626.4183680000315,6.573333333333333
1786200065,50,,Aggregated,102.800000,0.000000,160,210,240,260,320,360,410,430,500,570,630,15624,0,160,168.4006092183178,1.3344819999474566,626.4183680000315,6.577764976958525
1786200066,50,,Aggregated,102.500000,0.000000,160,210,240,260,320,370,410,440,500,590,630,15711,0,160,169.6083713636304,1.3344819999474566,626.4183680000315,6.579530265419133
1786200067,50,,Aggregated,103.000000,0.000000,160,210,240,260,320,370,420,440,500,590,630,15808,0,160,170.6958129531248,1.3344819999474566,626.4183680000315,6.585336538461538
1786200068,50,,Aggregated,102.000000,0.000000,160,210,240,260,330,370,420,450,500,590,630,15907,0,160,171.72923006053918,1.3344819999474566,626.4183680000315,6.591500597221349
1786200069,50,,Aggregated,101.200000,0.000000,160,210,240,270,330,370,420,450,500,590,630,16001,0,160,172.81636457696368,1.3344819999474566,626.4183680000315,6.595275295294044
1786200070,50,,Aggregated,100.200000,0.000000,160,210,250,270,330,380,420,450,500,590,630,16097,0,160,173.84573091302704,1.3344819999474566,626.4183680000315,6.5994284649313535
1786200071,50,,Aggregated,99.000000,0.000000,160,210,250,270,330,380,420,450,500,590,630,16198,0,160,174.65769227398422,1.3344819999474566,626.4183680000315,6.601494011606371
1786200072,50,,Aggregated,97.900000,0.000000,160,210,250,270,340,380,430,450,510,590,630,16293,0,160,175.82880131516583,1.3344819999474566,626.4183680000315,6.609034554716749
1786200073,50,,Aggregated,98.300000,0.000000,160,220,250,270,340,380,430,450,510,590,630,16388,0,160,176.6756443053452,1.3344819999474566,626.4183680000315,6.612826458384183
1786200074,50,,Aggregated,96.600000,0.000000,160,220,250,280,340,390,430,450,510,590,630,16487,0,160,177.6634043511856,1.3344819999474566,626.4183680000315,6.616182446776248
1786200075,50,,Aggregated,96.500000,0.000000,160,220,250,280,340,390,430,450,510,590,630,16588,0,160,178.59914139787787,1.3344819999474566,626.4183680000315,6.617494574391126
1786200076,50,,Aggregated,96.700000,0.000000,170,220,250,280,350,390,430,460,510,600,630,16664,0,170,179.58990930010796,1.3344819999474566,626.4183680000315,6.623919827172347
1786200077,50,,Aggregated,95.900000,0.000000,170,220,260,280,350,390,440,470,600,680,690,16771,0,170,180.75872881778085,1.3344819999474566,691.8849850001152,6.621608729354242
1786200078,50,,Aggregated,95.300000,0.000000,170,220,260,280,350,390,440,470,600,680,690,16870,0,170,181.44010795074095,1.3344819999474566,691.8849850001152,6.623058684054534
1786200079,50,,Aggregated,95.400000,0.000000,170,220,260,290,350,400,440,470,600,680,690,16953,0,170,182.5128663416504,1.3344819999474566,691.8849850001152,6.6319235533533885
1786200080,50,,Aggregated,96.400000,0.000000,170,220,260,290,350,400,440,470,600,680,690,17053,0,170,183.53680891415,1.3344819999474566,691.8849850001152,6.633495572626518
1786200081,50,,Aggregated,95.600000,0.000000,170,220,260,290,360,400,440,470,600,680,690,17147,0,170,184.50339018545503,1.3344819999474566,691.8849850001152,6.636204583892226
1786200082,50,,Aggregated,95.300000,0.000000,170,230,260,290,360,400,450,470,600,680,690,17238,0,170,185.42818500719315,1.3344819999474566,691.8849850001152,6.639459334029469
1786200083,50,,Aggregated,94.300000,0.000000,170,230,260,290,360,410,450,480,600,680,690,17321,0,170,186.50267245118616,1.3344819999474566,691.8849850001152,6.6469026037757635
1786200084,50,,Aggregated,95.000000,0.000000,170,230,270,300,360,410,460,480,600,680,690,17408,0,170,187.6053162854434,1.3344819999474566,691.8849850001152,6.652745863970588
1786200085,50,,Aggregated,93.400000,0.000000,170,230,270,300,370,410,460,480,600,680,690,17512,0,170,188.48625849960013,1.3344819999474566,691.8849850001152,6.652638190954774
1786200086,50,,Aggregated,92.100000,0.000000,170,230,270,300,370,410,460,480,600,680,690,17612,0,170,189.31148266596642,1.3344819999474566,691.8849850001152,6.652907108789462
1786200087,50,,Aggregated,92.100000,0.000000,170,230,270,300,370,420,460,480,600,680,690,17699,0,170,190.24202177117354,1.3344819999474566,691.8849850001152,6.653539748008362
1786200088,50,,Aggregated,93.700000,0.000000,170,230,270,300,370,420,460,490,600,680,690,17789,0,170,191.22193570116357,1.3344819999474566,691.8849850001152,6.655292596548429
1786200089,50,,Aggregated,93.300000,0.000000,180,230,280,300,370,420,460,490,600,680,690,17876,0,180,192.20599795530316,1.3344819999474566,691.8849850001152,6.659263817408816
1786200090,50,,Aggregated,91.600000,0.000000,180,230,280,310,370,420,470,490,600,680,690,17960,0,180,193.2843894352449,1.3344819999474566,691.8849850001152,6.66597995545657
1786200091,50,,Aggregated,91.800000,0.000000,180,240,280,310,380,430,470,500,600,680,690,18051,0,180,194.31592325832355,1.3344819999474566,691.8849850001152,6.668384023045815
1786200092,50,,Aggregated,90.600000,0.000000,180,240,280,310,380,430,470,500,600,680,690,18144,0,180,195.14713401361328,1.3344819999474566,691.8849850001152,6.670028659611993
1786200093,50,,Aggregated,90.300000,0.000000,180,240,280,310,380,430,470,500,600,680,690,18243,0,180,195.85149903497233,1.3344819999474566,691.8849850001152,6.671106725867456
1786200094,50,,Aggregated,90.400000,0.000000,180,240,280,310,380,430,470,500,600,680,690,18336,0,180,196.58325991344904,1.3344819999474566,691.8849850001152,6.671629581151833
1786200095,50,,Aggregated,91.400000,0.000000,180,240,290,310,380,430,470,500,600,680,690,18427,0,180,197.4898488610736,1.3344819999474566,691.8849850001152,6.674499375915776
1786200096,50,,Aggregated,92.600000,0.000000,180,240,290,320,380,430,470,500,600,680,690,18510,0,180,198.5063207667209,1.3344819999474566,691.8849850001152,6.679686655861697
1786200097,50,,Aggregated,91.900000,0.000000,180,240,290,320,390,440,480,510,640,690,710,18582,0,180,199.7855397880746,1.3344819999474566,706.9313519998559,6.6855559143256915
1786200098,50,,Aggregated,90.100000,0.000000,180,240,290,320,390,440,480,520,640,710,710,18679,0,180,200.70027746811957,1.3344819999474566,708.0336540000189,6.685636276031907
1786200099,50,,Aggregated,88.200000,0.000000,180,240,290,320,390,440,480,520,640,710,710,18768,0,180,201.4077861289433,1.3344819999474566,708.0336540000189,6.686967178175618
1786200100,50,,Aggregated,88.900000,0.000000,180,250,290,320,390,440,480,520,640,710,710,18856,0,180,202.1735786924592,1.3344819999474566,708.0336540000189,6.690761561306746
1786200101,50,,Aggregated,89.100000,0.000000,180,250,290,320,390,440,480,520,640,710,710,18944,0,180,203.08835107548606,1.3344819999474566,708.0336540000189,6.691353462837838
1786200102,50,,Aggregated,89.700000,0.000000,190,250,300,320,390,440,480,520,640,710,710,19042,0,190,203.7478082925117,1.3344819999474566,708.0336540000189,6.691051360151245
1786200103,50,,Aggregated,89.300000,0.000000,190,250,300,330,400,440,490,530,640,710,710,19128,0,190,204.7824522757219,1.3344819999474566,708.0336540000189,6.6949498117942285
1786200104,50,,Aggregated,89.600000,0.000000,190,250,300,330,400,450,490,530,640,710,710,19221,0,190,205.52175083455637,1.3344819999474566,708.0336540000189,6.694812964986213
1786200105,50,,Aggregated,88.100000,0.000000,190,250,300,330,400,450,490,530,640,710,710,19314,0,190,206.27257262270925,1.3344819999474566,708.0336540000189,6.693641917779849
1786200106,50,,Aggregated,87.700000,0.000000,190,250,300,330,400,450,490,530,640,710,710,19411,0,190,206.88780755684954,1.3344819999474566,708.0336540000189,6.693678841893772
1786200107,50,,Aggregated,87.800000,0.000000,190,250,300,330,400,450,490,530,640,710,710,19485,0,190,207.63678814775494,1.3344819999474566,708.0336540000189,6.695971259943546
1786200108,50,,Aggregated,89.900000,0.000000,190,250,300,330,400,450,500,530,670,790,800,19572,0,190,208.77235140358692,1.3344819999474566,803.2585729999937,6.696862865317801
1786200109,50,,Aggregated,91.300000,0.000000,190,260,310,340,410,450,500,530,670,790,800,19671,0,190,209.58875074861496,1.3344819999474566,803.2585729999937,6.694169081388846
1786200110,50,,Aggregated,89.400000,0.000000,190,260,310,340,410,450,500,540,670,790,800,19757,0,190,210.33804085549446,1.3344819999474566,803.2585729999937,6.69691754821076
1786200111,50,,Aggregated,89.400000,0.000000,190,260,310,340,410,450,500,540,670,790,800,19845,0,190,211.15602700186463,1.3344819999474566,803.2585729999937,6.696447467876039
1786200112,50,,Aggregated,89.500000,0.000000,190,260,310,340,410,460,500,540,670,790,800,19932,0,190,211.9597709353303,1.3344819999474566,803.2585729999937,6.6973208910295
1786200113,50,,Aggregated,89.900000,0.000000,190,260,310,340,410,460,500,540,660,720,800,20021,0,190,212.7678413339994,1.3344819999474566,803.2585729999937,6.697517606513161
1786200114,50,,Aggregated,89.000000,0.000000,190,260,310,340,410,460,510,540,660,720,800,20115,0,190,213.50442952224708,1.3344819999474566,803.2585729999937,6.697042008451405
1786200115,50,,Aggregated,89.900000,0.000000,190,260,310,340,410,460,510,540,660,720,800,20209,0,190,214.25050672066908,1.3344819999474566,803.2585729999937,6.695581176703449
1786200116,50,,Aggregated,89.600000,0.000000,190,260,320,350,420,460,510,540,660,720,800,20296,0,190,214.94470780853365,1.3344819999474566,803.2585729999937,6.696935356720536
1786200117,50,,Aggregated,89.300000,0.000000,200,270,320,350,420,460,510,540,660,720,800,20379,0,200,215.67759570253702,1.3344819999474566,803.2585729999937,6.698120614357918
1786200118,50,,Aggregated,88.100000,0.000000,200,270,320,350,420,460,510,550,670,760,800,20455,0,200,216.76989989855784,1.3344819999474566,803.2585729999937,6.700122219506233
1786200119,50,,Aggregated,88.500000,0.000000,200,270,320,350,420,470,520,550,670,760,800,20547,0,200,217.62819646863312,1.3344819999474566,803.2585729999937,6.698836813160072
1786200120,50,,Aggregated,87.900000,0.000000,200,270,320,350,420,470,520,550,670,760,800,20636,0,200,218.2614815636271,1.3344819999474566,803.2585729999937,6.697082767978291
1786200121,50,,Aggregated,87.000000,0.000000,200,270,320,350,420,470,520,550,670,760,800,20722,0,200,218.87204179973025,1.3344819999474566,803.2585729999937,6.697278254994692
1786200122,50,,Aggregated,87.400000,0.000000,200,270,320,350,420,470,520,560,670,760,800,20804,0,200,219.6492115358591,1.3344819999474566,803.2585729999937,6.69827917708133
1786200123,50,,Aggregated,87.400000,0.000000,200,270,320,360,420,470,520,560,670,760,800,20887,0,200,220.5511884543982,1.3344819999474566,803.2585729999937,6.700866567721549
1786200124,50,,Aggregated,87.200000,0.000000,200,270,330,360,430,470,520,560,670,760,800,20979,0,200,221.31742478278352,1.3344819999474566,803.2585729999937,6.698174364841032
1786200125,50,,Aggregated,86.000000,0.000000,200,280,330,360,430,470,520,560,670,760,800,21063,0,200,222.02592659858593,1.3344819999474566,803.2585729999937,6.699473009542801
1786200126,50,,Aggregated,85.900000,0.000000,200,280,330,360,430,470,520,560,670,760,800,21147,0,200,222.8014490715948,1.3344819999474566,803.2585729999937,6.698396935735565
1786200127,50,,Aggregated,85.500000,0.000000,200,280,330,360,430,480,520,560,670,760,800,21234,0,200,223.5317861827737,1.3344819999474566,803.2585729999937,6.697795987567109
1786200128,50,,Aggregated,84.500000,0.000000,200,280,330,360,430,480,530,570,680,770,800,21302,0,200,224.42653544855023,1.3344819999474566,803.2585729999937,6.70035677401183
1786200129,50,,Aggregated,84.700000,0.000000,200,280,330,360,430,480,530,580,680,770,800,21379,0,200,225.41626883058228,1.3344819999474566,803.2585729999937,6.703821507086393
1786200130,50,,Aggregated,84.600000,0.000000,200,280,330,370,430,480,540,580,690,770,800,21452,0,200,226.32471192765308,1.3344819999474566,803.2585729999937,6.708512026850643
1786200131,50,,Aggregated,84.000000,0.000000,210,280,340,370,440,480,540,590,690,770,800,21541,0,210,227.2056683400032,1.3344819999474566,803.2585729999937,6.707255930551042
1786200132,50,,Aggregated,82.000000,0.000000,210,280,340,370,440,480,540,590,690,770,800,21620,0,210,227.9531985722021,1.3344819999474566,803.2585729999937,6.7081868640148015
1786200133,50,,Aggregated,81.100000,0.000000,210,290,340,370,440,490,550,590,690,770,800,21699,0,210,228.75016440674725,1.3344819999474566,803.2585729999937,6.7095718696714135
1786200134,50,,Aggregated,81.300000,0.000000,210,290,340,370,440,490,550,590,690,770,800,21774,0,210,229.64327883576772,1.3344819999474566,803.2585729999937,6.712638927160834
1786200135,50,,Aggregated,81.300000,0.000000,210,290,340,370,440,490,550,590,690,770,800,21855,0,210,230.5330523735075,1.3344819999474566,803.2585729999937,6.713841226264013
1786200136,50,,Aggregated,80.000000,0.000000,210,290,340,370,440,490,550,590,690,770,800,21921,0,210,231.36364080639586,1.3344819999474566,803.2585729999937,6.71871721180603
1786200137,50,,Aggregated,79.100000,0.000000,210,290,340,370,450,500,560,600,690,770,800,21996,0,210,232.44748925050024,1.3344819999474566,803.2585729999937,6.722176759410802
1786200138,50,,Aggregated,78.200000,0.000000,210,290,350,380,450,500,560,600,690,770,800,22066,0,210,233.16277468485495,1.3344819999474566,803.2585729999937,6.723511284328832
1786200139,50,,Aggregated,76.300000,0.000000,210,290,350,380,450,500,570,610,700,770,800,22143,0,210,234.18565560592543,1.3344819999474566,803.2585729999937,6.7245179063360885
1786200140,50,,Aggregated,77.200000,0.000000,210,290,350,380,450,500,570,610,700,770,800,22231,0,210,234.90136474022785,1.3344819999474566,803.2585729999937,6.723539202015204
1786200141,50,,Aggregated,76.500000,0.000000,210,290,350,380,450,500,570,610,700,770,800,22313,0,210,235.65066751808385,1.3344819999474566,803.2585729999937,6.723927755120333
1786200142,50,,Aggregated,77.800000,0.000000,210,300,350,380,450,510,570,620,700,770,800,22382,0,210,236.47535876003062,1.3344819999474566,803.2585729999937,6.728219104637655
1786200143,50,,Aggregated,77.500000,0.000000,210,300,350,380,460,510,580,620,710,770,800,22458,0,210,237.4824042144003,1.3344819999474566,803.2585729999937,6.729940333066168
1786200144,50,,Aggregated,76.600000,0.000000,210,300,350,380,460,510,580,620,710,770,800,22530,0,210,238.17966052387973,1.3344819999474566,803.2585729999937,6.732401242787395
1786200145,50,,Aggregated,75.400000,0.000000,210,300,350,390,460,510,580,630,710,790,820,22603,0,210,239.1606854037522,1.3344819999474566,824.6031749999929,6.734548511259567
1786200146,50,,Aggregated,75.800000,0.000000,220,300,360,390,460,520,590,630,710,790,820,22680,0,220,240.02359898112903,1.3344819999474566,824.6031749999929,6.735934744268078
1786200147,50,,Aggregated,74.600000,0.000000,220,300,360,390,460,520,590,630,710,790,820,22755,0,220,240.85412063449823,1.3344819999474566,824.6031749999929,6.739661612832345
1786200148,50,,Aggregated,75.100000,0.000000,220,300,360,390,460,520,590,630,710,790,820,22827,0,220,241.6974121195954,1.3344819999474566,824.6031749999929,6.742059841415867
1786200149,50,,Aggregated,75.700000,0.000000,220,300,360,390,470,530,590,630,720,790,820,22894,0,220,242.55502878295658,1.3344819999474566,824.6031749999929,6.74329518651175
1786200150,50,,Aggregated,74.800000,0.000000,220,310,360,390,470,530,600,630,720,790,820,22969,0,220,243.47719837733504,1.3344819999474566,824.6031749999929,6.746092559536767
1786200151,50,,Aggregated,75.200000,0.000000,220,310,360,390,470,530,600,630,720,790,820,23043,0,220,244.28698819897602,1.3344819999474566,824.6031749999929,6.748730634032027
1786200152,50,,Aggregated,73.600000,0.000000,220,310,360,400,470,530,600,640,720,790,820,23123,0,220,245.17265948280954,1.3344819999474566,824.6031749999929,6.748735025731955
1786200153,50,,Aggregated,73.600000,0.000000,220,310,360,400,470,530,600,640,720,790,820,23195,0,220,245.83501168144016,1.3344819999474566,824.6031749999929,6.751067040310412
1786200154,50,,Aggregated,73.000000,0.000000,220,310,370,400,470,540,600,640,720,790,820,23272,0,220,246.6142812369374,1.3344819999474566,824.6031749999929,6.752363355104847
1786200155,50,,Aggregated,74.000000,0.000000,220,310,370,400,480,540,600,640,720,800,820,23357,0,220,247.34205341144022,1.3344819999474566,824.6031749999929,6.750909791497196
1786200156,50,,Aggregated,73.500000,0.000000,220,310,370,400,480,540,600,640,720,800,820,23433,0,220,247.91742717492485,1.3344819999474566,824.6031749999929,6.751632313404174
1786200157,50,,Aggregated,74.700000,0.000000,220,310,370,400,480,540,600,640,720,800,820,23509,0,220,248.68426168407885,1.3344819999474566,824.6031749999929,6.751924794759454
1786200158,50,,Aggregated,75.300000,0.000000,220,310,370,400,480,540,600,640,720,800,820,23582,0,220,249.3628768748203,1.3344819999474566,824.6031749999929,6.7534984310067
1786200159,50,,Aggregated,74.900000,0.000000,220,310,370,400,480,540,610,640,730,800,820,23650,0,220,250.20455960207238,1.3344819999474566,824.6031749999929,6.7535306553911205
1786200160,50,,Aggregated,76.100000,0.000000,230,320,370,410,480,550,610,650,730,800,820,23729,0,230,251.11679382317035,1.3344819999474566,824.6031749999929,6.753803362973577
1786200161,50,,Aggregated,75.600000,0.000000,230,320,370,410,480,550,610,650,730,800,820,23806,0,230,251.75288049445564,1.3344819999474566,824.6031749999929,6.754641686969672
1786200162,50,,Aggregated,75.800000,0.000000,230,320,370,410,490,550,610,650,730,800,820,23882,0,230,252.5041811950008,1.3344819999474566,824.6031749999929,6.755757474248388
1786200163,50,,Aggregated,75.800000,0.000000,230,320,380,410,490,550,610,650,730,800,820,23966,0,230,253.2197079977053,1.3344819999474566,824.6031749999929,6.755027956271385
1786200164,50,,Aggregated,75.600000,0.000000,230,320,380,410,490,550,610,650,730,800,820,24036,0,230,253.8212611447831,1.3344819999474566,824.6031749999929,6.75532534531536
1786200165,50,,Aggregated,75.500000,0.000000,230,320,380,410,490,550,610,650,730,800,820,24114,0,230,254.59477585145584,1.3344819999474566,824.6031749999929,6.755038566807664
1786200166,50,,Aggregated,76.700000,0.000000,230,320,380,410,490,560,620,650,740,800,820,24188,0,230,255.31549682346633,1.3344819999474566,824.6031749999929,6.756284107822061
1786200167,50,,Aggregated,76.100000,0.000000,230,320,380,410,490,560,620,650,740,800,820,24265,0,230,255.96517809589957,1.3344819999474566,824.6031749999929,6.7558623531835975
1786200168,50,,Aggregated,75.400000,0.000000,230,320,380,410,500,560,620,650,740,800,820,24341,0,230,256.67796938096234,1.3344819999474566,824.6031749999929,6.756953288689865
1786200169,50,,Aggregated,75.700000,0.000000,230,330,380,420,500,560,620,650,740,800,820,24399,0,230,257.43391014799806,1.3344819999474566,824.6031749999929,6.759744251813599
1786200170,50,,Aggregated,74.900000,0.000000,230,330,380,420,500,560,620,660,750,810,820,24472,0,230,258.38323014179485,1.3344819999474566,824.6031749999929,6.760420071918928
1786200171,50,,Aggregated,75.100000,0.000000,230,330,390,420,500,560,620,660,750,810,820,24544,0,230,259.09639470334923,1.3344819999474566,824.6031749999929,6.7605524771838335
1786200172,50,,Aggregated,74.900000,0.000000,230,330,390,420,500,570,630,660,750,810,820,24620,0,230,259.82368971068246,1.3344819999474566,824.6031749999929,6.761210398050365
1786200173,50,,Aggregated,74.000000,0.000000,230,330,390,420,500,570,630,660,750,810,820,24694,0,230,260.585924276869,1.3344819999474566,824.6031749999929,6.761602008585081
1786200174,50,,Aggregated,74.500000,0.000000,230,330,390,420,500,570,630,660,750,810,820,24763,0,230,261.29883199725396,1.3344819999474566,824.6031749999929,6.764568105641481
1786200175,50,,Aggregated,73.700000,0.000000,230,330,390,420,510,570,630,660,750,810,820,24831,0,230,262.14569693512146,1.3344819999474566,824.6031749999929,6.767387539768837
1786200176,50,,Aggregated,72.600000,0.000000,240,330,390,420,510,570,630,670,760,810,820,24901,0,240,262.90984495795357,1.3344819999474566,824.6031749999929,6.768443034416289
1786200177,50,,Aggregated,72.200000,0.000000,240,330,390,430,510,570,630,670,760,810,820,24978,0,240,263.6568352997037,1.3344819999474566,824.6031749999929,6.767595484025943
1786200178,50,,Aggregated,71.700000,0.000000,240,340,390,430,510,570,630,670,750,810,820,25048,0,240,264.2777853404663,1.3344819999474566,824.6031749999929,6.769442670073459
1786200179,50,,Aggregated,71.200000,0.000000,240,340,390,430,510,580,630,670,760,810,820,25118,0,240,265.0461818014173,1.3344819999474566,824.6031749999929,6.7696870769965765
1786200180,50,,Aggregated,71.000000,0.000000,240,340,400,430,510,580,640,670,780,820,890,25177,0,240,266.0173634655836,1.3344819999474566,886.1639960000502,6.772490765381102
1786200181,50,,Aggregated,70.900000,0.000000,240,340,400,430,520,580,640,680,780,830,890,25249,0,240,266.75450656497304,1.3344819999474566,886.1639960000502,6.7729811081627
1786200182,50,,Aggregated,70.000000,0.000000,240,340,400,430,520,580,640,680,780,830,890,25326,0,240,267.4666242722895,1.3344819999474566,886.1639960000502,6.772921108742004
1786200183,50,,Aggregated,70.200000,0.000000,240,340,400,430,520,580,640,680,780,830,890,25392,0,240,268.20153917619734,1.3344819999474566,886.1639960000502,6.773826402016383
1786200184,50,,Aggregated,70.100000,0.000000,240,340,400,430,520,590,640,680,780,830,890,25473,0,240,268.8496008752799,1.3344819999474566,886.1639960000502,6.772307933890787
1786200185,50,,Aggregated,70.000000,0.000000,240,340,400,430,520,590,640,680,780,830,890,25546,0,240,269.5625449335319,1.3344819999474566,886.1639960000502,6.773310890158929
1786200186,50,,Aggregated,70.100000,0.000000,240,340,400,440,520,590,650,680,780,830,890,25616,0,240,270.26683137519547,1.3344819999474566,886.1639960000502,6.774320737039351
1786200187,50,,Aggregated,70.600000,0.000000,240,350,400,440,520,590,650,680,780,830,890,25680,0,240,271.03218047433853,1.3344819999474566,886.1639960000502,6.776518691588785
1786200188,50,,Aggregated,70.600000,0.000000,240,350,400,440,530,590,650,680,780,860,890,25752,0,240,271.80978654457954,1.3344819999474566,886.1639960000502,6.77737651444548
1786200189,50,,Aggregated,70.600000,0.000000,240,350,410,440,530,590,650,680,790,860,890,25829,0,240,272.4369985110925,1.3344819999474566,886.1639960000502,6.776143094970769
1786200190,50,,Aggregated,69.700000,0.000000,240,350,410,440,530,590,650,690,790,860,890,25885,0,240,273.1132342837552,1.3344819999474566,886.1639960000502,6.777322773807224
1786200191,50,,Aggregated,70.800000,0.000000,240,350,410,440,530,590,650,690,790,890,950,25969,0,240,273.92504531033165,1.3344819999474566,948.4314480000648,6.775039470137472
1786200192,50,,Aggregated,71.200000,0.000000,250,350,410,440,530,590,650,690,790,890,950,26038,0,250,274.38341370923297,1.3344819999474566,948.4314480000648,6.775136339196559
1786200193,50,,Aggregated,71.100000,0.000000,250,350,410,440,530,600,650,690,790,890,950,26111,0,250,275.0711125614111,1.3344819999474566,948.4314480000648,6.77610968557313
1786200194,50,,Aggregated,71.800000,0.000000,250,350,410,450,530,600,660,690,790,890,950,26176,0,250,275.90201398491,1.3344819999474566,948.4314480000648,6.7783847799511
1786200195,50,,Aggregated,72.300000,0.000000,250,350,410,450,540,600,660,690,790,890,950,26253,0,250,276.5746213778616,1.3344819999474566,948.4314480000648,6.776787414771645
1786200196,50,,Aggregated,71.000000,0.000000,250,350,410,450,540,600,660,700,800,890,950,26324,0,250,277.3204879708251,1.3344819999474566,948.4314480000648,6.777883300410272
1786200197,50,,Aggregated,70.000000,0.000000,250,350,410,450,540,600,660,700,800,890,950,26398,0,250,278.0319968770361,1.3344819999474566,948.4314480000648,6.776308811273581
1786200198,50,,Aggregated,70.700000,0.000000,250,360,410,450,540,600,660,700,800,890,950,26464,0,250,278.55393928193007,1.3344819999474566,948.4314480000648,6.777546856106409
1786200199,50,,Aggregated,70.300000,0.000000,250,360,410,450,540,600,670,700,800,890,950,26532,0,250,279.36480474170804,1.3344819999474566,948.4314480000648,6.779021558872305
1786200200,50,,Aggregated,71.900000,0.000000,250,360,420,450,540,610,670,700,800,890,950,26594,0,250,280.00738209818,1.3344819999474566,948.4314480000648,6.7793863277431
1786200201,50,,Aggregated,70.200000,0.000000,250,360,420,450,540,610,670,710,800,890,950,26668,0,250,280.7757653886681,1.3344819999474566,948.4314480000648,6.779323533823309
1786200202,50,,Aggregated,70.900000,0.000000,250,360,420,450,550,610,670,710,800,890,950,26738,0,250,281.45951908856307,1.3344819999474566,948.4314480000648,6.779527264567283
1786200203,50,,Aggregated,70.400000,0.000000,250,360,420,460,550,610,670,710,800,890,950,26803,0,250,282.1726796801104,1.3344819999474566,948.4314480000648,6.780248479647801
1786200204,50,,Aggregated,69.200000,0.000000,250,360,420,460,550,610,670,710,800,890,950,26883,0,250,282.7337321605848,1.3344819999474566,948.4314480000648,6.7786705352825205
1786200205,50,,Aggregated,68.500000,0.000000,250,360,420,460,550,610,670,710,800,890,950,26957,0,250,283.3224029646103,1.3344819999474566,948.4314480000648,6.778239418332901
1786200206,50,,Aggregated,69.500000,0.000000,250,360,420,460,550,610,670,710,800,890,950,27027,0,250,283.8695611033412,1.3344819999474566,948.4314480000648,6.777333777333777
1786200207,50,,Aggregated,70.600000,0.000000,260,360,420,460,550,610,670,710,800,890,950,27084,0,260,284.56408728186386,1.3344819999474566,948.4314480000648,6.781531531531532
1786200208,50,,Aggregated,70.500000,0.000000,260,360,420,460,550,620,680,710,810,890,950,27148,0,260,285.432333357706,1.3344819999474566,948.4314480000648,6.782488581110948
1786200209,50,,Aggregated,70.600000,0.000000,260,370,430,460,560,620,680,720,810,900,950,27216,0,260,286.2231852871475,1.3344819999474566,948.4314480000648,6.783179012345679
1786200210,50,,Aggregated,68.400000,0.000000,260,370,430,460,560,620,680,720,810,900,950,27284,0,260,286.90936661853124,1.3344819999474566,948.4314480000648,6.783499486878757
1786200211,50,,Aggregated,68.500000,0.000000,260,370,430,460,560,620,680,720,820,920,1000,27345,0,260,287.7670094660453,1.3344819999474566,1005.0343319999229,6.784823550923386
1786200212,50,,Aggregated,68.400000,0.000000,260,370,430,460,560,620,680,720,820,920,1000,27413,0,260,288.2780057058334,1.3344819999474566,1005.0343319999229,6.785138437967388
1786200213,50,,Aggregated,67.100000,0.000000,260,370,430,470,560,630,690,730,820,920,1000,27473,0,260,289.00812808954277,1.3344819999474566,1005.0343319999229,6.788155643722928
1786200214,50,,Aggregated,68.100000,0.000000,260,370,430,470,560,630,690,730,830,920,1000,27533,0,260,289.75969062564957,1.3344819999474566,1005.0343319999229,6.789706897177932
1786200215,50,,Aggregated,67.100000,0.000000,260,370,430,470,560,630,690,740,840,920,1000,27602,0,260,290.571216860554,1.3344819999474566,1005.0343319999229,6.789399318889935
1786200216,50,,Aggregated,66.100000,0.000000,260,370,430,470,570,630,690,740,840,920,1000,27669,0,260,291.222077879649,1.3344819999474566,1005.0343319999229,6.789945426289349
1786200217,50,,Aggregated,64.900000,0.000000,260,370,430,470,570,630,690,740,840,920,1000,27735,0,260,291.98017280580535,1.3344819999474566,1005.0343319999229,6.791815395709392
1786200218,50,,Aggregated,64.300000,0.000000,260,370,430,470,570,630,700,740,840,920,1000,27812,0,260,292.5625074804046,1.3344819999474566,1005.0343319999229,6.789191715806127
1786200219,50,,Aggregated,64.000000,0.000000,260,370,430,470,570,630,700,740,840,920,1000,27887,0,260,293.0863172568583,1.3344819999474566,1005.0343319999229,6.78778642378169
1786200220,50,,Aggregated,65.200000,0.000000,260,380,440,470,570,630,700,740,840,920,1000,27955,0,260,293.678911366804,1.3344819999474566,1005.0343319999229,6.787730280808442
1786200221,50,,Aggregated,66.700000,0.000000,270,380,440,470,570,640,700,740,850,920,1000,28013,0,270,294.46795435711994,1.3344819999474566,1005.0343319999229,6.788669546282083
1786200222,50,,Aggregated,66.600000,0.000000,270,380,440,480,570,640,700,750,850,920,1000,28073,0,270,295.2456131772166,1.3344819999474566,1005.0343319999229,6.789833647989171
1786200223,50,,Aggregated,67.200000,0.000000,270,380,440,480,570,640,710,750,850,920,1000,28145,0,270,295.97917558770666,1.3344819999474566,1005.0343319999229,6.788807958784864
1786200224,50,,Aggregated,65.700000,0.000000,270,380,440,480,580,640,710,750,850,920,1000,28207,0,270,296.6377036669269,1.3344819999474566,1005.0343319999229,6.79090296734853
1786200225,50,,Aggregated,66.600000,0.000000,270,380,440,480,580,640,710,750,850,920,1000,28273,0,270,297.3729069097374,1.3344819999474566,1005.0343319999229,6.791674035298695
1786200226,50,,Aggregated,67.200000,0.000000,270,380,440,480,580,640,710,750,850,920,1000,28331,0,270,298.07625847167463,1.3344819999474566,1005.0343319999229,6.792594684268116
1786200227,50,,Aggregated,67.400000,0.000000,270,380,440,480,580,650,710,750,850,920,1000,28397,0,270,298.77437248515724,1.3344819999474566,1005.0343319999229,6.792302003732789
1786200228,50,,Aggregated,66.600000,0.000000,270,380,440,480,580,650,710,750,850,920,1000,28466,0,270,299.43832532874336,1.3344819999474566,1005.0343319999229,6.793051359516617
1786200229,50,,Aggregated,66.500000,0.000000,270,380,450,480,580,650,710,760,850,920,1000,28529,0,270,300.13008704206277,1.3344819999474566,1005.0343319999229,6.793473307862175
1786200230,50,,Aggregated,66.000000,0.000000,270,380,450,490,580,650,720,760,850,920,1000,28594,0,270,300.8391221181021,1.3344819999474566,1005.0343319999229,6.794117647058823
1786200231,50,,Aggregated,64.700000,0.000000,270,390,450,490,590,650,720,760,860,920,1000,28659,0,270,301.5168653860917,1.3344819999474566,1005.0343319999229,6.792665480302872
1786200232,50,,Aggregated,63.900000,0.000000,270,390,450,490,590,650,720,760,860,920,1000,28730,0,270,302.13323166202565,1.3344819999474566,1005.0343319999229,6.791890010442047
1786200233,50,,Aggregated,64.700000,0.000000,270,390,450,490,590,650,720,760,860,920,1000,28799,0,270,302.6666178873918,1.3344819999474566,1005.0343319999229,6.7905482829264905
1786200234,50,,Aggregated,64.700000,0.000000,280,390,450,490,590,650,720,760,860,920,1000,28859,0,280,303.3732518704738,1.3344819999474566,1005.0343319999229,6.792716310336464
1786200235,50,,Aggregated,65.400000,0.000000,280,390,450,490,590,660,730,770,860,950,1000,28912,0,280,304.166186148347,1.3344819999474566,1005.0343319999229,6.796174598782512
1786200236,50,,Aggregated,65.000000,0.000000,280,390,450,490,590,660,730,770,870,950,1000,28977,0,280,305.00764313483126,1.3344819999474566,1005.0343319999229,6.7968043620802705
1786200237,50,,Aggregated,64.200000,0.000000,280,390,450,490,590,660,730,770,870,950,1000,29032,0,280,305.5781807371179,1.3344819999474566,1005.0343319999229,6.798739322127307
1786200238,50,,Aggregated,63.500000,0.000000,280,390,450,490,590,660,740,780,870,950,1000,29095,0,280,306.42277065880745,1.3344819999474566,1005.0343319999229,6.799828149166523
1786200239,50,,Aggregated,63.600000,0.000000,280,390,460,500,600,660,740,780,870,950,1000,29163,0,280,307.03239097342527,1.3344819999474566,1005.0343319999229,6.799060453314131
1786200240,50,,Aggregated,62.900000,0.000000,280,390,460,500,600,670,740,780,870,950,1000,29235,0,280,307.65814142079705,1.3344819999474566,1005.0343319999229,6.797024114930734
1786200241,50,,Aggregated,62.700000,0.000000,280,390,460,500,600,670,740,780,870,950,1000,29294,0,280,308.20433306089996,1.3344819999474566,1005.0343319999229,6.7983546118659115
1786200242,50,,Aggregated,63.500000,0.000000,280,390,460,500,600,670,740,780,880,960,1000,29361,0,280,308.9909218682264,1.3344819999474566,1005.0343319999229,6.797145873778141
1786200243,50,,Aggregated,63.800000,0.000000,280,400,460,500,600,670,740,790,880,960,1000,29420,0,280,309.66321579364353,1.3344819999474566,1005.0343319999229,6.79881033310673
1786200244,50,,Aggregated,62.700000,0.000000,280,400,460,500,600,670,750,790,880,970,1000,29481,0,280,310.46366247823994,1.3344819999474566,1005.0343319999229,6.800006784030392
1786200245,50,,Aggregated,62.600000,0.000000,280,400,460,500,600,670,750,790,880,970,1000,29543,0,280,311.0909522032965,1.3344819999474566,1005.0343319999229,6.801306570084284
1786200246,50,,Aggregated,61.700000,0.000000,280,400,460,500,600,670,750,790,880,970,1000,29606,0,280,311.7658465887318,1.3344819999474566,1005.0343319999229,6.800682294129568
1786200247,50,,Aggregated,62.300000,0.000000,280,400,460,500,600,670,750,790,880,970,1000,29666,0,280,312.4334100480681,1.3344819999474566,1005.0343319999229,6.801759590103148
1786200248,50,,Aggregated,63.100000,0.000000,280,400,460,510,610,680,750,790,880,970,1000,29723,0,280,313.1163810233821,1.3344819999474566,1005.0343319999229,6.8038556000403725
1786200249,50,,Aggregated,62.700000,0.000000,290,400,470,510,610,680,750,790,880,970,1000,29781,0,290,313.8648804252706,1.3344819999474566,1005.0343319999229,6.805715053221853
1786200250,50,,Aggregated,63.000000,0.000000,290,400,470,510,610,680,750,800,890,970,1000,29837,0,290,314.570204809967,1.3344819999474566,1005.0343319999229,6.806347823172571
1786200251,50,,Aggregated,62.300000,0.000000,290,400,470,510,610,680,760,800,890,970,1000,29899,0,290,315.3116846105551,1.3344819999474566,1005.0343319999229,6.807618983912506
1786200252,50,,Aggregated,61.200000,0.000000,290,400,470,510,610,680,760,800,900,980,1000,29953,0,290,316.00421582679485,1.3344819999474566,1005.0343319999229,6.808700297132174
1786200253,50,,Aggregated,60.100000,0.000000,290,400,470,510,610,690,760,810,910,1000,1100,30010,0,290,316.82817923048947,1.3344819999474566,1067.8320550000535,6.810096634455181
1786200254,50,,Aggregated,60.700000,0.000000,290,410,470,510,620,690,760,810,910,1000,1100,30073,0,290,317.4684190474509,1.3344819999474566,1067.8320550000535,6.810128686861969
1786200255,50,,Aggregated,59.000000,0.000000,290,410,470,510,620,690,760,810,910,1000,1100,30136,0,290,318.1346092913127,1.3344819999474566,1067.8320550000535,6.811156092381205
1786200256,50,,Aggregated,59.400000,0.000000,290,410,470,520,620,690,770,810,910,1000,1100,30197,0,290,318.8342787218928,1.3344819999474566,1067.8320550000535,6.811305758850217
1786200257,50,,Aggregated,59.700000,0.000000,290,410,470,520,620,690,770,810,910,1000,1100,30254,0,290,319.46413011443116,1.3344819999474566,1067.8320550000535,6.813016460633305
1786200258,50,,Aggregated,59.100000,0.000000,290,410,480,520,620,700,770,810,910,1000,1100,30314,0,290,320.11487843052714,1.3344819999474566,1067.8320550000535,6.813386554067428
1786200259,50,,Aggregated,59.300000,0.000000,290,410,480,520,620,700,770,810,920,1000,1100,30371,0,290,320.8778422803332,1.3344819999474566,1067.8320550000535,6.814428237463369
1786200260,50,,Aggregated,59.200000,0.000000,290,410,480,520,620,700,770,810,920,1000,1100,30434,0,290,321.4849011064599,1.3344819999474566,1067.8320550000535,6.814450943024249
1786200261,50,,Aggregated,58.900000,0.000000,290,410,480,520,630,700,770,820,930,1000,1100,30493,0,290,322.2100277405961,1.3344819999474566,1067.8320550000535,6.815695405502902
1786200262,50,,Aggregated,59.200000,0.000000,290,410,480,520,630,700,780,820,930,1000,1100,30541,0,290,322.8325815754885,1.3344819999474566,1067.8320550000535,6.818080612946531
1786200263,50,,Aggregated,59.000000,0.000000,300,410,480,520,630,710,780,820,930,1000,1100,30604,0,300,323.6072946035157,1.3344819999474566,1067.8320550000535,6.818749183113319
1786200264,50,,Aggregated,59.200000,0.000000,300,410,480,520,630,710,780,820,930,1000,1100,30672,0,300,324.27698787623854,1.3344819999474566,1067.8320550000535,6.818303338549818
1786200265,50,,Aggregated,59.400000,0.000000,300,410,480,530,630,710,780,820,930,1000,1100,30740,0,300,324.7471904762194,1.3344819999474566,1067.8320550000535,6.816558230318803
1786200266,50,,Aggregated,59.200000,0.000000,300,410,480,530,630,710,780,820,930,1000,1100,30804,0,300,325.3237351193994,1.3344819999474566,1067.8320550000535,6.816355018828723
1786200267,50,,Aggregated,60.000000,0.000000,300,420,480,530,630,710,780,820,930,1000,1100,30864,0,300,325.91073875638205,1.3344819999474566,1067.8320550000535,6.817036029030586
1786200268,50,,Aggregated,60.400000,0.000000,300,420,490,530,630,710,780,820,930,1000,1100,30927,0,300,326.4949530587504,1.3344819999474566,1067.8320550000535,6.81769974455977
1786200269,50,,Aggregated,60.400000,0.000000,300,420,490,530,640,710,780,820,930,1000,1100,30982,0,300,327.1297349613638,1.3344819999474566,1067.8320550000535,6.8191530566135174
1786200270,50,,Aggregated,61.000000,0.000000,300,420,490,530,640,710,780,820,930,1000,1100,31041,0,300,327.7439442525684,1.3344819999474566,1067.8320550000535,6.819722302760865
1786200271,50,,Aggregated,61.100000,0.000000,300,420,490,530,640,710,780,830,940,1000,1100,31101,0,300,328.42106651628507,1.3344819999474566,1067.8320550000535,6.820391627278866
1786200272,50,,Aggregated,60.900000,0.000000,300,420,490,530,640,720,790,830,940,1000,1100,31166,0,300,329.10007119787525,1.3344819999474566,1067.8320550000535,6.820284925880768
1786200273,50,,Aggregated,61.100000,0.000000,300,420,490,530,640,720,790,830,940,1000,1100,31215,0,300,329.7502932539477,1.3344819999474566,1067.8320550000535,6.822713439051738
1786200274,50,,Aggregated,60.800000,0.000000,300,420,490,540,640,720,790,840,950,1000,1100,31269,0,300,330.5301865905201,1.3344819999474566,1067.8320550000535,6.824682592983466
1786200275,50,,Aggregated,61.300000,0.000000,300,420,490,540,640,720,790,840,950,1000,1100,31335,0,300,331.2022893349918,1.3344819999474566,1067.8320550000535,6.824030636668263
1786200276,50,,Aggregated,60.600000,0.000000,300,420,490,540,640,720,790,840,950,1000,1100,31398,0,300,331.7622310546523,1.3344819999474566,1067.8320550000535,6.824351869545831
1786200277,50,,Aggregated,59.100000,0.000000,310,420,490,540,650,720,790,840,950,1000,1100,31463,0,310,332.3594452981591,1.3344819999474566,1067.8320550000535,6.823920160188157
1786200278,50,,Aggregated,59.500000,0.000000,310,430,500,540,650,720,790,840,950,1000,1100,31521,0,310,332.9321824388179,1.3344819999474566,1067.8320550000535,6.823736556581327
1786200279,50,,Aggregated,59.200000,0.000000,310,430,500,540,650,720,790,840,950,1000,1100,31589,0,310,333.5106932391965,1.3344819999474566,1067.8320550000535,6.822659786634588
1786200280,50,,Aggregated,59.000000,0.000000,310,430,500,540,650,730,790,840,950,1000,1100,31650,0,310,334.0747232496676,1.3344819999474566,1067.8320550000535,6.823096366508689
1786200281,50,,Aggregated,59.300000,0.000000,310,430,500,540,650,730,800,840,950,1000,1100,31704,0,310,334.6424529257815,1.3344819999474566,1067.8320550000535,6.8240915972747915
1786200282,50,,Aggregated,60.000000,0.000000,310,430,500,540,650,730,800,840,950,1000,1100,31762,0,310,335.25930002965714,1.3344819999474566,1067.8320550000535,6.824853598639884
1786200283,50,,Aggregated,60.200000,0.000000,310,430,500,540,650,730,800,840,950,1000,1100,31824,0,310,335.9512779566041,1.3344819999474566,1067.8320550000535,6.825383358471594
1786200284,50,,Aggregated,60.600000,0.000000,310,430,500,550,650,730,800,840,950,1000,1100,31875,0,310,336.55801826826587,1.3344819999474566,1067.8320550000535,6.827011764705882
1786200285,50,,Aggregated,60.000000,0.000000,310,430,500,550,660,730,800,850,950,1000,1200,31925,0,310,337.2618960269059,1.3344819999474566,1193.7762599998223,6.829162098668755
1786200286,50,,Aggregated,60.600000,0.000000,310,430,500,550,660,740,810,850,970,1100,1200,31988,0,310,338.0239831171056,1.3344819999474566,1193.7762599998223,6.828529448543204
1786200287,50,,Aggregated,60.300000,0.000000,310,430,500,550,660,740,810,850,970,1100,1200,32050,0,310,338.6863862881118,1.3344819999474566,1193.7762599998223,6.829672386895476
1786200288,50,,Aggregated,58.700000,0.000000,310,430,510,550,660,740,810,850,970,1100,1200,32114,0,310,339.10557252266875,1.3344819999474566,1193.7762599998223,6.828828548296693
1786200289,50,,Aggregated,58.900000,0.000000,310,430,510,550,660,740,810,850,970,1100,1200,32184,0,310,339.60766738662034,1.3344819999474566,1193.7762599998223,6.82702585135471
1786200290,50,,Aggregated,58.800000,0.000000,310,430,510,550,660,740,810,850,970,1100,1200,32237,0,310,340.1506656942019,1.3344819999474566,1193.7762599998223,6.828520023575395
1786200291,50,,Aggregated,59.800000,0.000000,310,440,510,550,660,740,810,860,970,1100,1200,32295,0,310,340.8768474142744,1.3344819999474566,1193.7762599998223,6.828951850131599
1786200292,50,,Aggregated,60.000000,0.000000,310,440,510,550,660,740,810,860,970,1100,1200,32348,0,310,341.4282652605414,1.3344819999474566,1193.7762599998223,6.829819463336219
1786200293,50,,Aggregated,59.000000,0.000000,320,440,510,560,670,740,810,860,980,1100,1200,32402,0,320,342.2094273505334,1.3344819999474566,1193.7762599998223,6.832325165113264
1786200294,50,,Aggregated,58.600000,0.000000,320,440,510,560,670,750,820,860,980,1100,1200,32459,0,320,342.8976504009054,1.3344819999474566,1193.7762599998223,6.8329585014941925
1786200295,50,,Aggregated,58.400000,0.000000,320,440,510,560,670,750,820,860,980,1100,1200,32524,0,320,343.58368314094156,1.3344819999474566,1193.7762599998223,6.832523674824745
1786200296,50,,Aggregated,57.800000,0.000000,320,440,510,560,670,750,820,860,980,1100,1200,32579,0,320,344.06616394342933,1.3344819999474566,1193.7762599998223,6.833266828324994
1786200297,50,,Aggregated,58.100000,0.000000,320,440,510,560,670,750,820,860,980,1100,1200,32638,0,320,344.7178350495427,1.3344819999474566,1193.7762599998223,6.832863533304737
1786200298,50,,Aggregated,59.500000,0.000000,320,440,510,560,670,750,820,860,980,1100,1200,32699,0,320,345.22112521835453,1.3344819999474566,1193.7762599998223,6.832655432887856
1786200299,50,,Aggregated,59.100000,0.000000,320,440,520,560,670,750,820,860,980,1100,1200,32766,0,320,345.7663578796307,1.3344819999474566,1193.7762599998223,6.831502166880303
1786200300,50,,Aggregated,58.700000,0.000000,320,440,520,560,670,750,820,860,980,1100,1200,32825,0,320,346.3395604799081,1.3344819999474566,1193.7762599998223,6.832018278750952
1786200301,50,,Aggregated,58.200000,0.000000,320,440,520,560,670,750,820,860,980,1100,1200,32881,0,320,346.9398941915995,1.3344819999474566,1193.7762599998223,6.832851798911225
1786200302,50,,Aggregated,57.700000,0.000000,320,440,520,560,680,750,820,870,980,1100,1200,32939,0,320,347.5524842433888,1.3344819999474566,1193.7762599998223,6.833267555177753
1786200303,50,,Aggregated,58.400000,0.000000,320,450,520,560,680,750,830,870,980,1100,1200,32991,0,320,348.13240801667064,1.3344819999474566,1193.7762599998223,6.834015337516292
1786200304,50,,Aggregated,58.300000,0.000000,320,450,520,570,680,760,830,870,980,1100,1200,33047,0,320,348.8383148124789,1.3344819999474566,1193.7762599998223,6.835143885980573
1786200305,50,,Aggregated,59.100000,0.000000,320,450,520,570,680,760,830,870,980,1100,1200,33101,0,320,349.51608275417647,1.3344819999474566,1193.7762599998223,6.836681671248603
1786200306,50,,Aggregated,58.800000,0.000000,320,450,520,570,680,760,830,870,980,1100,1200,33149,0,320,350.1399808272042,1.3344819999474566,1193.7762599998223,6.838547165827023
1786200307,50,,Aggregated,58.800000,0.000000,320,450,520,570,680,760,830,870,980,1100,1200,33206,0,320,350.8488139519964,1.3344819999474566,1193.7762599998223,6.839155574293803
1786200308,50,,Aggregated,57.500000,0.000000,320,450,520,570,680,760,830,870,980,1100,1200,33269,0,320,351.37961640945014,1.3344819999474566,1193.7762599998223,6.838828939853918
1786200309,50,,Aggregated,56.300000,0.000000,330,450,530,570,680,760,840,880,980,1100,1200,33317,0,330,351.9430764129121,1.3344819999474566,1193.7762599998223,6.840381787075667
1786200310,50,,Aggregated,56.800000,0.000000,330,450,530,570,690,760,840,880,990,1100,1200,33376,0,330,352.68711641544786,1.3344819999474566,1193.7762599998223,6.840274448705657
1786200311,50,,Aggregated,56.300000,0.000000,330,450,530,570,690,760,840,880,990,1100,1200,33434,0,330,353.1811090622117,1.3344819999474566,1193.7762599998223,6.840671173057367
1786200312,50,,Aggregated,55.100000,0.000000,330,450,530,570,690,770,840,880,990,1100,1200,33503,0,330,353.8065326582391,1.3344819999474566,1193.7762599998223,6.838521923409844
1786200313,50,,Aggregated,55.200000,0.000000,330,450,530,580,690,770,840,880,990,1100,1200,33562,0,330,354.22322678606713,1.3344819999474566,1193.7762599998223,6.8387164054585545
1786200314,50,,Aggregated,55.000000,0.000000,330,450,530,580,690,770,840,880,990,1100,1200,33621,0,330,354.76011783418073,1.3344819999474566,1193.7762599998223,6.838612771779543
1786200315,50,,Aggregated,55.600000,0.000000,330,450,530,580,690,770,840,880,990,1100,1200,33687,0,330,355.26412026235636,1.3344819999474566,1193.7762599998223,6.83708849110933
1786200316,50,,Aggregated,57.300000,0.000000,330,460,530,580,690,770,840,880,990,1100,1200,33748,0,330,355.73943013974144,1.3344819999474566,1193.7762599998223,6.835990280905535
1786200317,50,,Aggregated,57.500000,0.000000,330,460,530,580,690,770,840,880,990,1100,1200,33811,0,330,356.24648440193994,1.3344819999474566,1193.7762599998223,6.835083256928218
1786200318,50,,Aggregated,58.700000,0.000000,330,460,530,580,690,770,840,880,990,1100,1200,33868,0,330,356.76696136668807,1.3344819999474566,1193.7762599998223,6.835390338963033
1786200319,50,,Aggregated,60.300000,0.000000,330,460,530,580,690,770,840,880,990,1100,1200,33915,0,330,357.26169618245586,1.3344819999474566,1193.7762599998223,6.837122217307976
1786200320,50,,Aggregated,59.700000,0.000000,330,460,530,580,700,770,840,880,990,1100,1200,33984,0,330,357.8998470102399,1.3344819999474566,1193.7762599998223,6.835010593220339
1786200321,50,,Aggregated,60.100000,0.000000,330,460,540,580,700,770,840,880,990,1100,1200,34040,0,330,358.39606220049944,1.3344819999474566,1193.7762599998223,6.835517038777908
1786200322,50,,Aggregated,60.100000,0.000000,330,460,540,580,700,770,840,880,990,1100,1200,34093,0,330,358.9746561548411,1.3344819999474566,1193.7762599998223,6.836036723080984
1786200323,50,,Aggregated,60.300000,0.000000,340,460,540,580,700,770,850,880,1000,1100,1200,34155,0,340,359.5917735732981,1.3344819999474566,1193.7762599998223,6.83563167910994
1786200324,50,,Aggregated,60.400000,0.000000,340,460,540,580,700,770,850,880,1000,1100,1200,34217,0,340,360.08118413092916,1.3344819999474566,1193.7762599998223,6.834643598211415
1786200325,50,,Aggregated,59.200000,0.000000,340,460,540,590,700,770,850,890,1000,1100,1200,34280,0,340,360.64907776607345,1.3344819999474566,1193.7762599998223,6.83375145857643
1786200326,50,,Aggregated,59.000000,0.000000,340,460,540,590,700,770,850,890,1000,1100,1200,34335,0,340,361.0536038172709,1.3344819999474566,1193.7762599998223,6.833872142129023
1786200327,50,,Aggregated,59.100000,0.000000,340,460,540,590,700,780,850,890,1000,1100,1200,34402,0,340,361.5349351224055,1.3344819999474566,1193.7762599998223,6.831608627405384
1786200328,50,,Aggregated,58.700000,0.000000,340,460,540,590,700,780,850,890,1000,1100,1200,34448,0,340,362.05383490376784,1.3344819999474566,1193.7762599998223,6.8338074779377616
1786200329,50,,Aggregated,58.700000,0.000000,340,470,540,590,700,780,850,890,1000,1100,1200,34505,0,340,362.8082036518184,1.3344819999474566,1193.7762599998223,6.834690624547167
1786200330,50,,Aggregated,59.300000,0.000000,340,470,540,590,710,780,850,890,1000,1100,1200,34556,0,340,363.3504244298818,1.3344819999474566,1193.7762599998223,6.835889570552148
1786200331,50,,Aggregated,58.000000,0.000000,340,470,540,590,710,780,850,890,1000,1100,1200,34610,0,340,364.0315229310024,1.3344819999474566,1193.7762599998223,6.836203409419243
1786200332,50,,Aggregated,58.100000,0.000000,340,470,540,590,710,780,850,890,1000,1100,1200,34657,0,340,364.61075187154097,1.3344819999474566,1193.7762599998223,6.837897105923767
1786200333,50,,Aggregated,57.200000,0.000000,340,470,550,590,710,780,860,900,1000,1100,1300,34715,0,340,365.26982379691765,1.3344819999474566,1257.020329999932,6.83799510298142
1786200334,50,,Aggregated,56.700000,0.000000,340,470,550,590,710,780,860,900,1000,1100,1300,34768,0,340,365.8569865614646,1.3344819999474566,1257.020329999932,6.838788541187299
1786200335,50,,Aggregated,56.600000,0.000000,340,470,550,590,710,790,860,900,1000,1100,1300,34825,0,340,366.39362388953333,1.3344819999474566,1257.020329999932,6.838219669777459
1786200336,50,,Aggregated,55.800000,0.000000,340,470,550,600,710,790,860,900,1000,1100,1300,34889,0,340,366.94957725999586,1.3344819999474566,1257.020329999932,6.837427269339907
1786200337,50,,Aggregated,55.300000,0.000000,340,470,550,600,710,790,860,900,1000,1100,1300,34939,0,340,367.44350243750523,1.3344819999474566,1257.020329999932,6.837946134691892
1786200338,50,,Aggregated,55.000000,0.000000,340,470,550,600,710,790,860,900,1000,1100,1300,35001,0,340,368.05575551775655,1.3344819999474566,1257.020329999932,6.8378332047655785
1786200339,50,,Aggregated,54.700000,0.000000,350,470,550,600,710,790,860,900,1000,1100,1300,35057,0,350,368.51622753450096,1.3344819999474566,1257.020329999932,6.837464700345152
1786200340,50,,Aggregated,54.100000,0.000000,350,470,550,600,710,790,860,900,1000,1100,1300,35106,0,350,369.13078859448535,1.3344819999474566,1257.020329999932,6.839315216772062
1786200341,50,,Aggregated,54.700000,0.000000,350,480,550,600,720,790,860,910,1000,1100,1300,35162,0,350,369.7268932812981,1.3344819999474566,1257.020329999932,6.838945452477106
1786200342,50,,Aggregated,55.400000,0.000000,350,480,550,600,720,790,870,910,1000,1100,1300,35219,0,350,370.3296020558789,1.3344819999474566,1257.020329999932,6.838098753513728
1786200343,50,,Aggregated,54.900000,0.000000,350,480,550,600,720,790,870,910,1000,1100,1300,35281,0,350,370.8329475651766,1.3344819999474566,1257.020329999932,6.837419574275105
1786200344,50,,Aggregated,55.300000,0.000000,350,480,560,600,720,790,870,910,1000,1100,1300,35336,0,350,371.3394382826296,1.3344819999474566,1257.020329999932,6.837248132216437
1786200345,50,,Aggregated,56.000000,0.000000,350,480,560,600,720,800,870,910,1000,1100,1300,35384,0,350,371.8853828656736,1.3344819999474566,1257.020329999932,6.838429798779109
1786200346,50,,Aggregated,56.000000,0.000000,350,480,560,600,720,800,870,910,1000,1100,1300,35449,0,350,372.5455050950096,1.3344819999474566,1257.020329999932,6.837174532426867
1786200347,50,,Aggregated,56.200000,0.000000,350,480,560,610,720,800,870,910,1000,1100,1300,35499,0,350,373.0449022483167,1.3344819999474566,1257.020329999932,6.837685568607567
1786200348,50,,Aggregated,56.100000,0.000000,350,480,560,610,720,800,870,910,1000,1100,1300,35555,0,350,373.62872243074094,1.3344819999474566,1257.020329999932,6.837322458163409
1786200349,50,,Aggregated,56.100000,0.000000,350,480,560,610,720,800,870,910,1000,1100,1300,35609,0,350,374.14822828818546,1.3344819999474566,1257.020329999932,6.837625319441714
1786200350,50,,Aggregated,55.300000,0.000000,350,480,560,610,730,800,870,910,1000,1100,1300,35672,0,350,374.67664118871915,1.3344819999474566,1257.020329999932,6.8362020632428795
1786200351,50,,Aggregated,55.400000,0.000000,350,480,560,610,730,800,870,910,1000,1100,1300,35725,0,350,375.14506139804035,1.3344819999474566,1257.020329999932,6.8361371588523445
1786200352,50,,Aggregated,55.000000,0.000000,350,480,560,610,730,800,870,910,1000,1100,1300,35783,0,350,375.74869034365446,1.3344819999474566,1257.020329999932,6.835955621384456
1786200353,50,,Aggregated,56.400000,0.000000,350,480,560,610,730,800,870,910,1000,1100,1300,35836,0,350,376.24780440417425,1.3344819999474566,1257.020329999932,6.836449380511218
1786200354,50,,Aggregated,56.300000,0.000000,350,480,560,610,730,810,870,920,1000,1100,1300,35894,0,350,376.88613618891713,1.3344819999474566,1257.020329999932,6.835153507550008
1786200355,50,,Aggregated,56.000000,0.000000,350,490,560,610,730,810,870,920,1000,1100,1300,35947,0,350,377.34205570150493,1.3344819999474566,1257.020329999932,6.8359251119704005
1786200356,50,,Aggregated,55.700000,0.000000,360,490,570,610,730,810,880,920,1000,1100,1300,36000,0,360,377.99676163863893,1.3344819999474566,1257.020329999932,6.836138888888889
1786200357,50,,Aggregated,56.200000,0.000000,360,490,570,610,730,810,880,920,1000,1100,1300,36059,0,360,378.55752855497946,1.3344819999474566,1257.020329999932,6.835491832829529
1786200358,50,,Aggregated,55.600000,0.000000,360,490,570,620,730,810,880,920,1000,1100,1300,36116,0,360,378.98382919395857,1.3344819999474566,1257.020329999932,6.834948499280097
1786200359,50,,Aggregated,55.200000,0.000000,360,490,570,620,730,810,880,920,1000,1100,1300,36167,0,360,379.5092200586173,1.3344819999474566,1257.020329999932,6.8352641911134455
1786200360,50,,Aggregated,55.900000,0.000000,360,490,570,620,730,810,880,920,1000,1100,1300,36225,0,360,380.07817034131165,1.3344819999474566,1257.020329999932,6.835086266390614
1786200361,50,,Aggregated,56.100000,0.000000,360,490,570,620,740,810,880,920,1000,1100,1300,36277,0,360,380.55244054213466,1.3344819999474566,1257.020329999932,6.834661080023155
1786200362,50,,Aggregated,56.000000,0.000000,360,490,570,620,740,810,880,920,1000,1100,1300,36334,0,360,381.11947340477315,1.3344819999474566,1257.020329999932,6.8341223096823915
1786200363,50,,Aggregated,55.200000,0.000000,360,490,570,620,740,810,880,920,1000,1100,1300,36388,0,360,381.69890134962145,1.3344819999474566,1257.020329999932,6.834698252171045
1786200364,50,,Aggregated,55.400000,0.000000,360,490,570,620,740,810,880,920,1000,1100,1300,36446,0,360,382.28903533383715,1.3344819999474566,1257.020329999932,6.833424792844208
1786200365,50,,Aggregated,55.300000,0.000000,360,490,570,620,740,810,880,920,1000,1100,1300,36504,0,360,382.7303459002036,1.3344819999474566,1257.020329999932,6.8327032653955735
1786200366,50,,Aggregated,55.100000,0.000000,360,490,570,620,740,820,880,920,1000,1100,1300,36556,0,360,383.20298999160275,1.3344819999474566,1257.020329999932,6.832284713863661
1786200367,50,,Aggregated,54.800000,0.000000,360,500,570,620,740,820,880,930,1000,1100,1300,36605,0,360,383.7906227293274,1.3344819999474566,1257.020329999932,6.832973637481218
1786200368,50,,Aggregated,55.800000,0.000000,360,500,580,620,740,820,890,930,1000,1100,1300,36663,0,360,384.4249443821845,1.3344819999474566,1257.020329999932,6.832801461964379
1786200369,50,,Aggregated,55.300000,0.000000,360,500,580,630,740,820,890,930,1000,1100,1300,36717,0,360,384.8643445835724,1.3344819999474566,1257.020329999932,6.832557126126862
1786200370,50,,Aggregated,54.700000,0.000000,360,500,580,630,740,820,890,930,1000,1100,1300,36770,0,360,385.41330986671284,1.3344819999474566,1257.020329999932,6.833315202610824
1786200371,50,,Aggregated,54.700000,0.000000,360,500,580,630,750,820,890,930,1000,1200,1300,36820,0,360,386.059299679197,1.3344819999474566,1257.020329999932,6.834084736556219
1786200372,50,,Aggregated,54.300000,0.000000,360,500,580,630,750,820,890,930,1000,1200,1300,36872,0,360,386.6574888428086,1.3344819999474566,1257.020329999932,6.834210240833152
1786200373,50,,Aggregated,54.300000,0.000000,370,500,580,630,750,830,890,940,1100,1200,1300,36911,0,370,387.2249218779508,1.3344819999474566,1257.020329999932,6.836471512557233
1786200374,50,,Aggregated,53.800000,0.000000,370,500,580,630,750,830,900,940,1100,1200,1300,36959,0,370,387.91772678127245,1.3344819999474566,1257.020329999932,6.837874401363673
1786200375,50,,Aggregated,53.300000,0.000000,370,500,580,630,750,830,900,950,1100,1200,1300,37003,0,370,388.56591370278204,1.3344819999474566,1281.1482570000408,6.839472475204714
1786200376,50,,Aggregated,52.200000,0.000000,370,500,580,630,750,830,900,950,1100,1200,1300,37052,0,370,389.2882042542384,1.3344819999474566,1281.1482570000408,6.840953254885027
1786200377,50,,Aggregated,51.000000,0.000000,370,500,580,630,750,830,900,960,1100,1200,1300,37098,0,370,389.8694973412326,1.3344819999474566,1281.1482570000408,6.841635667690981
1786200378,50,,Aggregated,49.500000,0.000000,370,500,580,630,750,830,910,960,1100,1200,1300,37154,0,370,390.47850822361113,1.3344819999474566,1281.1482570000408,6.841551380739625
1786200379,50,,Aggregated,49.800000,0.000000,370,500,590,630,750,830,910,960,1100,1200,1300,37203,0,370,391.0437397374149,1.3344819999474566,1281.1482570000408,6.841948229981453
1786200380,50,,Aggregated,49.200000,0.000000,370,500,590,640,760,840,910,960,1100,1200,1300,37245,0,370,391.61957099471203,1.3344819999474566,1281.1482570000408,6.843898509867096
1786200381,50,,Aggregated,48.800000,0.000000,370,510,590,640,760,840,910,970,1100,1200,1300,37287,0,370,392.27991630195646,1.3344819999474566,1306.728545000169,6.845844396170247
1786200382,50,,Aggregated,48.500000,0.000000,370,510,590,640,760,840,920,970,1100,1300,1300,37340,0,370,392.97652249389535,1.3344819999474566,1312.5889279999683,6.845768612747723
1786200383,50,,Aggregated,47.500000,0.000000,370,510,590,640,760,840,920,970,1100,1300,1300,37384,0,370,393.5048462128198,1.3344819999474566,1336.8014160000712,6.8473411084956135
1786200384,50,,Aggregated,46.600000,0.000000,370,510,590,640,760,840,920,980,1100,1300,1300,37432,0,370,394.19549117546626,1.3344819999474566,1336.8014160000712,6.848979482795469
1786200385,50,,Aggregated,46.800000,0.000000,370,510,590,640,760,840,920,980,1100,1300,1300,37486,0,370,394.77177873160815,1.3344819999474566,1336.8014160000712,6.848450088032866
1786200386,50,,Aggregated,47.100000,0.000000,370,510,590,640,760,840,920,980,1100,1300,1300,37538,0,370,395.28101653396743,1.3344819999474566,1336.8014160000712,6.848553465821301
1786200387,50,,Aggregated,47.300000,0.000000,370,510,590,640,760,850,930,980,1100,1300,1300,37592,0,370,395.8667444758477,1.3344819999474566,1336.8014160000712,6.848558203873164
1786200388,50,,Aggregated,48.200000,0.000000,370,510,590,640,760,850,930,980,1100,1300,1300,37643,0,370,396.38436054958606,1.3344819999474566,1336.8014160000712,6.848311771112823
1786200389,50,,Aggregated,48.100000,0.000000,370,510,590,640,760,850,930,980,1100,1300,1300,37695,0,370,396.9339597884883,1.3344819999474566,1336.8014160000712,6.848680196312508
1786200390,50,,Aggregated,49.100000,0.000000,370,510,590,640,770,850,930,980,1100,1300,1300,37743,0,370,397.40013608481235,1.3344819999474566,1336.8014160000712,6.8495085181358135
1786200391,50,,Aggregated,48.800000,0.000000,370,510,590,650,770,850,930,980,1100,1300,1300,37794,0,370,398.0303255541639,1.3344819999474566,1336.8014160000712,6.849790972111975
1786200393,50,,Aggregated,49.800000,0.000000,370,510,600,650,770,850,930,980,1100,1300,1300,37853,0,370,398.5477292990534,1.3344819999474566,1336.8014160000712,6.848624943861781
1786200394,50,,Aggregated,49.800000,0.000000,370,510,600,650,770,850,930,980,1100,1300,1300,37902,0,370,399.0523370826095,1.3344819999474566,1336.8014160000712,6.849269167853939
1786200395,50,,Aggregated,51.100000,0.000000,380,510,600,650,770,850,930,980,1100,1300,1300,37960,0,380,399.6102275865664,1.3344819999474566,1336.8014160000712,6.848024236037935
1786200396,50,,Aggregated,51.800000,0.000000,380,520,600,650,770,850,930,980,1100,1300,1300,38014,0,380,400.057415821962,1.3344819999474566,1336.8014160000712,6.847766612300731
1786200397,50,,Aggregated,52.600000,0.000000,380,520,600,650,770,850,930,980,1100,1300,1300,38067,0,380,400.54406723902747,1.3344819999474566,1336.8014160000712,6.847426905193474
1786200398,50,,Aggregated,52.600000,0.000000,380,520,600,650,770,860,940,990,1100,1300,1300,38118,0,380,401.0560247522446,1.3344819999474566,1336.8014160000712,6.847447400178393
1786200399,50,,Aggregated,52.700000,0.000000,380,520,600,650,770,860,940,990,1100,1300,1300,38166,0,380,401.58514864919186,1.3344819999474566,1336.8014160000712,6.848006078708798
1786200400,50,,Aggregated,52.600000,0.000000,380,520,600,650,780,860,940,990,1100,1300,1300,38216,0,380,402.178336453084,1.3344819999474566,1336.8014160000712,6.848466610843626
1786200401,50,,Aggregated,52.300000,0.000000,380,520,600,650,780,860,940,990,1100,1300,1300,38263,0,380,402.7567504503583,1.3344819999474566,1336.8014160000712,6.84972427671641
1786200402,50,,Aggregated,52.300000,0.000000,380,520,600,650,780,860,940,990,1100,1300,1300,38313,0,380,403.3499529778943,1.3344819999474566,1336.8014160000712,6.849659384543106
1786200403,50,,Aggregated,52.000000,0.000000,380,520,600,660,780,860,940,990,1100,1300,1300,38361,0,380,403.8753522809902,1.3344819999474566,1336.8014160000712,6.850212455358307
1786200404,50,,Aggregated,51.900000,0.000000,380,520,600,660,780,860,950,1000,1100,1300,1300,38410,0,380,404.4931921579293,1.3344819999474566,1336.8014160000712,6.850846133819318
1786200405,50,,Aggregated,50.900000,0.000000,380,520,610,660,780,860,950,1000,1100,1300,1300,38460,0,380,405.0274245382232,1.3344819999474566,1336.8014160000712,6.851040041601664
1786200406,50,,Aggregated,50.600000,0.000000,380,520,610,660,780,870,950,1000,1100,1300,1300,38504,0,380,405.5932973205657,1.3344819999474566,1336.8014160000712,6.852301059630168
1786200407,50,,Aggregated,50.000000,0.000000,380,520,610,660,780,870,950,1000,1100,1300,1300,38549,0,380,406.2217612839259,1.3344819999474566,1336.8014160000712,6.853381410672132
1786200408,50,,Aggregated,50.000000,0.000000,380,520,610,660,780,870,950,1000,1100,1300,1300,38600,0,380,406.7697984999756,1.3344819999474566,1336.8014160000712,6.853134715025907
1786200409,50,,Aggregated,48.900000,0.000000,380,520,610,660,780,870,950,1000,1100,1300,1300,38642,0,380,407.2904030166931,1.3344819999474566,1336.8014160000712,6.855002329071994
1786200410,50,,Aggregated,48.200000,0.000000,380,530,610,660,790,870,960,1000,1200,1300,1300,38688,0,380,407.9695455847048,1.3344819999474566,1336.8014160000712,6.856156947890819
1786200411,50,,Aggregated,47.600000,0.000000,380,530,610,660,790,870,960,1000,1200,1300,1300,38744,0,380,408.5522071997745,1.3344819999474566,1345.1095429995803,6.855538922155689
1786200412,50,,Aggregated,47.200000,0.000000,380,530,610,660,790,870,960,1000,1200,1300,1300,38789,0,380,409.04523500309534,1.3344819999474566,1345.1095429995803,6.856093222305293
1786200413,50,,Aggregated,47.900000,0.000000,380,530,610,670,790,870,960,1000,1200,1300,1300,38845,0,380,409.63170671504827,1.3344819999474566,1345.1095429995803,6.855734328742438
1786200414,50,,Aggregated,47.500000,0.000000,390,530,610,670,790,880,960,1000,1200,1300,1300,38887,0,390,410.09804141859877,1.3344819999474566,1345.1095429995803,6.857073057834238
1786200415,50,,Aggregated,47.900000,0.000000,390,530,610,670,790,880,970,1000,1200,1300,1300,38942,0,390,410.71089786117966,1.3344819999474566,1345.1095429995803,6.85611935699245
1786200416,50,,Aggregated,47.900000,0.000000,390,530,610,670,790,880,970,1000,1200,1300,1300,38995,0,390,411.153929755201,1.3344819999474566,1345.1095429995803,6.855519938453648
1786200417,50,,Aggregated,48.200000,0.000000,390,530,620,670,790,880,970,1000,1200,1300,1300,39040,0,390,411.6731485787414,1.3344819999474566,1345.1095429995803,6.856839139344262
1786200418,50,,Aggregated,49.300000,0.000000,390,530,620,670,790,880,970,1000,1200,1300,1300,39089,0,390,412.2505772718171,1.3344819999474566,1345.1095429995803,6.856686024201182
1786200419,50,,Aggregated,49.200000,0.000000,390,530,620,670,790,880,970,1000,1200,1300,1300,39145,0,390,412.7856682185479,1.3344819999474566,1345.1095429995803,6.855818112147145
1786200420,50,,Aggregated,48.700000,0.000000,390,530,620,670,800,880,970,1000,1200,1300,1300,39197,0,390,413.2208751560338,1.3344819999474566,1345.1095429995803,6.8559073398474375
1786200421,50,,Aggregated,50.000000,0.000000,390,530,620,670,800,880,970,1000,1200,1300,1300,39245,0,390,413.75650661228326,1.3344819999474566,1345.1095429995803,6.85694992992738
1786200422,50,,Aggregated,50.700000,0.000000,390,530,620,670,800,880,970,1000,1200,1300,1300,39296,0,390,414.29225175310614,1.3344819999474566,1345.1095429995803,6.856448493485342
1786200423,50,,Aggregated,49.800000,0.000000,390,530,620,670,800,890,970,1000,1200,1300,1300,39346,0,390,414.8285719913093,1.3344819999474566,1345.1095429995803,6.856885070909368
1786200424,50,,Aggregated,50.300000,0.000000,390,540,620,680,800,890,980,1000,1200,1300,1300,39396,0,390,415.39038747289214,1.3344819999474566,1345.1095429995803,6.856812874403492
1786200425,50,,Aggregated,50.100000,0.000000,390,540,620,680,800,890,980,1000,1200,1300,1300,39449,0,390,415.9032364813572,1.3344819999474566,1345.1095429995803,6.855965930695328
1786200426,50,,Aggregated,50.500000,0.000000,390,540,620,680,800,890,980,1000,1200,1300,1300,39495,0,390,416.3570082309676,1.3344819999474566,1345.1095429995803,6.856589441701481
1786200427,50,,Aggregated,50.600000,0.000000,390,540,620,680,800,890,980,1000,1200,1300,1300,39544,0,390,416.9372895859313,1.3344819999474566,1345.1095429995803,6.856944163463484
1786200428,50,,Aggregated,49.600000,0.000000,390,540,630,680,800,890,980,1000,1200,1300,1300,39591,0,390,417.495276525121,1.3344819999474566,1345.1095429995803,6.857391831476851
1786200429,50,,Aggregated,50.200000,0.000000,390,540,630,680,810,890,980,1000,1200,1300,1300,39635,0,390,418.10896491257904,1.3344819999474566,1345.1095429995803,6.858862116815946
1786200430,50,,Aggregated,50.200000,0.000000,390,540,630,680,810,890,980,1000,1200,1300,1300,39679,0,390,418.6294934773575,1.3344819999474566,1345.1095429995803,6.859825096398599
1786200431,50,,Aggregated,48.900000,0.000000,390,540,630,680,810,890,980,1000,1200,1300,1300,39733,0,390,419.2367180433159,1.3344819999474566,1345.1095429995803,6.859059220295472
1786200432,50,,Aggregated,48.200000,0.000000,390,540,630,680,810,900,980,1000,1200,1300,1300,39782,0,390,419.6150442398842,1.3344819999474566,1345.1095429995803,6.859157407872908
1786200433,50,,Aggregated,49.200000,0.000000,400,540,630,680,810,900,980,1000,1200,1300,1300,39838,0,400,420.10833021527367,1.3344819999474566,1345.1095429995803,6.858301119534113
1786200434,50,,Aggregated,48.600000,0.000000,400,540,630,680,810,900,980,1000,1200,1300,1300,39889,0,400,420.6229988014258,1.3344819999474566,1345.1095429995803,6.858306801373812
1786200435,50,,Aggregated,49.200000,0.000000,400,540,630,680,810,900,990,1000,1200,1300,1300,39935,0,400,421.0898727195961,1.3344819999474566,1345.1095429995803,6.858920746212595
1786200436,50,,Aggregated,49.500000,0.000000,400,540,630,690,810,900,990,1000,1200,1300,1300,39990,0,400,421.6109573973011,1.3344819999474566,1345.1095429995803,6.858239559889973
1786200437,50,,Aggregated,48.500000,0.000000,400,540,630,690,810,900,990,1000,1200,1300,1300,40031,0,400,422.00841788139354,1.3344819999474566,1345.1095429995803,6.8592091129374735
1786200438,50,,Aggregated,49.400000,0.000000,400,540,630,690,810,900,990,1000,1200,1300,1300,40087,0,400,422.66806285012785,1.3344819999474566,1345.1095429995803,6.85860752862524
1786200439,50,,Aggregated,48.800000,0.000000,400,550,630,690,810,900,990,1000,1200,1300,1300,40143,0,400,423.09979491592765,1.3344819999474566,1345.1095429995803,6.857260294447351
1786200440,50,,Aggregated,49.300000,0.000000,400,550,630,690,820,900,990,1000,1200,1300,1300,40196,0,400,423.58616790160926,1.3344819999474566,1345.1095429995803,6.857174843267987
1786200441,50,,Aggregated,50.800000,0.000000,400,550,630,690,820,900,990,1000,1200,1300,1300,40237,0,400,423.96493348609687,1.3344819999474566,1345.1095429995803,6.858637572383627
1786200442,50,,Aggregated,51.200000,0.000000,400,550,640,690,820,900,990,1000,1200,1300,1300,40287,0,400,424.6723011129168,1.3344819999474566,1345.1095429995803,6.858813016605853
1786200443,50,,Aggregated,50.100000,0.000000,400,550,640,690,820,910,990,1100,1200,1300,1300,40332,0,400,425.20238717948735,1.3344819999474566,1345.1095429995803,6.859590399682634
1786200444,50,,Aggregated,50.400000,0.000000,400,550,640,690,820,910,1000,1100,1200,1300,1300,40376,0,400,425.7162244149516,1.3344819999474566,1345.1095429995803,6.8605359619575985
1786200445,50,,Aggregated,49.300000,0.000000,400,550,640,690,820,910,1000,1100,1200,1300,1300,40421,0,400,426.3536423453672,1.3344819999474566,1345.1095429995803,6.860814922936098
1786200446,50,,Aggregated,48.200000,0.000000,400,550,640,690,820,910,1000,1100,1200,1300,1300,40471,0,400,426.81744201250484,1.3344819999474566,1345.1095429995803,6.861233970003212
1786200447,50,,Aggregated,48.500000,0.000000,400,550,640,700,820,910,1000,1100,1200,1300,1300,40517,0,400,427.40190225972,1.3344819999474566,1345.1095429995803,6.861835772638646
1786200448,50,,Aggregated,47.900000,0.000000,400,550,640,700,820,910,1000,1100,1200,1300,1300,40570,0,400,427.9247469182171,1.3344819999474566,1345.1095429995803,6.861498644318462
1786200449,50,,Aggregated,48.100000,0.000000,400,550,640,700,820,910,1000,1100,1200,1300,1300,40628,0,400,428.2955461723457,1.3344819999474566,1345.1095429995803,6.859825735945654
1786200450,50,,Aggregated,47.800000,0.000000,400,550,640,700,830,910,1000,1100,1200,1300,1300,40676,0,400,428.7066146828613,1.3344819999474566,1345.1095429995803,6.859597797226866
1786200451,50,,Aggregated,48.000000,0.000000,400,550,640,700,830,910,1000,1100,1200,1300,1300,40720,0,400,429.19810822885705,1.3344819999474566,1345.1095429995803,6.86028978388998
1786200452,50,,Aggregated,48.400000,0.000000,410,550,640,700,830,910,1000,1100,1200,1300,1300,40776,0,400,429.74096235830024,1.3344819999474566,1345.1095429995803,6.858961153619776
1786200453,50,,Aggregated,48.200000,0.000000,410,560,640,700,830,920,1000,1100,1200,1300,1300,40823,0,410,430.24320581079394,1.3344819999474566,1345.1095429995803,6.859637949195307
1786200454,50,,Aggregated,48.700000,0.000000,410,560,640,700,830,920,1000,1100,1200,1300,1300,40864,0,410,430.7352254498347,1.3344819999474566,1345.1095429995803,6.860586335160533
1786200455,50,,Aggregated,48.800000,0.000000,410,560,650,700,830,920,1000,1100,1200,1300,1300,40914,0,410,431.32933246700503,1.3344819999474566,1345.1095429995803,6.860756709194897
1786200456,50,,Aggregated,49.100000,0.000000,410,560,650,700,830,920,1000,1100,1200,1300,1300,40961,0,410,431.82164987041443,1.3344819999474566,1345.1095429995803,6.860940894997681
1786200457,50,,Aggregated,49.000000,0.000000,410,560,650,700,830,920,1000,1100,1200,1300,1400,41012,0,410,432.3271799758618,1.3344819999474566,1367.103097999916,6.860211645372086
1786200458,50,,Aggregated,48.900000,0.000000,410,560,650,700,830,920,1000,1100,1200,1300,1400,41052,0,410,432.79817194036923,1.3344819999474566,1367.103097999916,6.861809412452499
1786200459,50,,Aggregated,49.800000,0.000000,410,560,650,700,830,920,1000,1100,1200,1300,1400,41106,0,410,433.40928635286934,1.3344819999474566,1367.103097999916,6.8613097844596895
1786200460,50,,Aggregated,48.700000,0.000000,410,560,650,710,840,920,1000,1100,1200,1300,1400,41154,0,410,433.8167151115332,1.3344819999474566,1367.103097999916,6.861811731544929
1786200461,50,,Aggregated,47.900000,0.000000,410,560,650,710,840,930,1000,1100,1200,1300,1400,41213,0,410,434.3238834001653,1.3344819999474566,1367.103097999916,6.859752990561231
1786200462,50,,Aggregated,47.500000,0.000000,410,560,650,710,840,930,1000,1100,1200,1300,1400,41258,0,410,434.73849576789974,1.3344819999474566,1367.103097999916,6.860027146250424
1786200463,50,,Aggregated,49.100000,0.000000,410,560,650,710,840,930,1000,1100,1200,1300,1400,41298,0,410,435.2018760791566,1.3344819999474566,1367.103097999916,6.8608891471741975
1786200464,50,,Aggregated,47.900000,0.000000,410,560,650,710,840,930,1000,1100,1200,1300,1400,41353,0,410,435.76310033581603,1.3344819999474566,1367.103097999916,6.859502333567093
1786200465,50,,Aggregated,47.900000,0.000000,410,560,650,710,840,930,1000,1100,1200,1300,1400,41409,0,410,436.18768428433407,1.3344819999474566,1367.103097999916,6.858436571759762
1786200466,50,,Aggregated,48.900000,0.000000,410,560,650,710,840,930,1000,1100,1200,1300,1400,41460,0,410,436.6033498707669,1.3344819999474566,1367.103097999916,6.85844187168355
1786200467,50,,Aggregated,49.400000,0.000000,410,560,650,710,840,930,1000,1100,1200,1300,1400,41511,0,410,437.13581099563964,1.3344819999474566,1367.103097999916,6.8582062585820625
1786200468,50,,Aggregated,49.500000,0.000000,410,570,650,710,840,930,1000,1100,1200,1300,1400,41553,0,410,437.6153727284435,1.3344819999474566,1367.103097999916,6.858975284576324
1786200469,50,,Aggregated,49.400000,0.000000,410,570,660,710,840,930,1000,1100,1200,1300,1400,41608,0,410,438.05338954878874,1.3344819999474566,1367.103097999916,6.857359161699673
1786200470,50,,Aggregated,49.600000,0.000000,410,570,660,710,840,930,1000,1100,1200,1300,1400,41653,0,410,438.5829019261039,1.3344819999474566,1367.103097999916,6.858113461215279
1786200471,50,,Aggregated,50.100000,0.000000,410,570,660,710,840,940,1000,1100,1200,1300,1400,41703,0,410,439.0612113820831,1.3344819999474566,1367.103097999916,6.8575642040141
1786200472,50,,Aggregated,49.600000,0.000000,410,570,660,710,840,940,1000,1100,1200,1300,1400,41744,0,410,439.4488231692464,1.3344819999474566,1367.103097999916,6.858973744729782
1786200473,50,,Aggregated,49.100000,0.000000,420,570,660,710,850,940,1000,1100,1200,1300,1400,41803,0,420,440.0725166978453,1.3344819999474566,1411.4187730001504,6.856948065928282
1786200474,50,,Aggregated,49.200000,0.000000,420,570,660,720,850,940,1000,1100,1200,1300,1400,41850,0,420,440.46400504341733,1.3344819999474566,1411.4187730001504,6.857610513739546
1786200475,50,,Aggregated,49.500000,0.000000,420,570,660,720,850,940,1000,1100,1200,1300,1400,41906,0,420,440.8776820797028,1.3344819999474566,1411.4187730001504,6.855844031880876
1786200476,50,,Aggregated,49.300000,0.000000,420,570,660,720,850,940,1000,1100,1200,1300,1400,41955,0,420,441.34501318155213,1.3344819999474566,1411.4187730001504,6.8559408890477895
1786200477,50,,Aggregated,49.800000,0.000000,420,570,660,720,850,940,1000,1100,1200,1300,1400,41997,0,420,441.8044429205186,1.3344819999474566,1411.4187730001504,6.856942162535419
1786200478,50,,Aggregated,49.300000,0.000000,420,570,660,720,850,940,1000,1100,1200,1300,1400,42041,0,420,442.34144689234364,1.3344819999474566,1411.4187730001504,6.857853048214838
1786200479,50,,Aggregated,48.700000,0.000000,420,570,660,720,850,940,1000,1100,1200,1300,1400,42087,0,420,442.8606819458269,1.3344819999474566,1411.4187730001504,6.857723287475943
1786200480,50,,Aggregated,48.900000,0.000000,420,570,660,720,850,940,1000,1100,1200,1300,1400,42132,0,420,443.3637415212192,1.3344819999474566,1411.4187730001504,6.8589433209911705
1786200481,50,,Aggregated,48.300000,0.000000,420,570,670,720,850,950,1000,1100,1200,1300,1400,42182,0,420,443.9116220978381,1.3344819999474566,1411.4187730001504,6.858399317244322
1786200482,50,,Aggregated,48.200000,0.000000,420,570,670,720,850,950,1000,1100,1200,1300,1400,42230,0,420,444.45474960814636,1.3344819999474566,1411.4187730001504,6.858891783092588
1786200483,50,,Aggregated,47.900000,0.000000,420,580,670,720,850,950,1000,1100,1200,1300,1400,42269,0,420,444.961534680239,1.3344819999474566,1411.4187730001504,6.859660744280679
1786200484,50,,Aggregated,47.900000,0.000000,420,580,670,720,860,950,1000,1100,1200,1300,1400,42308,0,420,445.5076749375536,1.3344819999474566,1411.4187730001504,6.8611373735463745
1786200485,50,,Aggregated,47.200000,0.000000,420,580,670,730,860,950,1000,1100,1200,1300,1400,42356,0,420,446.1546253250544,1.3344819999474566,1411.4187730001504,6.861153083388422
1786200486,50,,Aggregated,46.100000,0.000000,420,580,670,730,860,950,1000,1100,1200,1300,1400,42403,0,420,446.56621623632816,1.3344819999474566,1411.4187730001504,6.8608589014928185
1786200487,50,,Aggregated,44.900000,0.000000,420,580,670,730,860,950,1000,1100,1200,1300,1400,42445,0,420,447.08732890406463,1.3344819999474566,1411.4187730001504,6.862080339262575
1786200488,50,,Aggregated,45.400000,0.000000,420,580,670,730,860,950,1000,1100,1200,1300,1400,42490,0,420,447.63919414466994,1.3344819999474566,1411.4187730001504,6.861873381972229
1786200489,50,,Aggregated,44.900000,0.000000,420,580,670,730,860,960,1000,1100,1200,1300,1400,42532,0,420,448.1551513561325,1.3344819999474566,1411.4187730001504,6.8630913194771
1786200490,50,,Aggregated,44.800000,0.000000,420,580,670,730,860,960,1000,1100,1200,1300,1400,42577,0,420,448.7188632308061,1.3344819999474566,1443.3779930000128,6.863823190924678
1786200491,50,,Aggregated,44.100000,0.000000,420,580,670,730,860,960,1100,1100,1200,1300,1400,42621,0,420,449.2323071364594,1.3344819999474566,1443.3779930000128,6.864479951197766
1786200492,50,,Aggregated,44.200000,0.000000,420,580,670,730,860,960,1100,1100,1200,1300,1400,42669,0,420,449.815013527972,1.3344819999474566,1443.3779930000128,6.864491785605475
1786200493,50,,Aggregated,43.600000,0.000000,430,580,670,730,860,960,1100,1100,1200,1300,1400,42720,0,430,450.2220383633201,1.3344819999474566,1443.3779930000128,6.863553370786517
1786200494,50,,Aggregated,43.800000,0.000000,430,580,680,730,860,960,1100,1100,1200,1300,1400,42760,0,430,450.66079787855523,1.3344819999474566,1443.3779930000128,6.8646164639850324
1786200495,50,,Aggregated,45.200000,0.000000,430,580,680,730,870,960,1100,1100,1300,1300,1400,42810,0,430,451.2331045307179,1.3344819999474566,1443.3779930000128,6.86430740481196
1786200496,50,,Aggregated,45.000000,0.000000,430,580,680,730,870,960,1100,1100,1300,1300,1400,42856,0,430,451.71343310705697,1.3344819999474566,1443.3779930000128,6.864406384170245
1786200497,50,,Aggregated,45.300000,0.000000,430,580,680,730,870,960,1100,1100,1300,1300,1400,42895,0,430,452.19861433472533,1.3344819999474566,1443.3779930000128,6.865392236857443
1786200498,50,,Aggregated,44.900000,0.000000,430,580,680,740,870,970,1100,1100,1300,1400,1400,42942,0,430,452.8004380150448,1.3344819999474566,1443.3779930000128,6.865795724465558
1786200499,50,,Aggregated,45.200000,0.000000,430,590,680,740,870,970,1100,1100,1300,1400,1400,42993,0,430,453.2773974598902,1.3344819999474566,1443.3779930000128,6.865326913683623
1786200500,50,,Aggregated,45.100000,0.000000,430,590,680,740,870,970,1100,1100,1300,1400,1400,43040,0,430,453.729166280136,1.3344819999474566,1443.3779930000128,6.8650325278810405
1786200501,50,,Aggregated,45.900000,0.000000,430,590,680,740,870,970,1100,1100,1300,1400,1400,43088,0,430,454.2531612229866,1.3344819999474566,1443.3779930000128,6.8645794652803565
1786200502,50,,Aggregated,46.000000,0.000000,430,590,680,740,870,970,1100,1100,1300,1400,1400,43131,0,430,454.68567709128087,1.3344819999474566,1443.3779930000128,6.864923141128191
1786200503,50,,Aggregated,46.300000,0.000000,430,590,680,740,870,970,1100,1100,1300,1400,1400,43181,0,430,455.1602995368573,1.3344819999474566,1443.3779930000128,6.864616382205137
1786200504,50,,Aggregated,46.600000,0.000000,430,590,680,740,870,970,1100,1100,1300,1400,1400,43231,0,430,455.64398881666006,1.3344819999474566,1443.3779930000128,6.863847701880595
1786200505,50,,Aggregated,46.000000,0.000000,430,590,680,740,870,970,1100,1100,1300,1400,1400,43278,0,430,456.0599884477572,1.3344819999474566,1443.3779930000128,6.8640186699939925
1786200506,50,,Aggregated,46.800000,0.000000,430,590,680,740,870,970,1100,1100,1300,1400,1400,43324,0,430,456.521209359409,1.3344819999474566,1443.3779930000128,6.864116886714061
1786200507,50,,Aggregated,46.700000,0.000000,430,590,690,740,880,980,1100,1100,1300,1400,1400,43366,0,430,456.9592837129324,1.3344819999474566,1443.3779930000128,6.864386846838537
1786200508,50,,Aggregated,46.800000,0.000000,430,590,690,740,880,980,1100,1100,1300,1400,1400,43412,0,430,457.49576223712387,1.3344819999474566,1443.3779930000128,6.864484474338893
1786200509,50,,Aggregated,47.000000,0.000000,430,590,690,740,880,980,1100,1100,1300,1400,1400,43451,0,430,458.0018067608116,1.3344819999474566,1443.3779930000128,6.865687786241974
1786200510,50,,Aggregated,46.800000,0.000000,430,590,690,740,880,980,1100,1100,1300,1400,1400,43504,0,430,458.59161029181297,1.3344819999474566,1443.3779930000128,6.865138837808018
1786200511,50,,Aggregated,46.200000,0.000000,430,590,690,750,880,980,1100,1100,1300,1400,1400,43553,0,430,459.02915178717944,1.3344819999474566,1443.3779930000128,6.864992078616858
1786200512,50,,Aggregated,46.200000,0.000000,430,590,690,750,880,980,1100,1100,1300,1400,1400,43595,0,430,459.44746645436464,1.3344819999474566,1443.3779930000128,6.865718545704783
1786200513,50,,Aggregated,46.200000,0.000000,430,590,690,750,880,980,1100,1100,1300,1400,1400,43636,0,430,459.9561831796689,1.3344819999474566,1443.3779930000128,6.866142634521954
1786200514,50,,Aggregated,46.200000,0.000000,440,590,690,750,880,980,1100,1100,1300,1400,1400,43685,0,440,460.4859100313159,1.3344819999474566,1443.3779930000128,6.865766281332265
1786200515,50,,Aggregated,45.400000,0.000000,440,600,690,750,880,980,1100,1100,1300,1400,1400,43725,0,440,460.9307058070448,1.3344819999474566,1443.3779930000128,6.867032590051458
1786200516,50,,Aggregated,45.400000,0.000000,440,600,690,750,880,980,1100,1100,1300,1400,1400,43770,0,440,461.48784059449446,1.3344819999474566,1443.3779930000128,6.867055060543751
1786200517,50,,Aggregated,44.600000,0.000000,440,600,690,750,890,990,1100,1100,1300,1400,1400,43811,0,440,461.9853683049241,1.3344819999474566,1443.3779930000128,6.868160964141426
1786200518,50,,Aggregated,44.700000,0.000000,440,600,690,750,890,990,1100,1100,1300,1400,1400,43854,0,440,462.5166648952668,1.3344819999474566,1443.3779930000128,6.868495462215534
1786200519,50,,Aggregated,44.000000,0.000000,440,600,700,750,890,990,1100,1100,1300,1400,1400,43899,0,440,463.10801638317577,1.3344819999474566,1443.3779930000128,6.869199753980729
1786200520,50,,Aggregated,44.500000,0.000000,440,600,700,750,890,990,1100,1100,1300,1400,1400,43940,0,440,463.5901428969971,1.3344819999474566,1443.3779930000128,6.8693900773782435
1786200521,50,,Aggregated,44.100000,0.000000,440,600,700,750,890,990,1100,1100,1300,1400,1500,43982,0,440,464.115960169525,1.3344819999474566,1463.738323999678,6.870105952435087
1786200522,50,,Aggregated,43.800000,0.000000,440,600,700,750,890,990,1100,1100,1300,1400,1500,44031,0,440,464.64558903422693,1.3344819999474566,1463.738323999678,6.86995525879494
1786200523,50,,Aggregated,43.400000,0.000000,440,600,700,750,890,990,1100,1100,1300,1400,1500,44068,0,440,465.0569100758612,1.3344819999474566,1463.738323999678,6.870994826177725
1786200524,50,,Aggregated,43.300000,0.000000,440,600,700,760,890,1000,1100,1100,1300,1400,1500,44119,0,440,465.67024208780913,1.3344819999474566,1463.738323999678,6.870078650921371
1786200525,50,,Aggregated,43.000000,0.000000,440,600,700,760,890,1000,1100,1100,1300,1400,1500,44174,0,440,465.93790815325883,1.3344819999474566,1463.738323999678,6.868995336623353
1786200526,50,,Aggregated,42.800000,0.000000,440,600,700,760,890,1000,1100,1100,1300,1400,1500,44214,0,440,466.39402075066823,1.3344819999474566,1463.738323999678,6.869566200750893
1786200527,50,,Aggregated,44.900000,0.000000,440,600,700,760,890,1000,1100,1100,1300,1400,1500,44255,0,440,466.90718748871393,1.3344819999474566,1463.738323999678,6.870432719466727
1786200528,50,,Aggregated,44.200000,0.000000,440,600,700,760,890,1000,1100,1100,1300,1400,1500,44304,0,440,467.41063008462055,1.3344819999474566,1463.738323999678,6.8696054532322135
1786200529,50,,Aggregated,44.500000,0.000000,440,600,700,760,900,1000,1100,1100,1300,1400,1500,44353,0,440,467.8827783275993,1.3344819999474566,1467.0888890000242,6.86945640655649
1786200530,50,,Aggregated,44.900000,0.000000,440,600,700,760,900,1000,1100,1100,1300,1400,1500,44395,0,440,468.32287224480257,1.3344819999474566,1467.0888890000242,6.870165559184593
1786200531,50,,Aggregated,45.400000,0.000000,440,610,700,760,900,1000,1100,1100,1300,1400,1500,44444,0,440,468.7290389958602,1.3344819999474566,1467.0888890000242,6.869341193411934
1786200532,50,,Aggregated,45.300000,0.000000,440,610,700,760,900,1000,1100,1100,1300,1400,1500,44488,0,440,469.14795513585705,1.3344819999474566,1467.0888890000242,6.869290595216688
1786200533,50,,Aggregated,46.100000,0.000000,440,610,710,760,900,1000,1100,1100,1300,1400,1500,44531,0,440,469.63375357586875,1.3344819999474566,1467.0888890000242,6.869618917158833
1786200534,50,,Aggregated,46.200000,0.000000,440,610,710,760,900,1000,1100,1100,1300,1400,1500,44571,0,440,470.17383839563854,1.3344819999474566,1467.0888890000242,6.870633371474725
1786200535,50,,Aggregated,46.300000,0.000000,450,610,710,760,900,1000,1100,1100,1300,1400,1500,44623,0,450,470.7419452302627,1.3344819999474566,1477.208324000003,6.8695739865092
1786200536,50,,Aggregated,45.800000,0.000000,450,610,710,760,900,1000,1100,1100,1300,1400,1500,44673,0,450,471.10844335283065,1.3344819999474566,1477.208324000003,6.8692722673650755
1786200537,50,,Aggregated,44.500000,0.000000,450,610,710,760,900,1000,1100,1100,1300,1400,1500,44711,0,450,471.56611846514255,1.3344819999474566,1477.208324000003,6.870143812484623
1786200538,50,,Aggregated,45.500000,0.000000,450,610,710,760,900,1000,1100,1100,1300,1400,1500,44764,0,450,472.0525074578897,1.3344819999474566,1477.208324000003,6.868934858368331
1786200539,50,,Aggregated,45.100000,0.000000,450,610,710,770,900,1000,1100,1100,1300,1400,1500,44804,0,450,472.4294375894555,1.3344819999474566,1477.208324000003,6.869721453441657
1786200540,50,,Aggregated,45.000000,0.000000,450,610,710,770,910,1000,1100,1100,1300,1400,1500,44854,0,450,473.0377909459128,1.3344819999474566,1477.208324000003,6.869197841887011
1786200541,50,,Aggregated,45.300000,0.000000,450,610,710,770,910,1000,1100,1100,1300,1400,1500,44897,0,450,473.3807191678501,1.3344819999474566,1477.208324000003,6.869300844154398
1786200542,50,,Aggregated,45.800000,0.000000,450,610,710,770,910,1000,1100,1100,1300,1400,1500,44935,0,450,473.8610584996767,1.3344819999474566,1477.208324000003,6.87061310782241
1786200543,50,,Aggregated,45.300000,0.000000,450,610,710,770,910,1000,1100,1200,1300,1400,1500,44985,0,450,474.3790123759469,1.3344819999474566,1477.208324000003,6.869645437368011
1786200544,50,,Aggregated,44.400000,0.000000,450,610,710,770,910,1000,1100,1200,1300,1400,1500,45027,0,450,474.81300280966906,1.3344819999474566,1477.208324000003,6.870566548959514
1786200545,50,,Aggregated,45.400000,0.000000,450,610,710,770,910,1000,1100,1200,1300,1400,1500,45065,0,450,475.3432706852761,1.3344819999474566,1477.208324000003,6.871430156440697
1786200546,50,,Aggregated,45.300000,0.000000,450,610,710,770,910,1000,1100,1200,1300,1400,1500,45102,0,450,475.86841155895456,1.3344819999474566,1477.208324000003,6.8726664006030775
1786200547,50,,Aggregated,44.600000,0.000000,450,620,710,770,910,1000,1100,1200,1300,1500,1600,45149,0,450,476.5470445261684,1.3344819999474566,1631.7156559998693,6.872599614609404
1786200548,50,,Aggregated,43.600000,0.000000,450,620,710,770,910,1000,1100,1200,1300,1500,1600,45199,0,450,476.93377876472897,1.3344819999474566,1631.7156559998693,6.871634328193101
1786200549,50,,Aggregated,44.000000,0.000000,450,620,720,770,910,1000,1100,1200,1300,1500,1600,45251,0,450,477.3066455888924,1.3344819999474566,1631.7156559998693,6.870588495281872
1786200550,50,,Aggregated,44.000000,0.000000,450,620,720,770,910,1000,1100,1200,1300,1500,1600,45301,0,450,477.6434479275505,1.3344819999474566,1631.7156559998693,6.8696276020396905
1786200551,50,,Aggregated,44.400000,0.000000,450,620,720,770,910,1000,1100,1200,1300,1500,1600,45343,0,450,478.0796535023258,1.3344819999474566,1631.7156559998693,6.870101228414529
1786200552,50,,Aggregated,44.600000,0.000000,450,620,720,780,920,1000,1100,1200,1300,1500,1600,45385,0,450,478.54898023694955,1.3344819999474566,1631.7156559998693,6.870794315302413
1786200553,50,,Aggregated,44.400000,0.000000,450,620,720,780,920,1000,1100,1200,1300,1500,1600,45422,0,450,479.0785884858871,1.3344819999474566,1631.7156559998693,6.871582052749769
1786200554,50,,Aggregated,45.100000,0.000000,450,620,720,780,920,1000,1100,1200,1300,1500,1600,45463,0,450,479.6043382942385,1.3344819999474566,1631.7156559998693,6.872423729186371
1786200555,50,,Aggregated,43.500000,0.000000,450,620,720,780,920,1000,1100,1200,1300,1500,1600,45508,0,450,480.1637144094215,1.3344819999474566,1631.7156559998693,6.872659752131494
1786200556,50,,Aggregated,43.700000,0.000000,460,620,720,780,920,1000,1100,1200,1300,1500,1600,45555,0,460,480.6188373575447,1.3344819999474566,1631.7156559998693,6.871715508725716
1786200557,50,,Aggregated,43.400000,0.000000,460,620,720,780,920,1000,1100,1200,1300,1500,1600,45601,0,460,481.0222039430046,1.3344819999474566,1631.7156559998693,6.871801056994364
1786200558,50,,Aggregated,44.700000,0.000000,460,620,720,780,920,1000,1100,1200,1300,1500,1600,45642,0,460,481.45692218804953,1.3344819999474566,1631.7156559998693,6.871762850006573
1786200559,50,,Aggregated,45.000000,0.000000,460,620,720,780,920,1000,1100,1200,1300,1500,1600,45689,0,460,481.9311942346728,1.3344819999474566,1631.7156559998693,6.871478911773075
1786200560,50,,Aggregated,44.200000,0.000000,460,620,720,780,920,1000,1100,1200,1300,1500,1600,45736,0,460,482.39311213523183,1.3344819999474566,1631.7156559998693,6.871195557110372
1786200561,50,,Aggregated,43.900000,0.000000,460,620,720,780,920,1000,1100,1200,1300,1500,1600,45778,0,460,482.80778764771213,1.3344819999474566,1631.7156559998693,6.871444798811656
1786200562,50,,Aggregated,43.400000,0.000000,460,620,720,780,930,1000,1100,1200,1300,1500,1600,45826,0,460,483.2743201940375,1.3344819999474566,1631.7156559998693,6.87123030593986
1786200563,50,,Aggregated,43.300000,0.000000,460,630,730,780,930,1000,1100,1200,1300,1500,1600,45874,0,460,483.7047388180005,1.3344819999474566,1631.7156559998693,6.8707982735318485
1786200564,50,,Aggregated,43.300000,0.000000,460,630,730,780,930,1000,1100,1200,1300,1500,1600,45918,0,460,484.1706187702634,1.3344819999474566,1631.7156559998693,6.870094516311686
1786200565,50,,Aggregated,44.500000,0.000000,460,630,730,780,930,1000,1100,1200,1300,1500,1600,45961,0,460,484.5379327863395,1.3344819999474566,1631.7156559998693,6.869976719392528
1786200566,50,,Aggregated,44.500000,0.000000,460,630,730,780,930,1000,1100,1200,1300,1500,1600,46010,0,460,484.98863720497667,1.3344819999474566,1631.7156559998693,6.869832645077157
1786200567,50,,Aggregated,45.400000,0.000000,460,630,730,780,930,1000,1100,1200,1300,1500,1600,46052,0,460,485.4403952539298,1.3344819999474566,1631.7156559998693,6.870081646834014
1786200568,50,,Aggregated,45.500000,0.000000,460,630,730,790,930,1000,1100,1200,1300,1500,1600,46093,0,460,485.9653511924369,1.3344819999474566,1631.7156559998693,6.870696201158528
1786200569,50,,Aggregated,45.200000,0.000000,460,630,730,790,930,1000,1100,1200,1300,1500,1600,46133,0,460,486.4712330200718,1.3344819999474566,1631.7156559998693,6.871675373376975
1786200570,50,,Aggregated,44.900000,0.000000,460,630,730,790,930,1000,1100,1200,1300,1500,1600,46175,0,460,486.96527152428746,1.3344819999474566,1631.7156559998693,6.871705468327017
1786200571,50,,Aggregated,44.000000,0.000000,460,630,730,790,930,1000,1100,1200,1300,1500,1600,46221,0,460,487.45003989429006,1.3344819999474566,1631.7156559998693,6.871357175309924
1786200572,50,,Aggregated,44.100000,0.000000,460,630,730,790,940,1000,1100,1200,1300,1500,1600,46265,0,460,487.8835865928019,1.3344819999474566,1631.7156559998693,6.871306603263807
1786200573,50,,Aggregated,44.000000,0.000000,460,630,730,790,940,1000,1100,1200,1300,1500,1600,46314,0,460,488.2797637204726,1.3344819999474566,1631.7156559998693,6.8707302327589925
1786200574,50,,Aggregated,44.300000,0.000000,460,630,730,790,940,1000,1100,1200,1300,1500,1600,46352,0,460,488.6839709547587,1.3344819999474566,1631.7156559998693,6.871569727304108
1786200575,50,,Aggregated,44.300000,0.000000,460,630,730,790,940,1000,1100,1200,1300,1500,1600,46403,0,460,489.2160467057945,1.3344819999474566,1631.7156559998693,6.871129021830485
1786200576,50,,Aggregated,44.400000,0.000000,460,630,730,790,940,1000,1100,1200,1300,1500,1600,46438,0,460,489.62193728969766,1.3344819999474566,1631.7156559998693,6.8717645032085795
1786200577,50,,Aggregated,44.000000,0.000000,460,630,730,790,940,1000,1100,1200,1300,1500,1600,46489,0,460,490.16436495063317,1.3344819999474566,1631.7156559998693,6.871109294671858
1786200578,50,,Aggregated,43.000000,0.000000,460,630,740,790,940,1000,1100,1200,1300,1500,1600,46541,0,460,490.5332498562986,1.3344819999474566,1631.7156559998693,6.869663307621237
1786200579,50,,Aggregated,43.000000,0.000000,470,630,740,790,940,1000,1100,1200,1300,1500,1600,46579,0,470,490.8582845321069,1.3344819999474566,1631.7156559998693,6.870499581356405
1786200580,50,,Aggregated,44.400000,0.000000,470,640,740,790,940,1000,1100,1200,1400,1500,1600,46618,0,470,491.44052879035985,1.3344819999474566,1631.7156559998693,6.871616113947402
1786200581,50,,Aggregated,44.700000,0.000000,470,640,740,800,940,1000,1100,1200,1400,1500,1600,46660,0,470,491.9245507781822,1.3344819999474566,1631.7156559998693,6.87186026575225
1786200582,50,,Aggregated,44.000000,0.000000,470,640,740,800,950,1000,1100,1200,1400,1500,1600,46703,0,470,492.43051626644933,1.3344819999474566,1631.7156559998693,6.871956833608119
1786200583,50,,Aggregated,44.200000,0.000000,470,640,740,800,950,1100,1100,1200,1400,1500,1600,46746,0,470,492.90097137205277,1.3344819999474566,1631.7156559998693,6.872053223805246
1786200584,50,,Aggregated,43.500000,0.000000,470,640,740,800,950,1100,1100,1200,1400,1500,1600,46791,0,470,493.2896886819896,1.3344819999474566,1631.7156559998693,6.871428266119553
1786200585,50,,Aggregated,42.900000,0.000000,470,640,740,800,950,1100,1100,1200,1400,1500,1600,46837,0,470,493.7214742818706,1.3344819999474566,1631.7156559998693,6.870871319683157
1786200586,50,,Aggregated,43.100000,0.000000,470,640,740,800,950,1100,1100,1200,1400,1500,1600,46878,0,470,494.1154986794867,1.3344819999474566,1631.7156559998693,6.8712615725926875
1786200587,50,,Aggregated,43.300000,0.000000,470,640,740,800,950,1100,1100,1200,1400,1500,1600,46920,0,470,494.5459119839509,1.3344819999474566,1631.7156559998693,6.871717817561807
1786200588,50,,Aggregated,43.800000,0.000000,470,640,740,800,950,1100,1100,1200,1400,1500,1600,46958,0,470,495.0476193866642,1.3344819999474566,1631.7156559998693,6.872971591635078
1786200589,50,,Aggregated,43.900000,0.000000,470,640,740,800,950,1100,1100,1200,1400,1500,1600,46996,0,470,495.5994230248316,1.3344819999474566,1631.7156559998693,6.873584985956252
1786200590,50,,Aggregated,42.100000,0.000000,470,640,740,800,950,1100,1100,1200,1400,1500,1600,47031,0,470,496.05678317394876,1.3344819999474566,1631.7156559998693,6.874635878463141
1786200591,50,,Aggregated,41.800000,0.000000,470,640,740,800,950,1100,1100,1200,1400,1500,1600,47071,0,470,496.63595094948016,1.3344819999474566,1631.7156559998693,6.8753797454908545
1786200592,50,,Aggregated,41.500000,0.000000,470,640,740,800,950,1100,1200,1200,1400,1500,1600,47119,0,470,497.15641297962566,1.3344819999474566,1631.7156559998693,6.87495490141981
1786200593,50,,Aggregated,41.100000,0.000000,470,640,740,800,960,1100,1200,1200,1400,1500,1600,47151,0,470,497.5200758852833,1.3344819999474566,1631.7156559998693,6.876227439502874
1786200594,50,,Aggregated,40.900000,0.000000,470,640,750,800,960,1100,1200,1200,1400,1500,1600,47188,0,470,498.0404603335379,1.3344819999474566,1631.7156559998693,6.876981435958294
1786200595,50,,Aggregated,41.100000,0.000000,470,640,750,810,960,1100,1200,1200,1400,1600,1700,47225,0,470,498.5878086927472,1.3344819999474566,1662.7475189998222,6.877734250926416
1786200596,50,,Aggregated,40.500000,0.000000,470,640,750,810,960,1100,1200,1200,1400,1600,1700,47268,0,470,499.11519639944555,1.3344819999474566,1662.7475189998222,6.877824320893628
1786200597,50,,Aggregated,39.500000,0.000000,470,650,750,810,960,1100,1200,1200,1400,1600,1700,47305,0,470,499.6007653410845,1.3344819999474566,1662.7475189998222,6.878997991755629
1786200598,50,,Aggregated,38.900000,0.000000,470,650,750,810,960,1100,1200,1200,1400,1600,1700,47350,0,470,500.1635158064414,1.3344819999474566,1662.7475189998222,6.8787961985216475
1786200599,50,,Aggregated,38.300000,0.000000,470,650,750,810,960,1100,1200,1200,1400,1600,1700,47381,0,470,500.5433235053926,1.3344819999474566,1662.7475189998222,6.880205145522467
1786200600,50,,Aggregated,39.100000,0.000000,470,650,750,810,960,1100,1200,1200,1400,1600,1700,47421,0,470,501.1105488261531,1.3344819999474566,1662.7475189998222,6.881149701608992
1786200601,50,,Aggregated,38.800000,0.000000,470,650,750,810,960,1100,1200,1200,1400,1600,1700,47460,0,470,501.6718002581335,1.3344819999474566,1662.7475189998222,6.88181626632954
1786200602,50,,Aggregated,38.900000,0.000000,480,650,750,810,970,1100,1200,1200,1400,1600,1700,47506,0,480,502.1830292997939,1.3344819999474566,1662.7475189998222,6.881046604639414
1786200603,50,,Aggregated,38.700000,0.000000,480,650,750,810,970,1100,1200,1200,1400,1600,1700,47544,0,480,502.5235921627966,1.3344819999474566,1662.7475189998222,6.881015480397106
1786200604,50,,Aggregated,38.700000,0.000000,480,650,750,810,970,1100,1200,1200,1400,1600,1700,47584,0,480,503.028883426467,1.3344819999474566,1662.7475189998222,6.881535810356422
1786200605,50,,Aggregated,39.600000,0.000000,480,650,750,810,970,1100,1200,1200,1400,1600,1700,47619,0,480,503.55738868978807,1.3344819999474566,1662.7475189998222,6.883197883197883
1786200606,50,,Aggregated,39.100000,0.000000,480,650,750,810,970,1100,1200,1200,1400,1600,1700,47664,0,480,504.08224109684505,1.3344819999474566,1662.7475189998222,6.882573850285331
1786200607,50,,Aggregated,39.300000,0.000000,480,650,750,810,970,1100,1200,1200,1400,1600,1700,47706,0,480,504.5341273015558,1.3344819999474566,1662.7475189998222,6.883012618957783
1786200608,50,,Aggregated,39.400000,0.000000,480,650,750,820,970,1100,1200,1200,1400,1600,1700,47744,0,480,504.9967979654831,1.3344819999474566,1662.7475189998222,6.88318951072386
1786200609,50,,Aggregated,39.700000,0.000000,480,650,750,820,970,1100,1200,1200,1400,1600,1700,47792,0,480,505.5054836131574,1.3344819999474566,1662.7475189998222,6.8831812855708066
1786200610,50,,Aggregated,39.700000,0.000000,480,650,760,820,970,1100,1200,1200,1400,1600,1700,47830,0,480,505.9568503798458,1.3344819999474566,1662.7475189998222,6.883566799080075
1786200611,50,,Aggregated,40.200000,0.000000,480,650,760,820,970,1100,1200,1200,1400,1600,1700,47867,0,480,506.41058659671637,1.3344819999474566,1662.7475189998222,6.8845133390436
1786200612,50,,Aggregated,40.600000,0.000000,480,650,760,820,980,1100,1200,1200,1400,1600,1700,47908,0,480,506.8691562205901,1.3344819999474566,1662.7475189998222,6.884674793353929
1786200613,50,,Aggregated,40.900000,0.000000,480,650,760,820,980,1100,1200,1200,1400,1600,1700,47953,0,480,507.3174431940658,1.3344819999474566,1662.7475189998222,6.884261672888036
1786200614,50,,Aggregated,40.600000,0.000000,480,660,760,820,980,1100,1200,1200,1400,1600,1700,47986,0,480,507.757446298942,1.3344819999474566,1662.7475189998222,6.885362397365898
1786200615,50,,Aggregated,39.900000,0.000000,480,660,760,820,980,1100,1200,1300,1400,1600,1700,48025,0,480,508.3142908824163,1.3344819999474566,1662.7475189998222,6.885809474232171
1786200616,50,,Aggregated,40.400000,0.000000,480,660,760,820,980,1100,1200,1300,1400,1600,1700,48065,0,480,508.7871516752114,1.3344819999474566,1662.7475189998222,6.886528659107459
1786200617,50,,Aggregated,40.100000,0.000000,480,660,760,820,980,1100,1200,1300,1400,1600,1700,48109,0,480,509.31980140088206,1.3344819999474566,1662.7475189998222,6.886466149784863
1786200618,50,,Aggregated,40.000000,0.000000,480,660,760,820,980,1100,1200,1300,1400,1600,1700,48151,0,480,509.6985373492769,1.3344819999474566,1662.7475189998222,6.886689788374073
1786200619,50,,Aggregated,39.600000,0.000000,480,660,760,820,980,1100,1200,1300,1400,1600,1700,48193,0,480,510.10102234650304,1.3344819999474566,1662.7475189998222,6.886498039134314
1786200620,50,,Aggregated,40.500000,0.000000,480,660,760,820,980,1100,1200,1300,1400,1600,1700,48239,0,480,510.5432371418357,1.3344819999474566,1662.7475189998222,6.886357511557039
1786200621,50,,Aggregated,40.300000,0.000000,480,660,760,830,980,1100,1200,1300,1400,1600,1700,48274,0,480,510.9839688454656,1.3344819999474566,1662.7475189998222,6.887372084351825
1786200622,50,,Aggregated,40.900000,0.000000,480,660,760,830,980,1100,1200,1300,1400,1600,1700,48310,0,480,511.4929229904577,1.3344819999474566,1662.7475189998222,6.887828606913683
1786200623,50,,Aggregated,40.500000,0.000000,480,660,760,830,990,1100,1200,1300,1400,1600,1700,48353,0,480,511.98753899224494,1.3344819999474566,1662.7475189998222,6.888114491344901
1786200624,50,,Aggregated,40.500000,0.000000,480,660,760,830,990,1100,1200,1300,1400,1600,1700,48405,0,480,512.3965143932245,1.3344819999474566,1662.7475189998222,6.886499328581758
1786200625,50,,Aggregated,40.400000,0.000000,490,660,770,830,990,1100,1200,1300,1400,1600,1700,48440,0,490,512.7154431900091,1.3344819999474566,1662.7475189998222,6.887303881090008
1786200626,50,,Aggregated,40.800000,0.000000,490,660,770,830,990,1100,1200,1300,1400,1600,1700,48477,0,490,513.2582831143437,1.3344819999474566,1662.7475189998222,6.888235658147162
1786200627,50,,Aggregated,41.900000,0.000000,490,660,770,830,990,1100,1200,1300,1400,1600,1700,48514,0,490,513.7822118114985,1.3344819999474566,1662.7475189998222,6.888341509667312
1786200628,50,,Aggregated,41.200000,0.000000,490,660,770,830,990,1100,1200,1300,1400,1600,1700,48558,0,490,514.2622119349036,1.3344819999474566,1662.7475189998222,6.888277935664566
1786200629,50,,Aggregated,41.100000,0.000000,490,660,770,830,990,1100,1200,1300,1400,1600,1700,48609,0,490,514.6654633366875,1.3344819999474566,1662.7475189998222,6.887016807587072
1786200630,50,,Aggregated,40.300000,0.000000,490,670,770,830,990,1100,1200,1300,1400,1600,1700,48647,0,490,515.0053527363667,1.3344819999474566,1662.7475189998222,6.887598413057331
1786200631,50,,Aggregated,40.800000,0.000000,490,670,770,830,990,1100,1200,1300,1400,1600,1700,48690,0,490,515.4402001129808,1.3344819999474566,1662.7475189998222,6.887471760115013
1786200632,50,,Aggregated,41.300000,0.000000,490,670,770,830,990,1100,1200,1300,1400,1600,1700,48727,0,490,515.9208072690301,1.3344819999474566,1662.7475189998222,6.888603854126049
1786200633,50,,Aggregated,41.400000,0.000000,490,670,770,830,990,1100,1200,1300,1400,1600,1700,48768,0,490,516.4103445427538,1.3344819999474566,1662.7475189998222,6.888143864829396
1786200634,50,,Aggregated,41.300000,0.000000,490,670,770,830,990,1100,1200,1300,1400,1600,1700,48814,0,490,516.8023028132097,1.3344819999474566,1662.7475189998222,6.887388863850535
1786200635,50,,Aggregated,41.200000,0.000000,490,670,770,830,1000,1100,1200,1300,1400,1600,1700,48859,0,490,517.2054264369517,1.3344819999474566,1662.7475189998222,6.887390245400029
1786200636,50,,Aggregated,41.200000,0.000000,490,670,770,840,1000,1100,1200,1300,1400,1600,1700,48898,0,490,517.5934123724495,1.3344819999474566,1662.7475189998222,6.887827723015256
1786200637,50,,Aggregated,41.100000,0.000000,490,670,770,840,1000,1100,1200,1300,1400,1600,1700,48935,0,490,518.043743382692,1.3344819999474566,1662.7475189998222,6.888546030448555
1786200638,50,,Aggregated,42.200000,0.000000,490,670,770,840,1000,1100,1200,1300,1400,1600,1700,48969,0,490,518.5607372655562,1.3344819999474566,1662.7475189998222,6.889276889460679
1786200639,50,,Aggregated,42.300000,0.000000,490,670,770,840,1000,1100,1200,1300,1500,1600,1700,49010,0,490,519.0431458086924,1.3344819999474566,1662.7475189998222,6.889634768414609
1786200640,50,,Aggregated,41.600000,0.000000,490,670,780,840,1000,1100,1200,1300,1500,1600,1700,49056,0,490,519.5425421902934,1.3344819999474566,1662.7475189998222,6.889085942596217
1786200641,50,,Aggregated,40.900000,0.000000,490,670,780,840,1000,1100,1200,1300,1500,1600,1700,49099,0,490,519.8930983886032,1.3344819999474566,1662.7475189998222,6.888348031528137
1786200642,50,,Aggregated,39.700000,0.000000,490,670,780,840,1000,1100,1200,1300,1500,1600,1700,49138,0,490,520.2994019153208,1.3344819999474566,1662.7475189998222,6.889393137693842
1786200643,50,,Aggregated,40.500000,0.000000,490,670,780,840,1000,1100,1200,1300,1500,1600,1700,49183,0,490,520.797966960963,1.3344819999474566,1662.7475189998222,6.888782709472785
1786200644,50,,Aggregated,41.200000,0.000000,490,670,780,840,1000,1100,1200,1300,1500,1600,1700,49222,0,490,521.185516045326,1.3344819999474566,1662.7475189998222,6.889013042948275
1786200645,50,,Aggregated,40.800000,0.000000,490,670,780,840,1000,1100,1200,1300,1500,1600,1700,49266,0,490,521.6465526110917,1.3344819999474566,1662.7475189998222,6.888746803069053
1786200646,50,,Aggregated,40.900000,0.000000,490,680,780,840,1000,1100,1200,1300,1500,1600,1700,49300,0,490,522.0105111727189,1.3344819999474566,1662.7475189998222,6.88947261663286
1786200647,50,,Aggregated,40.600000,0.000000,500,680,780,840,1000,1100,1200,1300,1500,1600,1700,49337,0,500,522.5423187319261,1.3344819999474566,1662.7475189998222,6.8903865253258205
1786200648,50,,Aggregated,40.300000,0.000000,500,680,780,840,1000,1100,1200,1300,1500,1600,1700,49372,0,500,523.0134530879048,1.3344819999474566,1662.7475189998222,6.891173134570201
1786200649,50,,Aggregated,40.100000,0.000000,500,680,780,840,1000,1100,1200,1300,1500,1600,1700,49412,0,500,523.5574808622811,1.3344819999474566,1662.7475189998222,6.891463612078038
1786200650,50,,Aggregated,40.300000,0.000000,500,680,780,840,1000,1100,1200,1300,1500,1600,1700,49448,0,500,523.9716680014363,1.3344819999474566,1662.7475189998222,6.8923111147063585
1786200651,50,,Aggregated,39.700000,0.000000,500,680,780,850,1000,1100,1200,1300,1500,1600,1700,49495,0,500,524.4632285878374,1.3344819999474566,1662.7475189998222,6.8918274573189215
1786200652,50,,Aggregated,40.100000,0.000000,500,680,780,850,1000,1100,1200,1300,1500,1600,1700,49535,0,500,524.8672451921472,1.3344819999474566,1662.7475189998222,6.892318562632482
1786200653,50,,Aggregated,39.700000,0.000000,500,680,780,850,1000,1100,1200,1300,1500,1600,1700,49566,0,500,525.2993620192069,1.3344819999474566,1662.7475189998222,6.8932534398579675
1786200654,50,,Aggregated,39.300000,0.000000,500,680,780,850,1000,1100,1200,1300,1500,1600,1700,49608,0,500,525.8301181788421,1.3344819999474566,1662.7475189998222,6.893061602967263
1786200655,50,,Aggregated,39.200000,0.000000,500,680,780,850,1000,1100,1200,1300,1500,1600,1700,49646,0,500,526.2784811123955,1.3344819999474566,1662.7475189998222,6.893828304395117
1786200656,50,,Aggregated,38.800000,0.000000,500,680,790,850,1000,1100,1200,1300,1500,1600,1700,49683,0,500,526.7173328740413,1.3344819999474566,1662.7475189998222,6.89433005253306
1786200657,50,,Aggregated,38.500000,0.000000,500,680,790,850,1000,1100,1200,1300,1500,1600,1700,49721,0,500,527.1843941027329,1.3344819999474566,1662.7475189998222,6.894893505762153
1786200658,50,,Aggregated,38.100000,0.000000,500,680,790,850,1000,1100,1200,1300,1500,1600,1700,49758,0,500,527.65920667155,1.3344819999474566,1662.7475189998222,6.895996623658507
1786200659,50,,Aggregated,38.500000,0.000000,500,680,790,850,1000,1100,1200,1300,1500,1600,1700,49791,0,500,528.177692958185,1.3344819999474566,1712.3472719999882,6.896447149083167
1786200660,50,,Aggregated,38.400000,0.000000,500,680,790,850,1000,1100,1200,1300,1500,1600,1700,49833,0,500,528.6741990648767,1.3344819999474566,1712.3472719999882,6.896454156883992
1786200661,50,,Aggregated,38.400000,0.000000,500,680,790,850,1000,1100,1200,1300,1500,1600,1700,49871,0,500,529.1175390223176,1.3344819999474566,1712.3472719999882,6.897214814220689
1786200662,50,,Aggregated,37.900000,0.000000,500,680,790,850,1000,1100,1200,1300,1500,1600,1700,49919,0,500,529.5730351396868,1.3344819999474566,1712.3472719999882,6.896191830765841
1786200663,50,,Aggregated,37.900000,0.000000,500,680,790,850,1000,1100,1200,1300,1500,1600,1700,49956,0,500,529.9172915250223,1.3344819999474566,1712.3472719999882,6.896889262551045
1786200664,50,,Aggregated,38.100000,0.000000,500,690,790,860,1000,1100,1200,1300,1500,1600,1700,49998,0,500,530.3912177768713,1.3344819999474566,1712.3472719999882,6.896495859834394
1786200665,50,,Aggregated,38.700000,0.000000,500,690,790,860,1000,1100,1200,1300,1500,1600,1700,50033,0,500,530.7824238492598,1.3344819999474566,1712.3472719999882,6.897467671336917
1786200666,50,,Aggregated,38.600000,0.000000,500,690,790,860,1000,1100,1200,1300,1500,1600,1700,50072,0,500,531.2749649784514,1.3344819999474566,1712.3472719999882,6.897487617830325
1786200667,50,,Aggregated,38.800000,0.000000,500,690,790,860,1000,1100,1200,1300,1500,1600,1700,50111,0,500,531.7081354460702,1.3344819999474566,1712.3472719999882,6.897707090259623
1786200668,50,,Aggregated,38.600000,0.000000,500,690,790,860,1000,1100,1200,1300,1500,1600,1700,50154,0,500,532.1474234309134,1.3344819999474566,1712.3472719999882,6.897376081668461
1786200669,50,,Aggregated,38.800000,0.000000,500,690,790,860,1000,1100,1200,1300,1500,1600,1700,50192,0,500,532.63220648715,1.3344819999474566,1712.3472719999882,6.8979319413452345
1786200670,50,,Aggregated,39.000000,0.000000,500,690,790,860,1000,1100,1300,1300,1500,1600,1700,50231,0,500,533.0827697950876,1.3344819999474566,1712.3472719999882,6.89834962473373
1786200671,50,,Aggregated,39.800000,0.000000,510,690,800,860,1000,1100,1300,1300,1500,1600,1700,50274,0,510,533.5185452352516,1.3344819999474566,1712.3472719999882,6.898018856665473
1786200672,50,,Aggregated,39.800000,0.000000,510,690,800,860,1000,1100,1300,1300,1500,1600,1700,50311,0,510,533.9345442607787,1.3344819999474566,1712.3472719999882,6.89851125996303
1786200673,50,,Aggregated,40.100000,0.000000,510,690,800,860,1000,1100,1300,1300,1500,1600,1700,50357,0,510,534.3672043650342,1.3344819999474566,1712.3472719999882,6.897571340627917
1786200674,50,,Aggregated,39.600000,0.000000,510,690,800,860,1000,1100,1300,1300,1500,1600,1700,50398,0,510,534.7245712750905,1.3344819999474566,1712.3472719999882,6.897515774435494
1786200675,50,,Aggregated,39.400000,0.000000,510,690,800,860,1000,1100,1300,1300,1500,1600,1700,50441,0,510,535.0500366651933,1.3344819999474566,1712.3472719999882,6.897583315160286
1786200676,50,,Aggregated,39.900000,0.000000,510,690,800,860,1000,1100,1300,1300,1500,1600,1700,50478,0,510,535.5100903572054,1.3344819999474566,1712.3472719999882,6.898272514758905
1786200677,50,,Aggregated,40.700000,0.000000,510,690,800,860,1000,1100,1300,1300,1500,1600,1700,50520,0,510,535.9917942462589,1.3344819999474566,1712.3472719999882,6.898079968329374
1786200678,50,,Aggregated,40.400000,0.000000,510,690,800,860,1000,1100,1300,1300,1500,1600,1700,50564,0,510,536.3966792135907,1.3344819999474566,1712.3472719999882,6.897219365556523
1786200679,50,,Aggregated,40.000000,0.000000,510,690,800,870,1000,1100,1300,1300,1500,1600,1700,50607,0,510,536.7396609780468,1.3344819999474566,1712.3472719999882,6.896891734345051
1786200680,50,,Aggregated,40.400000,0.000000,510,690,800,870,1000,1100,1300,1300,1500,1600,1700,50644,0,510,537.1155067041706,1.3344819999474566,1712.3472719999882,6.8973817234025745
1786200681,50,,Aggregated,41.100000,0.000000,510,700,800,870,1000,1100,1300,1300,1500,1600,1700,50682,0,510,537.533973950673,1.3344819999474566,1712.3472719999882,6.897537587309104
1786200682,50,,Aggregated,41.500000,0.000000,510,700,800,870,1000,1100,1300,1300,1500,1600,1700,50727,0,510,538.0007222799103,1.3344819999474566,1712.3472719999882,6.897529915035386
1786200683,50,,Aggregated,40.800000,0.000000,510,700,800,870,1000,1100,1300,1300,1500,1600,1700,50775,0,510,538.3986226192222,1.3344819999474566,1712.3472719999882,6.896917774495322
1786200684,50,,Aggregated,41.300000,0.000000,510,700,800,870,1000,1100,1300,1300,1500,1600,1700,50814,0,510,538.6867022121071,1.3344819999474566,1712.3472719999882,6.896150667138977
1786200685,50,,Aggregated,41.700000,0.000000,510,700,800,870,1000,1100,1300,1300,1500,1600,1700,50851,0,510,539.09479993772,1.3344819999474566,1712.3472719999882,6.896639200802344
1786200686,50,,Aggregated,41.700000,0.000000,510,700,800,870,1000,1100,1300,1300,1500,1600,1700,50908,0,510,539.5156421985542,1.3344819999474566,1712.3472719999882,6.894810245933842
1786200687,50,,Aggregated,41.000000,0.000000,510,700,800,870,1000,1100,1300,1300,1500,1600,1700,50943,0,510,539.7703518768819,1.3344819999474566,1712.3472719999882,6.895373260310543
1786200688,50,,Aggregated,42.100000,0.000000,510,700,810,870,1000,1200,1300,1300,1500,1600,1700,50979,0,510,540.258148765315,1.3344819999474566,1712.3472719999882,6.8961925498734775
1786200689,50,,Aggregated,43.300000,0.000000,510,700,810,870,1000,1200,1300,1300,1500,1600,1700,51017,0,510,540.7522196008781,1.3344819999474566,1712.3472719999882,6.896740302252191
1786200690,50,,Aggregated,42.300000,0.000000,510,700,810,870,1000,1200,1300,1300,1500,1600,1700,51054,0,510,541.1633249606299,1.3344819999474566,1712.3472719999882,6.897030595056215
1786200691,50,,Aggregated,41.100000,0.000000,510,700,810,870,1000,1200,1300,1300,1500,1600,1700,51096,0,510,541.6365118987591,1.3344819999474566,1712.3472719999882,6.896841240018788
1786200692,50,,Aggregated,41.300000,0.000000,510,700,810,870,1000,1200,1300,1300,1500,1600,1700,51134,0,510,542.0427220514528,1.3344819999474566,1712.3472719999882,6.896996127821019
1786200693,50,,Aggregated,40.600000,0.000000,510,700,810,870,1000,1200,1300,1300,1500,1600,1700,51174,0,510,542.4644105591312,1.3344819999474566,1712.3472719999882,6.8972720522140145
1786200694,50,,Aggregated,40.900000,0.000000,510,700,810,880,1000,1200,1300,1300,1500,1600,1700,51214,0,510,542.9313936090516,1.3344819999474566,1712.3472719999882,6.897157027375327
1786200695,50,,Aggregated,40.500000,0.000000,520,700,810,880,1000,1200,1300,1300,1500,1600,1700,51249,0,520,543.3160969060852,1.3344819999474566,1712.3472719999882,6.897910203125915
1786200696,50,,Aggregated,40.000000,0.000000,520,700,810,880,1000,1200,1300,1300,1500,1600,1700,51289,0,520,543.791667297724,1.3344819999474566,1712.3472719999882,6.897599875216908
1786200697,50,,Aggregated,39.700000,0.000000,520,700,810,880,1000,1200,1300,1300,1500,1600,1700,51324,0,520,544.2164360711747,1.3344819999474566,1712.3472719999882,6.898351648351649
1786200698,50,,Aggregated,38.900000,0.000000,520,710,810,880,1000,1200,1300,1300,1500,1600,1700,51367,0,520,544.7230219250291,1.3344819999474566,1712.3472719999882,6.898417271789281
1786200699,50,,Aggregated,37.600000,0.000000,520,710,810,880,1000,1200,1300,1300,1500,1600,1700,51406,0,520,545.1144743840014,1.3344819999474566,1712.3472719999882,6.898241450414348
1786200700,50,,Aggregated,38.300000,0.000000,520,710,810,880,1000,1200,1300,1300,1500,1600,1700,51455,0,520,545.4252856693417,1.3344819999474566,1712.3472719999882,6.896919638519094
1786200701,50,,Aggregated,38.800000,0.000000,520,710,810,880,1100,1200,1300,1300,1500,1600,1700,51494,0,520,545.7195423505451,1.3344819999474566,1712.3472719999882,6.897327844020663
1786200702,50,,Aggregated,38.900000,0.000000,520,710,810,880,1100,1200,1300,1300,1500,1600,1700,51536,0,520,546.2413042283445,1.3344819999474566,1712.3472719999882,6.897333902514747
1786200703,50,,Aggregated,40.000000,0.000000,520,710,820,880,1100,1200,1300,1300,1500,1600,1700,51582,0,520,546.5893051632542,1.3344819999474566,1712.3472719999882,6.896029622736614
1786200704,50,,Aggregated,40.000000,0.000000,520,710,820,880,1100,1200,1300,1300,1500,1600,1700,51621,0,520,546.896913836849,1.3344819999474566,1712.3472719999882,6.895856337537049
1786200705,50,,Aggregated,40.400000,0.000000,520,710,820,880,1100,1200,1300,1300,1500,1600,1700,51673,0,520,547.3559794315403,1.3344819999474566,1712.3472719999882,6.894722582393126
1786200706,50,,Aggregated,41.100000,0.000000,520,710,820,880,1100,1200,1300,1300,1500,1600,1700,51707,0,520,547.6563134384317,1.3344819999474566,1712.3472719999882,6.8956040768174525
1786200707,50,,Aggregated,41.000000,0.000000,520,710,820,880,1100,1200,1300,1300,1500,1600,1700,51757,0,520,548.0869169202035,1.3344819999474566,1712.3472719999882,6.89415924416021
1786200708,50,,Aggregated,42.100000,0.000000,520,710,820,880,1100,1200,1300,1300,1500,1600,1700,51794,0,520,548.3550072679649,1.3344819999474566,1712.3472719999882,6.894254160713596
1786200709,50,,Aggregated,42.400000,0.000000,520,710,820,890,1100,1200,1300,1300,1500,1600,1700,51840,0,520,548.7646658715079,1.3344819999474566,1712.3472719999882,6.893537808641975
1786200710,50,,Aggregated,43.200000,0.000000,520,710,820,890,1100,1200,1300,1300,1500,1600,1700,51877,0,520,549.10424541207,1.3344819999474566,1712.3472719999882,6.894018543863369
1786200711,50,,Aggregated,43.000000,0.000000,520,710,820,890,1100,1200,1300,1300,1500,1600,1700,51912,0,520,549.5450745393736,1.3344819999474566,1712.3472719999882,6.894571582678378
1786200712,50,,Aggregated,43.300000,0.000000,520,710,820,890,1100,1200,1300,1300,1500,1600,1700,51953,0,520,550.0645280048883,1.3344819999474566,1717.6153690002138,6.895097491963891
1786200713,50,,Aggregated,42.300000,0.000000,520,710,820,890,1100,1200,1300,1300,1500,1600,1700,51989,0,520,550.4606570477595,1.3344819999474566,1717.6153690002138,6.895516359229837
1786200714,50,,Aggregated,41.700000,0.000000,520,710,820,890,1100,1200,1300,1300,1500,1600,1700,52030,0,520,550.9168161004799,1.3344819999474566,1717.6153690002138,6.895271958485489
1786200715,50,,Aggregated,40.900000,0.000000,520,710,820,890,1100,1200,1300,1300,1500,1600,1700,52070,0,520,551.2727504433833,1.3344819999474566,1717.6153690002138,6.8951603610524295
1786200716,50,,Aggregated,40.200000,0.000000,520,710,820,890,1100,1200,1300,1300,1500,1600,1700,52106,0,520,551.6845335840778,1.3344819999474566,1717.6153690002138,6.895386327870111
1786200717,50,,Aggregated,40.700000,0.000000,520,710,820,890,1100,1200,1300,1300,1500,1600,1700,52142,0,520,552.1536927630115,1.3344819999474566,1717.6153690002138,6.896570902535384
1786200718,50,,Aggregated,39.500000,0.000000,530,710,820,890,1100,1200,1300,1300,1500,1600,1700,52175,0,530,552.6478626748623,1.3344819999474566,1717.6153690002138,6.897192141830378
1786200719,50,,Aggregated,39.600000,0.000000,530,720,830,890,1100,1200,1300,1300,1500,1600,1700,52216,0,530,553.1096152324753,1.3344819999474566,1717.6153690002138,6.896564271487667
1786200720,50,,Aggregated,37.900000,0.000000,530,720,830,890,1100,1200,1300,1300,1500,1600,1700,52258,0,530,553.4592290744371,1.3344819999474566,1717.6153690002138,6.896570859964025
1786200721,50,,Aggregated,37.600000,0.000000,530,720,830,890,1100,1200,1300,1300,1500,1600,1700,52291,0,530,553.8504470195431,1.3344819999474566,1717.6153690002138,6.897190721156605
1786200722,50,,Aggregated,37.400000,0.000000,530,720,830,890,1100,1200,1300,1300,1500,1600,1700,52333,0,530,554.3262975047664,1.3344819999474566,1717.6153690002138,6.896814629392544
1786200723,50,,Aggregated,37.800000,0.000000,530,720,830,890,1100,1200,1300,1300,1500,1600,1700,52374,0,530,554.730863720299,1.3344819999474566,1717.6153690002138,6.896761752014358
1786200724,50,,Aggregated,37.900000,0.000000,530,720,830,900,1100,1200,1300,1300,1500,1600,1700,52412,0,530,555.1461669146557,1.3344819999474566,1717.6153690002138,6.897294512707013
1786200725,50,,Aggregated,38.300000,0.000000,530,720,830,900,1100,1200,1300,1400,1500,1600,1700,52454,0,530,555.5970868912176,1.3344819999474566,1717.6153690002138,6.897109848629275
1786200726,50,,Aggregated,38.200000,0.000000,530,720,830,900,1100,1200,1300,1400,1500,1600,1700,52488,0,530,555.9574987117232,1.3344819999474566,1717.6153690002138,6.897595640908398
1786200727,50,,Aggregated,37.700000,0.000000,530,720,830,900,1100,1200,1300,1400,1500,1600,1700,52532,0,530,556.4052846377623,1.3344819999474566,1717.6153690002138,6.897148404781848
1786200728,50,,Aggregated,38.000000,0.000000,530,720,830,900,1100,1200,1300,1400,1500,1600,1700,52568,0,530,556.73397835122,1.3344819999474566,1717.6153690002138,6.897180794399635
1786200729,50,,Aggregated,38.000000,0.000000,530,720,830,900,1100,1200,1300,1400,1500,1600,1700,52603,0,530,557.1516182298145,1.3344819999474566,1717.6153690002138,6.897344257932057
1786200730,50,,Aggregated,38.900000,0.000000,530,720,830,900,1100,1200,1300,1400,1500,1600,1700,52644,0,530,557.5894249927235,1.3344819999474566,1717.6153690002138,6.897291239267533
1786200731,50,,Aggregated,39.400000,0.000000,530,720,830,900,1100,1200,1300,1400,1500,1600,1700,52686,0,530,558.0375902021589,1.3344819999474566,1717.6153690002138,6.89691758721482
1786200732,50,,Aggregated,38.600000,0.000000,530,720,830,900,1100,1200,1300,1400,1500,1600,1700,52726,0,530,558.4311034685152,1.3344819999474566,1717.6153690002138,6.896995789553541
1786200733,50,,Aggregated,38.500000,0.000000,530,720,830,900,1100,1200,1300,1400,1500,1600,1700,52766,0,530,558.8032529952987,1.3344819999474566,1717.6153690002138,6.897073873327521
1786200734,50,,Aggregated,38.900000,0.000000,530,720,830,900,1100,1200,1300,1400,1500,1600,1700,52817,0,530,559.1355622455827,1.3344819999474566,1717.6153690002138,6.895526061684685
1786200735,50,,Aggregated,39.000000,0.000000,530,720,840,900,1100,1200,1300,1400,1500,1600,1700,52854,0,530,559.4409875539967,1.3344819999474566,1717.6153690002138,6.895428917395089
1786200736,50,,Aggregated,39.700000,0.000000,530,720,840,900,1100,1200,1300,1400,1500,1600,1700,52890,0,530,559.8370498294186,1.3344819999474566,1717.6153690002138,6.896029495178673
1786200737,50,,Aggregated,40.300000,0.000000,530,730,840,900,1100,1200,1300,1400,1500,1600,1700,52925,0,530,560.2723275297298,1.3344819999474566,1717.6153690002138,6.8965706188001885
1786200738,50,,Aggregated,40.500000,0.000000,530,730,840,910,1100,1200,1300,1400,1500,1600,1700,52970,0,530,560.6816551061535,1.3344819999474566,1717.6153690002138,6.895997734566736
1786200739,50,,Aggregated,39.900000,0.000000,530,730,840,910,1100,1200,1300,1400,1500,1600,1700,53014,0,530,561.0961165217293,1.3344819999474566,1717.6153690002138,6.895744520315389
1786200740,50,,Aggregated,39.900000,0.000000,530,730,840,910,1100,1200,1300,1400,1500,1600,1700,53052,0,530,561.4068603430022,1.3344819999474566,1717.6153690002138,6.895517605368318
1786200741,50,,Aggregated,39.900000,0.000000,540,730,840,910,1100,1200,1300,1400,1500,1600,1700,53100,0,530,561.7365041032571,1.3344819999474566,1717.6153690002138,6.894180790960452
1786200742,50,,Aggregated,40.600000,0.000000,540,730,840,910,1100,1200,1300,1400,1500,1600,1700,53136,0,540,562.057660269421,1.3344819999474566,1717.6153690002138,6.894591237579043
1786200743,50,,Aggregated,41.100000,0.000000,540,730,840,910,1100,1200,1300,1400,1500,1600,1700,53175,0,540,562.5050304776674,1.3344819999474566,1717.6153690002138,6.894612129760226
1786200744,50,,Aggregated,41.300000,0.000000,540,730,840,910,1100,1200,1300,1400,1500,1600,1700,53211,0,540,562.905818618819,1.3344819999474566,1717.6153690002138,6.895397568171995
1786200745,50,,Aggregated,40.600000,0.000000,540,730,840,910,1100,1200,1300,1400,1500,1700,1700,53250,0,540,563.3544677736522,1.3344819999474566,1717.6153690002138,6.895230046948357
1786200746,50,,Aggregated,40.200000,0.000000,540,730,840,910,1100,1200,1300,1400,1500,1700,1700,53295,0,540,563.7252910442816,1.3344819999474566,1717.6153690002138,6.894474153297683
1786200747,50,,Aggregated,39.200000,0.000000,540,730,840,910,1100,1200,1300,1400,1500,1700,1700,53327,0,540,564.0734457897497,1.3344819999474566,1717.6153690002138,6.895212556491083
1786200748,50,,Aggregated,39.600000,0.000000,540,730,840,910,1100,1200,1300,1400,1500,1700,1800,53364,0,540,564.5762757803196,1.3344819999474566,1780.3958800000146,6.895116557979162
1786200749,50,,Aggregated,40.500000,0.000000,540,730,840,910,1100,1200,1300,1400,1500,1700,1800,53403,0,540,564.9829209716304,1.3344819999474566,1780.3958800000146,6.895324232721008
1786200750,50,,Aggregated,39.600000,0.000000,540,730,840,910,1100,1200,1300,1400,1500,1700,1800,53438,0,540,565.3905305831615,1.3344819999474566,1780.3958800000146,6.89586062352633
1786200751,50,,Aggregated,39.300000,0.000000,540,730,840,910,1100,1200,1300,1400,1500,1700,1800,53467,0,540,565.765440961621,1.3344819999474566,1780.3958800000146,6.896983185890362
1786200752,50,,Aggregated,38.900000,0.000000,540,730,840,910,1100,1200,1300,1400,1500,1700,1800,53503,0,540,566.2704846327866,1.3344819999474566,1780.3958800000146,6.897388931461787
1786200753,50,,Aggregated,38.100000,0.000000,540,730,840,910,1100,1200,1300,1400,1500,1700,1800,53546,0,540,566.7554157793858,1.3344819999474566,1780.3958800000146,6.89707914690173
1786200754,50,,Aggregated,37.300000,0.000000,540,730,850,920,1100,1200,1300,1400,1500,1700,1800,53582,0,540,567.1193526543427,1.3344819999474566,1780.3958800000146,6.8971109701019
1786200755,50,,Aggregated,37.400000,0.000000,540,730,850,920,1100,1200,1300,1400,1500,1700,1800,53624,0,540,567.539119330225,1.3344819999474566,1780.3958800000146,6.896557511561987
1786200756,50,,Aggregated,36.800000,0.000000,540,730,850,920,1100,1200,1300,1400,1500,1700,1800,53660,0,540,567.9050221996085,1.3344819999474566,1780.3958800000146,6.897148714125978
1786200757,50,,Aggregated,37.700000,0.000000,540,740,850,920,1100,1200,1300,1400,1500,1700,1800,53694,0,540,568.3425896055983,1.3344819999474566,1780.3958800000146,6.897437330055499
1786200758,50,,Aggregated,36.900000,0.000000,540,740,850,920,1100,1200,1300,1400,1500,1700,1800,53738,0,540,568.7612224910678,1.3344819999474566,1780.3958800000146,6.896814172466411
1786200759,50,,Aggregated,36.200000,0.000000,540,740,850,920,1100,1200,1300,1400,1500,1700,1800,53776,0,540,569.0987266813261,1.3344819999474566,1780.3958800000146,6.897519339482297
1786200760,50,,Aggregated,37.300000,0.000000,540,740,850,920,1100,1200,1300,1400,1500,1700,1800,53820,0,540,569.5313453677815,1.3344819999474566,1780.3958800000146,6.896711259754738
1786200761,50,,Aggregated,37.500000,0.000000,540,740,850,920,1100,1200,1300,1400,1500,1700,1800,53858,0,540,569.8593703972854,1.3344819999474566,1780.3958800000146,6.896487058561402
1786200762,50,,Aggregated,37.400000,0.000000,540,740,850,920,1100,1200,1300,1400,1500,1700,1800,53904,0,540,570.2117051529943,1.3344819999474566,1780.3958800000146,6.895796230335411
1786200763,50,,Aggregated,38.200000,0.000000,540,740,850,920,1100,1200,1300,1400,1500,1700,1800,53935,0,540,570.5337147434319,1.3344819999474566,1780.3958800000146,6.896653379067396
1786200764,50,,Aggregated,38.800000,0.000000,540,740,850,920,1100,1200,1300,1400,1500,1700,1800,53975,0,540,571.0307249854562,1.3344819999474566,1780.3958800000146,6.89617415470125
1786200765,50,,Aggregated,39.200000,0.000000,540,740,850,920,1100,1200,1300,1400,1500,1700,1900,54021,0,540,571.4172710917976,1.3344819999474566,1900.224574999811,6.895485089132004
1786200766,50,,Aggregated,38.900000,0.000000,540,740,850,920,1100,1200,1300,1400,1500,1700,1900,54057,0,540,571.6855075097026,1.3344819999474566,1900.224574999811,6.895332704367612
1786200767,50,,Aggregated,38.600000,0.000000,540,740,850,920,1100,1200,1300,1400,1500,1700,1900,54102,0,540,572.1115552712282,1.3344819999474566,1900.224574999811,6.894588000443607
1786200768,50,,Aggregated,40.000000,0.000000,550,740,850,920,1100,1200,1300,1400,1500,1700,1900,54141,0,550,572.4191878049907,1.3344819999474566,1900.224574999811,6.894977928002808
1786200769,50,,Aggregated,39.600000,0.000000,550,740,850,930,1100,1200,1300,1400,1500,1700,1900,54177,0,550,572.8695605903798,1.3344819999474566,1900.224574999811,6.895564538457279
1786200770,50,,Aggregated,40.400000,0.000000,550,740,850,930,1100,1200,1300,1400,1500,1700,1900,54213,0,550,573.2736528281963,1.3344819999474566,1900.224574999811,6.895412539427813
1786200771,50,,Aggregated,39.700000,0.000000,550,740,850,930,1100,1200,1300,1400,1500,1700,1900,54250,0,550,573.6463495229679,1.3344819999474566,1900.224574999811,6.895870967741936
1786200772,50,,Aggregated,39.500000,0.000000,550,740,860,930,1100,1200,1300,1400,1500,1700,1900,54290,0,550,574.0998743857432,1.3344819999474566,1900.224574999811,6.895579296371339
1786200773,50,,Aggregated,39.700000,0.000000,550,740,860,930,1100,1200,1300,1400,1500,1700,1900,54329,0,550,574.441740970734,1.3344819999474566,1900.224574999811,6.895414971746213
1786200774,50,,Aggregated,38.700000,0.000000,550,740,860,930,1100,1200,1300,1400,1500,1700,1900,54368,0,550,574.8150513445594,1.3344819999474566,1900.224574999811,6.895250882872277
1786200775,50,,Aggregated,38.500000,0.000000,550,750,860,930,1100,1200,1300,1400,1500,1700,1900,54402,0,550,575.1939012372706,1.3344819999474566,1900.224574999811,6.895720745560825
1786200776,50,,Aggregated,39.300000,0.000000,550,750,860,930,1100,1200,1300,1400,1500,1700,1900,54440,0,550,575.6319888604517,1.3344819999474566,1900.224574999811,6.895683321087436
1786200777,50,,Aggregated,39.500000,0.000000,550,750,860,930,1100,1200,1300,1400,1500,1700,1900,54476,0,550,575.9816107693111,1.3344819999474566,1900.224574999811,6.896082678610765
1786200778,50,,Aggregated,37.900000,0.000000,550,750,860,930,1100,1200,1300,1400,1500,1700,1900,54519,0,550,576.4212750143436,1.3344819999474566,1900.224574999811,6.895596030741577
1786200779,50,,Aggregated,38.700000,0.000000,550,750,860,930,1100,1200,1300,1400,1500,1700,1900,54563,0,550,576.7790951029086,1.3344819999474566,1900.224574999811,6.8944339570771405
1786200780,50,,Aggregated,37.500000,0.000000,550,750,860,930,1100,1200,1300,1400,1500,1700,1900,54607,0,550,577.0109402698371,1.3344819999474566,1900.224574999811,6.893823136227956
1786200781,50,,Aggregated,38.000000,0.000000,550,750,860,930,1100,1200,1300,1400,1500,1700,1900,54648,0,550,577.3511192129996,1.3344819999474566,1900.224574999811,6.893591714243888
1786200782,50,,Aggregated,39.000000,0.000000,550,750,860,930,1100,1200,1300,1400,1500,1700,1900,54687,0,550,577.7808226174778,1.3344819999474566,1900.224574999811,6.893795600416918
1786200783,50,,Aggregated,39.400000,0.000000,550,750,860,930,1100,1200,1300,1400,1500,1700,1900,54718,0,550,578.1280025465478,1.3344819999474566,1900.224574999811,6.894458861800504
1786200784,50,,Aggregated,39.700000,0.000000,550,750,860,940,1100,1200,1300,1400,1500,1700,1900,54755,0,550,578.5998565363163,1.3344819999474566,1900.224574999811,6.894913706510821
1786200785,50,,Aggregated,39.800000,0.000000,550,750,860,940,1100,1200,1300,1400,1500,1700,1900,54789,0,550,579.0111247574334,1.3344819999474566,1900.224574999811,6.895197941192575
1786200786,50,,Aggregated,39.000000,0.000000,550,750,860,940,1100,1200,1300,1400,1600,1700,1900,54821,0,550,579.4799750261946,1.3344819999474566,1900.224574999811,6.8953685631418615
1786200787,50,,Aggregated,38.400000,0.000000,550,750,860,940,1100,1200,1300,1400,1600,1700,1900,54867,0,550,579.9016314433268,1.3344819999474566,1900.224574999811,6.894326279913245
1786200788,50,,Aggregated,38.300000,0.000000,550,750,860,940,1100,1200,1300,1400,1600,1700,1900,54903,0,550,580.1841102201704,1.3344819999474566,1900.224574999811,6.895087700125676
1786200789,50,,Aggregated,37.800000,0.000000,550,750,870,940,1100,1200,1300,1400,1600,1700,1900,54943,0,550,580.5956472666766,1.3344819999474566,1900.224574999811,6.894436051908341
1786200790,50,,Aggregated,38.700000,0.000000,550,750,870,940,1100,1200,1300,1400,1600,1700,1900,54991,0,550,580.9201772109799,1.3344819999474566,1900.224574999811,6.893509847065883
1786200791,50,,Aggregated,38.200000,0.000000,560,750,870,940,1100,1200,1300,1400,1600,1700,1900,55028,0,560,581.2180454944028,1.3344819999474566,1900.224574999811,6.89341789634368
1786200792,50,,Aggregated,38.300000,0.000000,560,750,870,940,1100,1200,1300,1400,1600,1700,1900,55065,0,560,581.604363646436,1.3344819999474566,1900.224574999811,6.893326069190956
1786200793,50,,Aggregated,37.800000,0.000000,560,750,870,940,1100,1200,1300,1400,1600,1700,1900,55109,0,560,581.9992198550146,1.3344819999474566,1900.224574999811,6.892903155564427
1786200794,50,,Aggregated,37.700000,0.000000,560,750,870,940,1100,1200,1300,1400,1600,1700,1900,55146,0,560,582.3489847180031,1.3344819999474566,1900.224574999811,6.892811808653393
1786200795,50,,Aggregated,37.800000,0.000000,560,750,870,940,1100,1200,1300,1400,1600,1700,1900,55196,0,560,582.6912197592577,1.3344819999474566,1900.224574999811,6.891459526052612
1786200796,50,,Aggregated,38.700000,0.000000,560,760,870,940,1100,1200,1300,1400,1600,1700,1900,55225,0,560,582.9173786120958,1.3344819999474566,1900.224574999811,6.892367587143504
1786200797,50,,Aggregated,39.200000,0.000000,560,760,870,940,1100,1200,1300,1400,1600,1700,1900,55266,0,560,583.3906824084245,1.3344819999474566,1900.224574999811,6.8919588897332895
1786200798,50,,Aggregated,40.600000,0.000000,560,760,870,940,1100,1200,1300,1400,1600,1700,1900,55301,0,560,583.7651637829873,1.3344819999474566,1900.224574999811,6.8924793403374265
1786200799,50,,Aggregated,40.400000,0.000000,560,760,870,940,1100,1200,1300,1400,1600,1700,1900,55336,0,560,584.1773320182521,1.3344819999474566,1900.224574999811,6.892276275842128
1786200800,50,,Aggregated,39.700000,0.000000,560,760,870,940,1100,1200,1300,1400,1600,1700,1900,55370,0,560,584.5913181284991,1.3344819999474566,1900.224574999811,6.8931009571970385
1786200801,50,,Aggregated,39.700000,0.000000,560,760,870,950,1100,1200,1300,1400,1600,1700,1900,55410,0,560,585.1023324373399,1.3344819999474566,1900.224574999811,6.892817181014258
1786200802,50,,Aggregated,38.700000,0.000000,560,760,870,950,1100,1200,1300,1400,1600,1700,1900,55448,0,560,585.4666638927285,1.3344819999474566,1900.224574999811,6.8927824267782425
1786200803,50,,Aggregated,37.600000,0.000000,560,760,870,950,1100,1200,1300,1400,1600,1700,1900,55483,0,560,585.7836007360454,1.3344819999474566,1900.224574999811,6.893120415262333
1786200804,50,,Aggregated,38.200000,0.000000,560,760,870,950,1100,1200,1300,1400,1600,1700,1900,55516,0,560,586.1747270834896,1.3344819999474566,1900.224574999811,6.893346062396426
1786200805,50,,Aggregated,38.300000,0.000000,560,760,870,950,1100,1200,1300,1400,1600,1700,1900,55557,0,560,586.6386077835379,1.3344819999474566,1900.224574999811,6.89329877423187
1786200806,50,,Aggregated,37.600000,0.000000,560,760,870,950,1100,1200,1300,1400,1600,1700,1900,55600,0,560,587.071447548795,1.3344819999474566,1900.224574999811,6.892643884892086
1786200807,50,,Aggregated,37.200000,0.000000,560,760,880,950,1100,1200,1300,1400,1600,1700,1900,55631,0,560,587.348723919613,1.3344819999474566,1900.224574999811,6.893476658697489
1786200808,50,,Aggregated,36.100000,0.000000,560,760,880,950,1100,1200,1300,1400,1600,1700,1900,55676,0,560,587.7943910801241,1.3344819999474566,1900.224574999811,6.892574897621955
1786200809,50,,Aggregated,37.100000,0.000000,560,760,880,950,1100,1200,1300,1400,1600,1700,1900,55714,0,560,588.1119539637612,1.3344819999474566,1900.224574999811,6.892540474566537
1786200810,50,,Aggregated,36.400000,0.000000,560,760,880,950,1100,1200,1300,1400,1600,1700,1900,55751,0,560,588.4811387323272,1.3344819999474566,1900.224574999811,6.892270990654876
1786200811,50,,Aggregated,38.100000,0.000000,560,760,880,950,1100,1200,1300,1400,1600,1700,1900,55783,0,560,588.8414353019914,1.3344819999474566,1900.224574999811,6.8927988813796315
1786200812,50,,Aggregated,37.500000,0.000000,560,760,880,950,1100,1200,1300,1400,1600,1700,1900,55825,0,560,589.3103326846035,1.3344819999474566,1900.224574999811,6.892628750559785
1786200813,50,,Aggregated,38.300000,0.000000,560,760,880,950,1100,1200,1300,1400,1600,1700,1900,55855,0,560,589.6643879367646,1.3344819999474566,1900.224574999811,6.893402560200519
1786200814,50,,Aggregated,37.400000,0.000000,560,760,880,950,1100,1200,1300,1400,1600,1700,1900,55888,0,560,590.1286621191128,1.3344819999474566,1900.224574999811,6.893984397366161
1786200815,50,,Aggregated,37.400000,0.000000,560,760,880,950,1100,1200,1300,1400,1600,1700,1900,55927,0,560,590.5325925318892,1.3344819999474566,1900.224574999811,6.893825880165215
1786200816,50,,Aggregated,37.100000,0.000000,560,770,880,960,1100,1200,1300,1400,1600,1700,1900,55960,0,560,590.9035892190665,1.3344819999474566,1900.224574999811,6.894406719085061
1786200817,50,,Aggregated,36.900000,0.000000,570,770,880,960,1100,1200,1400,1400,1600,1700,1900,55997,0,570,591.3616073745907,1.3344819999474566,1900.224574999811,6.894137185920674
1786200818,50,,Aggregated,37.000000,0.000000,570,770,880,960,1100,1200,1400,1400,1600,1700,1900,56041,0,570,591.7298760173973,1.3344819999474566,1900.224574999811,6.89372066879606
1786200819,50,,Aggregated,36.100000,0.000000,570,770,880,960,1100,1200,1400,1400,1600,1700,1900,56072,0,570,591.9834430719604,1.3344819999474566,1900.224574999811,6.894189613354259
1786200820,50,,Aggregated,36.600000,0.000000,570,770,880,960,1100,1300,1400,1400,1600,1700,1900,56105,0,570,592.4494530761957,1.3344819999474566,1900.224574999811,6.894946974422957
1786200821,50,,Aggregated,36.100000,0.000000,570,770,880,960,1100,1300,1400,1400,1600,1700,1900,56139,0,570,592.9248710688464,1.3344819999474566,1900.224574999811,6.895580612408486
1786200822,50,,Aggregated,35.900000,0.000000,570,770,880,960,1100,1300,1400,1400,1600,1800,1900,56178,0,570,593.3895830296732,1.3344819999474566,1900.224574999811,6.895243689700594
1786200823,50,,Aggregated,35.300000,0.000000,570,770,890,960,1100,1300,1400,1400,1600,1800,1900,56209,0,570,593.7370654189539,1.3344819999474566,1900.224574999811,6.895710651319184
1786200824,50,,Aggregated,35.500000,0.000000,570,770,890,960,1100,1300,1400,1400,1600,1800,1900,56241,0,570,594.1707878701833,1.3344819999474566,1900.224574999811,6.896410092281432
1786200825,50,,Aggregated,35.200000,0.000000,570,770,890,960,1100,1300,1400,1400,1600,1800,1900,56281,0,570,594.690815608322,1.3344819999474566,1900.224574999811,6.896128355928289
1786200826,50,,Aggregated,35.500000,0.000000,570,770,890,960,1100,1300,1400,1400,1600,1800,1900,56311,0,570,594.9774754515632,1.3344819999474566,1900.224574999811,6.89689403491325
1786200827,50,,Aggregated,35.100000,0.000000,570,770,890,960,1100,1300,1400,1400,1600,1800,1900,56343,0,570,595.4296954907794,1.3344819999474566,1900.224574999811,6.897591537546812
1786200828,50,,Aggregated,35.300000,0.000000,570,770,890,960,1100,1300,1400,1400,1600,1800,1900,56378,0,570,595.8968305492034,1.3344819999474566,1900.224574999811,6.897743800773351
1786200829,50,,Aggregated,35.100000,0.000000,570,770,890,960,1100,1300,1400,1400,1600,1800,1900,56414,0,570,596.2654716447507,1.3344819999474566,1900.224574999811,6.897773602297302
1786200830,50,,Aggregated,34.600000,0.000000,570,770,890,960,1100,1300,1400,1400,1600,1800,1900,56447,0,570,596.6905058859453,1.3344819999474566,1900.224574999811,6.898347122079119
1786200831,50,,Aggregated,33.600000,0.000000,570,770,890,970,1100,1300,1400,1400,1600,1800,1900,56488,0,570,597.0904688857096,1.3344819999474566,1900.224574999811,6.897942925931171
1786200832,50,,Aggregated,34.100000,0.000000,570,770,890,970,1100,1300,1400,1400,1600,1800,1900,56520,0,570,597.429348325477,1.3344819999474566,1900.224574999811,6.898637650389243
1786200833,50,,Aggregated,34.200000,0.000000,570,770,890,970,1100,1300,1400,1400,1600,1800,1900,56555,0,570,597.9117291721858,1.3344819999474566,1900.224574999811,6.898788789673769
1786200834,50,,Aggregated,35.100000,0.000000,570,770,890,970,1100,1300,1400,1400,1600,1800,1900,56587,0,570,598.288074027709,1.3344819999474566,1900.224574999811,6.8991287751603725
1786200835,50,,Aggregated,34.200000,0.000000,570,770,890,970,1100,1300,1400,1400,1600,1800,1900,56621,0,570,598.6947187610068,1.3344819999474566,1900.224574999811,6.8995778951272495
1786200836,50,,Aggregated,34.500000,0.000000,570,780,890,970,1100,1300,1400,1400,1600,1800,1900,56655,0,570,599.1635307982697,1.3344819999474566,1900.224574999811,6.9000264760391845
1786200837,50,,Aggregated,34.600000,0.000000,570,780,890,970,1100,1300,1400,1400,1600,1800,1900,56689,0,570,599.5830228840862,1.3344819999474566,1900.224574999811,6.900650919931556
1786200838,50,,Aggregated,34.200000,0.000000,570,780,890,970,1100,1300,1400,1400,1600,1800,1900,56727,0,570,599.9940686622414,1.3344819999474566,1900.224574999811,6.900082852962434
1786200839,50,,Aggregated,34.200000,0.000000,570,780,890,970,1100,1300,1400,1400,1600,1800,1900,56766,0,570,600.3350518895282,1.3344819999474566,1900.224574999811,6.900098650600712
1786200840,50,,Aggregated,34.500000,0.000000,570,780,890,970,1100,1300,1400,1400,1600,1800,1900,56799,0,570,600.702633167132,1.3344819999474566,1900.224574999811,6.900843324706421
1786200841,50,,Aggregated,34.800000,0.000000,570,780,900,970,1200,1300,1400,1400,1600,1800,1900,56830,0,570,601.11568989289,1.3344819999474566,1900.224574999811,6.901302129157135
1786200842,50,,Aggregated,35.100000,0.000000,570,780,900,970,1200,1300,1400,1500,1600,1800,1900,56864,0,570,601.5648791032105,1.3344819999474566,1900.224574999811,6.901572172200337
1786200844,50,,Aggregated,35.100000,0.000000,580,780,900,970,1200,1300,1400,1500,1600,1800,1900,56900,0,580,601.9870029607021,1.3344819999474566,1900.224574999811,6.901247803163445
1786200845,50,,Aggregated,33.900000,0.000000,580,780,900,970,1200,1300,1400,1500,1600,1800,1900,56940,0,580,602.3781756673329,1.3344819999474566,1900.224574999811,6.90131717597471
1786200846,50,,Aggregated,34.400000,0.000000,580,780,900,970,1200,1300,1400,1500,1600,1800,1900,56972,0,580,602.7370833388494,1.3344819999474566,1900.224574999811,6.901653443796953
1786200847,50,,Aggregated,34.300000,0.000000,580,780,900,980,1200,1300,1400,1500,1600,1800,1900,57003,0,580,603.075163931722,1.3344819999474566,1900.224574999811,6.902110415241303
1786200848,50,,Aggregated,35.200000,0.000000,580,780,900,980,1200,1300,1400,1500,1600,1800,1900,57043,0,580,603.568459733148,1.3344819999474566,1900.224574999811,6.902003751555844
1786200849,50,,Aggregated,34.900000,0.000000,580,780,900,980,1200,1300,1400,1500,1600,1800,1900,57072,0,580,603.8887556895671,1.3344819999474566,1900.224574999811,6.902526633024951
1786200850,50,,Aggregated,34.800000,0.000000,580,780,900,980,1200,1300,1400,1500,1600,1800,1900,57111,0,580,604.3682886252029,1.3344819999474566,1900.224574999811,6.90254066642153
1786200851,50,,Aggregated,35.300000,0.000000,580,780,900,980,1200,1300,1400,1500,1600,1800,1900,57141,0,580,604.698566998547,1.3344819999474566,1900.224574999811,6.903116851297667
