Timestamp,User Count,Type,Name,Requests/s,Failures/s,50%,66%,75%,80%,90%,95%,98%,99%,99.9%,99.99%,100%,Total Request Count,Total Failure Count,Total Median Response Time,Total Average Response Time,Total Min Response Time,Total Max Response Time,Total Average Content Size
1786169744,0,,Aggregated,0.000000,0.000000,N/A,N/A,N/A,N/A,N/A,N/A,N/A,N/A,N/A,N/A,N/A,0,0,0,0.0,0,0,0
1786169745,5,,Aggregated,0.000000,0.000000,4,5,7,10,21,21,30,30,30,30,30,30,0,4,6.832890833235676,1.586688999850594,30.13214699967648,0.5666666666666667
1786169746,10,,Aggregated,0.000000,0.000000,4,5,6,7,10,17,21,30,30,30,30,86,0,4,5.68161101160132,1.586688999850594,30.13214699967648,0.8488372093023255
1786169747,15,,Aggregated,17.000000,0.000000,4,6,7,7,10,11,18,21,30,30,30,170,0,4,5.628892064698769,1.2976020002497535,30.13214699967648,1.5529411764705883
1786169748,20,,Aggregated,32.500000,0.000000,5,6,7,8,10,13,18,21,30,30,30,292,0,5,6.033872506842359,1.2976020002497535,30.13214699967648,2.085616438356164
1786169749,25,,Aggregated,45.000000,0.000000,5,7,8,9,11,14,19,21,30,30,30,429,0,5,6.496787244746472,1.2976020002497535,30.13214699967648,2.4825174825174825
1786169750,30,,Aggregated,60.750000,0.000000,6,8,9,10,13,17,21,22,30,30,30,590,0,6,7.247946954236286,1.2976020002497535,30.13214699967648,2.9101694915254237
1786169751,35,,Aggregated,74.800000,0.000000,7,9,10,11,15,20,24,36,55,55,55,785,0,7,8.26638400254686,1.2665170002037485,55.35357400003704,3.2089171974522293
1786169752,40,,Aggregated,87.166667,0.000000,7,10,11,13,17,21,28,36,53,55,55,1001,0,7,9.066873070925293,1.2665170002037485,55.35357400003704,3.3906093906093906
1786169753,45,,Aggregated,101.142857,0.000000,8,12,15,17,29,44,57,70,98,100,100,1220,0,8,13.048718645081564,1.2665170002037485,100.37299299983715,3.581967213114754
1786169754,50,,Aggregated,113.750000,0.000000,10,16,23,31,55,77,93,100,120,120,120,1437,0,10,20.117100171887852,1.2665170002037485,115.96101399982217,3.7028531663187194
1786169755,50,,Aggregated,125.888889,0.000000,12,20,31,40,63,79,95,100,120,130,130,1662,0,12,22.85116780265013,1.2665170002037485,128.93713799985562,3.9073405535499397
1786169756,50,,Aggregated,134.300000,0.000000,14,28,42,51,74,90,110,110,150,150,150,1880,0,14,27.425764347341342,1.2665170002037485,154.80961799994475,4.1063829787234045
1786169757,50,,Aggregated,154.600000,0.000000,17,35,48,56,78,95,110,120,140,150,150,2088,0,17,30.596337601534813,1.2665170002037485,154.80961799994475,4.295498084291188
1786169758,50,,Aggregated,171.100000,0.000000,20,42,55,63,84,100,110,120,150,160,160,2290,0,20,34.32507484978451,1.2665170002037485,162.8069130001677,4.4681222707423585
1786169759,50,,Aggregated,185.700000,0.000000,24,47,61,69,91,110,120,140,160,170,170,2484,0,24,37.8138517584556,1.2665170002037485,170.39517800003523,4.628019323671498
1786169760,50,,Aggregated,195.400000,0.000000,29,54,67,76,100,120,150,170,200,210,210,2674,0,29,42.72600004038964,1.2665170002037485,209.38613499993153,4.764771877337322
1786169761,50,,Aggregated,202.700000,0.000000,33,59,73,82,110,130,150,170,200,210,210,2857,0,33,46.04771932131719,1.2665170002037485,209.38613499993153,4.882394119705985
1786169762,50,,Aggregated,206.400000,0.000000,38,64,79,88,110,140,160,170,200,210,210,3029,0,38,49.820968146583404,1.2665170002037485,209.38613499993153,5.023770221195114
1786169763,50,,Aggregated,206.500000,0.000000,42,66,82,92,120,140,160,170,200,210,210,3220,0,42,51.88307445279414,1.2665170002037485,209.38613499993153,5.130745341614907
1786169764,50,,Aggregated,203.100000,0.000000,45,70,85,94,120,140,160,170,200,210,210,3413,0,45,54.0618315514202,1.2665170002037485,209.38613499993153,5.209493114561969
1786169765,50,,Aggregated,200.000000,0.000000,48,72,87,96,120,140,160,170,200,210,210,3602,0,48,55.662055247917216,1.2665170002037485,209.38613499993153,5.289283731260411
1786169766,50,,Aggregated,196.600000,0.000000,52,75,90,100,130,140,160,170,200,210,210,3778,0,52,57.981960018793124,1.2665170002037485,209.38613499993153,5.3761249338274215
1786169767,50,,Aggregated,194.100000,0.000000,55,79,94,100,130,150,170,180,210,220,220,3955,0,55,60.47773510973481,1.2665170002037485,223.62195599998813,5.441466498103666
1786169768,50,,Aggregated,191.300000,0.000000,58,81,97,110,130,150,170,180,200,220,220,4135,0,58,62.41975418258794,1.2665170002037485,223.62195599998813,5.499637243047158
1786169769,50,,Aggregated,186.500000,0.000000,59,83,99,110,140,150,170,180,200,220,220,4312,0,59,63.7595057300569,1.2665170002037485,223.62195599998813,5.5521799628942485
1786169770,50,,Aggregated,184.100000,0.000000,62,86,100,110,140,160,170,180,200,220,220,4479,0,62,66.10373519468747,1.2665170002037485,223.62195599998813,5.633177048448315
1786169771,50,,Aggregated,182.100000,0.000000,64,88,100,120,140,160,180,180,210,220,220,4642,0,64,68.05999872253429,1.2665170002037485,223.62195599998813,5.696036191296855
1786169772,50,,Aggregated,180.000000,0.000000,65,90,110,120,140,160,180,200,280,310,310,4808,0,65,70.05602833111537,1.2665170002037485,306.54248599967104,5.740640599001664
1786169773,50,,Aggregated,178.000000,0.000000,67,93,110,120,150,170,180,200,280,310,310,4977,0,67,71.76842130440043,1.2665170002037485,306.54248599967104,5.7727546714888485
1786169774,50,,Aggregated,176.600000,0.000000,69,95,110,120,150,170,180,200,270,310,310,5141,0,69,73.53452683874762,1.2665170002037485,306.54248599967104,5.820073915580626
1786169775,50,,Aggregated,174.800000,0.000000,71,96,110,130,150,170,190,200,270,310,310,5321,0,71,74.73775469178769,1.2665170002037485,306.54248599967104,5.841195264048111
1786169776,50,,Aggregated,173.300000,0.000000,72,98,110,130,150,170,190,200,270,310,310,5501,0,72,75.59264358134948,1.2665170002037485,306.54248599967104,5.857298672968551
1786169777,50,,Aggregated,170.800000,0.000000,74,99,120,130,150,170,190,200,270,310,310,5669,0,74,76.8844890968429,1.2665170002037485,306.54248599967104,5.888340095254895
1786169778,50,,Aggregated,170.300000,0.000000,75,100,120,130,160,170,190,210,270,310,310,5839,0,75,78.45871390118215,1.2665170002037485,306.54248599967104,5.915567734201062
1786169779,50,,Aggregated,171.400000,0.000000,77,100,120,130,160,170,190,210,270,310,310,6005,0,77,79.72943803180827,1.2665170002037485,306.54248599967104,5.935220649458785
1786169780,50,,Aggregated,169.800000,0.000000,78,100,120,130,160,180,200,210,270,310,310,6167,0,78,81.29924238138553,1.2665170002037485,306.54248599967104,5.964164099237879
1786169781,50,,Aggregated,168.300000,0.000000,79,110,120,140,160,180,200,210,270,310,310,6341,0,79,82.21487279987429,1.2665170002037485,306.54248599967104,5.978709982652578
1786169782,50,,Aggregated,167.700000,0.000000,80,110,130,140,160,180,210,220,270,310,310,6484,0,80,83.87720385009352,1.2665170002037485,306.54248599967104,6.014959901295496
1786169783,50,,Aggregated,167.600000,0.000000,82,110,130,140,170,180,210,220,270,310,310,6636,0,82,85.23356554686671,1.2665170002037485,306.54248599967104,6.0519891500904155
1786169784,50,,Aggregated,168.500000,0.000000,83,110,130,140,170,190,210,220,270,310,310,6799,0,83,86.47929076231915,1.2665170002037485,306.54248599967104,6.065744962494485
1786169785,50,,Aggregated,165.800000,0.000000,84,110,130,140,170,190,210,220,270,310,310,6956,0,84,87.35756842740153,1.2665170002037485,306.54248599967104,6.078349626221967
1786169786,50,,Aggregated,165.400000,0.000000,85,110,130,140,170,190,210,220,270,310,310,7114,0,85,88.59665419721755,1.2665170002037485,306.54248599967104,6.103598538093899
1786169787,50,,Aggregated,163.900000,0.000000,86,110,140,150,170,190,210,230,270,310,310,7275,0,86,89.859798573197,1.2665170002037485,306.54248599967104,6.1224742268041235
1786169788,50,,Aggregated,161.800000,0.000000,87,120,140,150,170,190,220,230,270,310,310,7427,0,87,90.79485033230216,1.2665170002037485,306.54248599967104,6.146627171132355
1786169789,50,,Aggregated,159.400000,0.000000,88,120,140,150,170,190,220,230,270,310,310,7600,0,88,91.41170935960663,1.2665170002037485,306.54248599967104,6.144868421052632
1786169790,50,,Aggregated,159.000000,0.000000,89,120,140,150,180,190,220,230,270,310,310,7746,0,89,92.57565731655164,1.2665170002037485,306.54248599967104,6.174928995610638
1786169791,50,,Aggregated,158.400000,0.000000,90,120,140,150,180,200,220,240,290,320,320,7895,0,90,93.8351654219137,1.2665170002037485,324.53558999986853,6.188853704876504
1786169792,50,,Aggregated,158.200000,0.000000,91,120,140,150,180,200,230,250,310,340,340,8032,0,91,95.66232388359161,1.2665170002037485,335.1286480001363,6.207793824701195
1786169793,50,,Aggregated,156.900000,0.000000,92,120,140,160,180,210,230,250,310,340,340,8176,0,92,96.69744218101867,1.2665170002037485,335.1286480001363,6.232999021526418
1786169794,50,,Aggregated,154.300000,0.000000,93,130,140,160,180,210,230,260,310,340,340,8324,0,93,97.83977988190904,1.2665170002037485,335.1286480001363,6.251922152811148
1786169795,50,,Aggregated,153.300000,0.000000,94,130,150,160,190,210,240,260,310,340,340,8473,0,94,98.92895145403214,1.2665170002037485,335.1286480001363,6.268263897084858
1786169796,50,,Aggregated,152.000000,0.000000,95,130,150,160,190,210,240,260,310,360,360,8618,0,95,100.13019364887647,1.2665170002037485,357.2471269999369,6.279995358551868
1786169797,50,,Aggregated,151.400000,0.000000,96,130,150,160,190,210,240,260,310,360,360,8750,0,96,101.34294692320182,1.2665170002037485,357.2471269999369,6.301828571428572
1786169798,50,,Aggregated,150.000000,0.000000,97,130,150,160,190,220,240,270,320,360,360,8901,0,97,102.54174376272499,1.2665170002037485,357.2471269999369,6.311762723289518
1786169799,50,,Aggregated,148.800000,0.000000,98,130,150,170,190,220,250,270,310,360,360,9042,0,98,103.77218360031118,1.2665170002037485,357.2471269999369,6.3305684583056845
1786169800,50,,Aggregated,146.400000,0.000000,99,130,160,170,200,220,250,270,310,360,360,9184,0,99,104.98938088055462,1.2665170002037485,357.2471269999369,6.341572299651568
1786169801,50,,Aggregated,144.800000,0.000000,100,140,160,170,200,220,250,270,310,360,360,9337,0,100,105.68861999657454,1.2665170002037485,357.2471269999369,6.345828424547499
1786169802,50,,Aggregated,143.200000,0.000000,100,140,160,170,200,220,250,270,320,360,360,9481,0,100,106.55589602879621,1.2665170002037485,357.2471269999369,6.345427697500264
1786169803,50,,Aggregated,142.300000,0.000000,100,140,160,170,200,230,250,270,320,360,360,9614,0,100,107.790279988248,1.2665170002037485,357.2471269999369,6.362700228832952
1786169804,50,,Aggregated,143.900000,0.000000,100,140,160,170,210,230,260,280,320,360,360,9744,0,100,109.24140823481292,1.2665170002037485,357.2471269999369,6.378386699507389
1786169805,50,,Aggregated,143.800000,0.000000,100,140,160,170,210,230,260,280,320,360,360,9878,0,100,110.38447353847101,1.2665170002037485,357.2471269999369,6.38803401498279
1786169806,50,,Aggregated,142.900000,0.000000,110,140,160,180,210,240,260,280,320,340,360,10008,0,110,111.5194061274996,1.2665170002037485,357.2471269999369,6.405975219824141
1786169807,50,,Aggregated,140.500000,0.000000,110,140,170,180,210,240,270,280,320,340,360,10153,0,110,112.57078037634336,1.2665170002037485,357.2471269999369,6.41101152368758
1786169808,50,,Aggregated,139.600000,0.000000,110,140,170,180,210,240,270,280,320,340,360,10280,0,110,113.69248526138256,1.2665170002037485,357.2471269999369,6.425194552529183
1786169809,50,,Aggregated,139.000000,0.000000,110,150,170,180,220,240,270,290,330,360,380,10418,0,110,114.93249611739431,1.2665170002037485,378.00278899976547,6.431272797081974
1786169810,50,,Aggregated,139.500000,0.000000,110,150,170,180,220,250,280,290,330,380,440,10547,0,110,116.17707927657254,1.2665170002037485,435.15339599980507,6.441736986820897
1786169811,50,,Aggregated,136.700000,0.000000,110,150,170,180,220,250,280,290,330,380,440,10693,0,110,116.76532187880035,1.2665170002037485,435.15339599980507,6.438885252034041
1786169812,50,,Aggregated,136.500000,0.000000,110,150,170,190,220,250,280,300,340,380,440,10814,0,110,117.83577996865273,1.2665170002037485,435.15339599980507,6.4500647309043835
1786169813,50,,Aggregated,135.200000,0.000000,110,150,170,190,220,250,280,300,340,380,440,10948,0,110,119.05306741176602,1.2665170002037485,435.15339599980507,6.453324808184143
1786169814,50,,Aggregated,134.100000,0.000000,110,150,170,190,220,250,280,300,340,380,440,11079,0,110,119.88745763733316,1.2665170002037485,435.15339599980507,6.460059572163552
1786169815,50,,Aggregated,132.600000,0.000000,110,150,180,190,220,250,280,300,340,380,440,11216,0,110,120.63462754359966,1.2665170002037485,435.15339599980507,6.460502853067047
1786169816,50,,Aggregated,132.600000,0.000000,120,150,180,190,230,260,290,300,350,380,440,11354,0,120,121.8042364860856,1.2665170002037485,435.15339599980507,6.46212788444601
1786169817,50,,Aggregated,133.500000,0.000000,120,160,180,190,230,260,290,310,350,380,440,11475,0,120,122.79742232601454,1.2665170002037485,435.15339599980507,6.472418300653595
1786169818,50,,Aggregated,133.200000,0.000000,120,160,180,190,230,260,290,310,360,430,440,11601,0,120,123.97374051892211,1.2665170002037485,435.15339599980507,6.47711404189294
1786169819,50,,Aggregated,133.300000,0.000000,120,160,180,200,230,260,300,310,360,430,440,11731,0,120,125.09366173523263,1.2665170002037485,435.15339599980507,6.478646321711704
1786169820,50,,Aggregated,131.300000,0.000000,120,160,180,200,240,270,300,310,360,430,440,11856,0,120,125.97985362339874,1.2665170002037485,435.15339599980507,6.484564777327935
1786169821,50,,Aggregated,132.600000,0.000000,120,160,180,200,240,270,300,320,380,430,440,11968,0,120,127.32457763611434,1.2665170002037485,435.15339599980507,6.4999164438502675
1786169822,50,,Aggregated,130.800000,0.000000,120,160,190,200,240,270,310,330,390,430,440,12086,0,120,128.58938340766306,1.2665170002037485,435.15339599980507,6.506784709581334
1786169823,50,,Aggregated,130.400000,0.000000,120,160,190,200,240,280,310,330,400,440,440,12201,0,120,129.7904012208031,1.2665170002037485,438.6911010001313,6.510204081632653
1786169824,50,,Aggregated,127.100000,0.000000,120,160,190,210,250,280,310,330,400,440,440,12318,0,120,130.860678121937,1.2665170002037485,438.6911010001313,6.519808410456243
1786169825,50,,Aggregated,126.300000,0.000000,130,170,190,210,250,280,320,340,400,440,440,12433,0,130,132.12088943111203,1.2665170002037485,439.99937299986414,6.5286736909836725
1786169826,50,,Aggregated,125.000000,0.000000,130,170,190,210,250,290,320,350,410,440,440,12551,0,130,133.18942226898366,1.2665170002037485,439.99937299986414,6.535017130109154
1786169827,50,,Aggregated,123.000000,0.000000,130,170,190,210,250,290,320,350,410,440,440,12675,0,130,134.2018199747545,1.2665170002037485,439.99937299986414,6.538145956607495
1786169828,50,,Aggregated,121.700000,0.000000,130,170,190,210,260,290,320,350,410,440,440,12795,0,130,135.13793139132585,1.2665170002037485,439.99937299986414,6.544822196170379
1786169829,50,,Aggregated,118.800000,0.000000,130,170,200,210,260,290,330,350,410,440,440,12918,0,130,136.11170322906145,1.2665170002037485,439.99937299986414,6.545982350209011
1786169830,50,,Aggregated,119.100000,0.000000,130,170,200,210,260,290,330,350,410,440,440,13034,0,130,136.9425215663664,1.2665170002037485,439.99937299986414,6.551404020254719
1786169831,50,,Aggregated,118.400000,0.000000,130,170,200,220,260,290,330,350,410,440,440,13152,0,130,137.95648558128173,1.2665170002037485,439.99937299986414,6.552691605839416
1786169832,50,,Aggregated,118.600000,0.000000,130,170,200,220,260,300,330,350,410,440,440,13265,0,130,138.9745629201672,1.2665170002037485,439.99937299986414,6.560196004523181
1786169833,50,,Aggregated,117.000000,0.000000,130,170,200,220,270,300,340,360,430,460,480,13373,0,130,140.3392008950886,1.2665170002037485,477.57132200013075,6.567785837134525
1786169834,50,,Aggregated,117.900000,0.000000,130,180,200,220,270,300,340,360,430,460,480,13504,0,130,141.15252575844326,1.2665170002037485,477.57132200013075,6.563314573459715
1786169835,50,,Aggregated,118.100000,0.000000,130,180,200,220,270,300,340,360,430,460,480,13614,0,130,141.89993707529143,1.2665170002037485,477.57132200013075,6.567577493756427
1786169836,50,,Aggregated,116.000000,0.000000,140,180,210,220,270,310,340,370,430,460,480,13727,0,140,142.96586531099427,1.2665170002037485,477.57132200013075,6.571792817075836
1786169837,50,,Aggregated,118.300000,0.000000,140,180,210,230,270,310,350,370,430,460,480,13843,0,140,144.0474188807352,1.2665170002037485,477.57132200013075,6.5774037419634475
1786169838,50,,Aggregated,117.400000,0.000000,140,180,210,230,280,310,350,370,430,460,480,13956,0,140,145.00142868135683,1.2665170002037485,477.57132200013075,6.581470335339639
1786169839,50,,Aggregated,117.700000,0.000000,140,180,210,230,280,310,350,370,430,460,480,14067,0,140,146.06796370903655,1.2665170002037485,477.57132200013075,6.587118788654298
1786169840,50,,Aggregated,116.300000,0.000000,140,180,210,230,280,320,350,370,430,460,480,14188,0,140,146.9967797910924,1.2665170002037485,477.57132200013075,6.587327318861009
1786169841,50,,Aggregated,115.200000,0.000000,140,180,210,230,280,320,360,380,440,480,500,14285,0,140,147.99595616758972,1.2665170002037485,501.7770939998627,6.595799789989499
1786169842,50,,Aggregated,113.900000,0.000000,140,180,210,230,280,320,360,390,440,490,500,14388,0,140,149.18467545600632,1.2665170002037485,501.7770939998627,6.603489018626633
1786169843,50,,Aggregated,114.800000,0.000000,140,190,220,240,290,320,360,390,450,500,500,14497,0,140,150.2760791274067,1.2665170002037485,501.7770939998627,6.602814375388012
1786169844,50,,Aggregated,112.900000,0.000000,140,190,220,240,290,320,370,390,450,500,500,14610,0,140,151.1091850759079,1.2665170002037485,501.7770939998627,6.60444900752909
1786169845,50,,Aggregated,112.200000,0.000000,140,190,220,240,290,330,370,390,450,500,500,14731,0,140,152.0732758993287,1.2665170002037485,501.7770939998627,6.6024709795669
1786169846,50,,Aggregated,112.400000,0.000000,140,190,220,240,290,330,370,390,450,500,500,14847,0,140,152.8090491168594,1.2665170002037485,501.7770939998627,6.60342156664646
1786169847,50,,Aggregated,110.300000,0.000000,140,190,220,240,290,330,370,390,450,500,500,14951,0,140,153.80234854658624,1.2665170002037485,501.7770939998627,6.607651662096181
1786169848,50,,Aggregated,111.000000,0.000000,150,190,220,240,290,330,370,400,450,500,510,15052,0,150,154.90619036726088,1.2665170002037485,509.0092539999205,6.611812383736381
1786169849,50,,Aggregated,111.400000,0.000000,150,190,220,250,300,340,370,400,450,500,510,15160,0,150,155.7982054780347,1.2665170002037485,509.0092539999205,6.615501319261214
1786169850,50,,Aggregated,110.500000,0.000000,150,190,230,250,300,340,370,400,450,500,510,15272,0,150,156.72792981967038,1.2665170002037485,509.0092539999205,6.615440020953379
1786169851,50,,Aggregated,109.200000,0.000000,150,190,230,250,300,340,370,400,450,500,510,15384,0,150,157.5029868625197,1.2665170002037485,509.0092539999205,6.6173296931877275
1786169852,50,,Aggregated,108.900000,0.000000,150,200,230,250,300,340,380,400,450,510,540,15491,0,150,158.48566409095613,1.2665170002037485,539.3150089998926,6.620037441094829
1786169853,50,,Aggregated,108.200000,0.000000,150,200,230,250,300,340,380,400,460,510,540,15581,0,150,159.42437141223272,1.2665170002037485,539.3150089998926,6.62544124253899
1786169854,50,,Aggregated,109.400000,0.000000,150,200,230,250,310,350,390,410,500,540,540,15675,0,150,160.86618703425816,1.2665170002037485,543.0600889999369,6.6303668261563
1786169855,50,,Aggregated,109.300000,0.000000,150,200,230,260,310,350,390,410,500,540,540,15787,0,150,161.85742203065806,1.2665170002037485,543.0600889999369,6.630202064990182
1786169856,50,,Aggregated,108.000000,0.000000,150,200,230,260,310,350,390,410,500,540,540,15894,0,150,162.57963858487454,1.2665170002037485,543.0600889999369,6.631496162073739
1786169857,50,,Aggregated,106.100000,0.000000,150,200,240,260,310,350,390,420,500,540,540,16001,0,150,163.58670038097563,1.2665170002037485,543.0600889999369,6.634022873570402
1786169858,50,,Aggregated,105.300000,0.000000,150,200,240,260,310,350,390,420,500,540,540,16114,0,150,164.2580839989447,1.2665170002037485,543.0600889999369,6.633424351495594
1786169859,50,,Aggregated,104.200000,0.000000,150,210,240,260,320,360,390,420,500,540,540,16221,0,150,165.33320605967546,1.2665170002037485,543.0600889999369,6.6365205597682015
1786169860,50,,Aggregated,104.800000,0.000000,160,210,240,260,320,360,400,420,500,540,540,16320,0,160,166.15369721593112,1.2665170002037485,543.0600889999369,6.637316176470589
1786169862,50,,Aggregated,105.800000,0.000000,160,210,240,260,320,360,400,420,500,550,560,16423,0,160,166.93670014083867,1.2665170002037485,564.0433339999618,6.63770322109237
1786169863,50,,Aggregated,105.700000,0.000000,160,210,240,270,320,360,400,430,500,560,560,16528,0,160,167.98948311900963,1.2665170002037485,564.0433339999618,6.640307357212004
1786169864,50,,Aggregated,104.400000,0.000000,160,210,250,270,320,360,400,430,500,560,560,16628,0,160,168.77742764800283,1.2665170002037485,564.0433339999618,6.64006495068559
1786169865,50,,Aggregated,103.500000,0.000000,160,210,250,270,320,370,400,430,510,560,570,16726,0,160,169.75001322802808,1.2665170002037485,573.4023109998816,6.642413009685519
1786169866,50,,Aggregated,104.300000,0.000000,160,210,250,270,330,370,410,430,510,560,570,16830,0,160,170.75392555020798,1.2665170002037485,573.4023109998816,6.643553178847297
1786169867,50,,Aggregated,104.400000,0.000000,160,210,250,270,330,370,410,430,510,560,570,16938,0,160,171.50833286125876,1.2665170002037485,573.4023109998816,6.6419293895383165
1786169868,50,,Aggregated,103.600000,0.000000,160,210,250,270,330,370,410,430,510,560,570,17038,0,160,172.43243262448675,1.2665170002037485,573.4023109998816,6.644030989552764
1786169869,50,,Aggregated,103.600000,0.000000,160,220,250,280,330,370,410,440,510,560,570,17141,0,160,173.22827006429054,1.2665170002037485,573.4023109998816,6.642611282888979
1786169870,50,,Aggregated,103.200000,0.000000,160,220,250,280,330,370,410,440,510,560,570,17238,0,160,173.98453419300398,1.2665170002037485,573.4023109998816,6.646420698456898
1786169871,50,,Aggregated,102.500000,0.000000,160,220,260,280,340,380,410,440,510,560,570,17345,0,160,174.89223214027106,1.2665170002037485,573.4023109998816,6.644623810896512
1786169872,50,,Aggregated,102.500000,0.000000,160,220,260,280,340,380,410,440,510,560,570,17442,0,160,175.6087317668846,1.2665170002037485,573.4023109998816,6.646084164660016
1786169873,50,,Aggregated,101.900000,0.000000,160,220,260,280,340,380,410,440,510,560,570,17546,0,160,176.49846803220112,1.2665170002037485,573.4023109998816,6.64715604696227
1786169874,50,,Aggregated,101.900000,0.000000,170,220,260,280,340,380,420,440,520,560,570,17639,0,170,177.49836480225636,1.2665170002037485,573.4023109998816,6.646691989341799
1786169875,50,,Aggregated,101.600000,0.000000,170,220,260,280,340,380,420,450,540,580,610,17718,0,170,178.5915606423974,1.2665170002037485,611.2195910000082,6.652613161756406
1786169876,50,,Aggregated,101.100000,0.000000,170,220,260,290,340,390,430,460,540,580,610,17816,0,170,179.52168519302856,1.2665170002037485,611.2195910000082,6.654187247418051
1786169877,50,,Aggregated,98.900000,0.000000,170,220,260,290,350,390,430,460,540,580,610,17911,0,170,180.34387736491504,1.2665170002037485,611.2195910000082,6.655183965161074
1786169878,50,,Aggregated,98.700000,0.000000,170,230,260,290,350,390,430,460,540,590,610,18004,0,170,181.4400450660959,1.2665170002037485,611.2195910000082,6.6591313041546325
1786169879,50,,Aggregated,97.300000,0.000000,170,230,270,290,350,390,440,460,540,590,610,18095,0,170,182.24886667747953,1.2665170002037485,611.2195910000082,6.662116606797458
1786169880,50,,Aggregated,96.300000,0.000000,170,230,270,290,350,390,440,460,540,610,610,18189,0,170,183.21993494249242,1.2665170002037485,611.2195910000082,6.663422947935565
1786169881,50,,Aggregated,95.200000,0.000000,170,230,270,290,350,390,440,460,540,610,610,18285,0,170,183.989341276948,1.2665170002037485,611.2195910000082,6.664533770850424
1786169882,50,,Aggregated,94.900000,0.000000,170,230,270,290,360,400,440,470,550,610,650,18377,0,170,184.97873067725916,1.2665170002037485,652.1670189999895,6.667083854818523
1786169883,50,,Aggregated,94.000000,0.000000,170,230,270,300,360,400,440,470,550,610,650,18474,0,170,185.7132585721009,1.2665170002037485,652.1670189999895,6.6672620980837936
1786169884,50,,Aggregated,93.000000,0.000000,170,230,270,300,360,400,440,470,550,610,650,18570,0,170,186.4782431660203,1.2665170002037485,652.1670189999895,6.6688745288099085
1786169885,50,,Aggregated,92.500000,0.000000,170,230,270,300,360,400,450,470,550,650,650,18660,0,170,187.47680781382627,1.2665170002037485,652.641512000173,6.668863879957128
1786169886,50,,Aggregated,92.400000,0.000000,170,240,280,300,360,400,450,470,550,650,650,18748,0,170,188.24302021223593,1.2665170002037485,652.641512000173,6.671164924258588
1786169887,50,,Aggregated,94.200000,0.000000,170,240,280,300,360,400,450,480,560,650,650,18843,0,170,189.23191948750207,1.2665170002037485,652.641512000173,6.672026747333227
1786169888,50,,Aggregated,93.000000,0.000000,180,240,280,300,370,410,450,480,560,650,650,18932,0,180,190.09350529579527,1.2665170002037485,652.641512000173,6.674994717937883
1786169889,50,,Aggregated,92.500000,0.000000,180,240,280,300,370,410,460,490,560,650,650,19011,0,180,191.05903371216633,1.2665170002037485,652.641512000173,6.679869549208353
1786169890,50,,Aggregated,92.600000,0.000000,180,240,280,310,370,410,460,490,560,650,650,19098,0,180,191.99445412069278,1.2665170002037485,652.641512000173,6.682427479317206
1786169891,50,,Aggregated,91.500000,0.000000,180,240,280,310,370,410,460,500,570,650,660,19183,0,180,193.02212946499466,1.2665170002037485,658.112575999894,6.687744356982745
1786169892,50,,Aggregated,91.100000,0.000000,180,240,280,310,370,420,470,500,570,650,660,19278,0,180,194.0206615463219,1.2665170002037485,658.112575999894,6.687986305633364
1786169893,50,,Aggregated,89.800000,0.000000,180,240,290,310,380,420,470,500,570,650,660,19370,0,180,194.87692042157948,1.2665170002037485,658.112575999894,6.688745482705214
1786169894,50,,Aggregated,89.900000,0.000000,180,240,290,310,380,420,470,500,570,650,660,19462,0,180,195.5900164858695,1.2665170002037485,658.112575999894,6.689497482273148
1786169895,50,,Aggregated,89.400000,0.000000,180,250,290,310,380,420,470,500,570,650,660,19555,0,180,196.39557738327767,1.2665170002037485,658.112575999894,6.687343390437229
1786169896,50,,Aggregated,89.200000,0.000000,180,250,290,310,380,430,470,500,580,650,660,19646,0,180,197.1080059544433,1.2665170002037485,658.112575999894,6.689453323831823
1786169897,50,,Aggregated,89.300000,0.000000,180,250,290,320,380,430,480,510,580,650,660,19736,0,180,198.1700551038708,1.2665170002037485,658.112575999894,6.6908694770976895
1786169898,50,,Aggregated,89.300000,0.000000,180,250,290,320,380,430,480,510,580,650,660,19821,0,180,198.93107079314836,1.2665170002037485,658.112575999894,6.694465465919984
1786169899,50,,Aggregated,88.800000,0.000000,180,250,290,320,390,430,480,510,590,650,660,19902,0,180,199.82269955878783,1.2665170002037485,658.112575999894,6.696864636719928
1786169900,50,,Aggregated,88.600000,0.000000,180,250,290,320,390,440,490,520,590,660,710,19990,0,180,200.81546485442703,1.2665170002037485,712.4673049997909,6.697398699349675
1786169901,50,,Aggregated,88.400000,0.000000,180,250,300,320,390,440,490,520,590,650,710,20067,0,180,201.71083359585361,1.2665170002037485,712.4673049997909,6.702596302387003
1786169902,50,,Aggregated,88.400000,0.000000,180,250,300,320,390,440,490,520,600,690,710,20164,0,180,202.4644727475199,1.2665170002037485,712.5855559997945,6.699613171989685
1786169903,50,,Aggregated,88.200000,0.000000,190,260,300,330,390,440,490,520,600,690,710,20253,0,190,203.33667776995944,1.2665170002037485,712.5855559997945,6.701278822890436
1786169904,50,,Aggregated,88.600000,0.000000,190,260,300,330,390,440,490,520,600,690,710,20340,0,190,204.16435743628247,1.2665170002037485,712.5855559997945,6.703097345132743
1786169905,50,,Aggregated,88.000000,0.000000,190,260,300,330,390,440,490,520,600,690,710,20422,0,190,204.9325133488388,1.2665170002037485,712.5855559997945,6.702624620507296
1786169906,50,,Aggregated,87.300000,0.000000,190,260,300,330,400,450,500,530,610,690,710,20502,0,190,205.8275129772698,1.2665170002037485,712.5855559997945,6.705736025753585
1786169907,50,,Aggregated,86.600000,0.000000,190,260,300,330,400,450,500,530,610,690,710,20589,0,190,206.76456801053894,1.2665170002037485,712.5855559997945,6.707999417164506
1786169908,50,,Aggregated,85.600000,0.000000,190,260,300,330,400,450,500,530,610,690,710,20673,0,190,207.6279663981033,1.2665170002037485,712.5855559997945,6.710250084651478
1786169909,50,,Aggregated,85.500000,0.000000,190,260,310,340,400,450,500,530,610,690,710,20763,0,190,208.44357951996304,1.2665170002037485,712.5855559997945,6.711024418436642
1786169910,50,,Aggregated,85.000000,0.000000,190,260,310,340,400,450,500,530,620,690,710,20846,0,190,209.1381858850136,1.2665170002037485,712.5855559997945,6.713086443442387
1786169911,50,,Aggregated,85.700000,0.000000,190,260,310,340,400,460,500,530,620,690,710,20932,0,190,209.89140353630782,1.2665170002037485,712.5855559997945,6.71225874259507
1786169912,50,,Aggregated,85.500000,0.000000,190,260,310,340,410,460,510,530,620,690,710,21028,0,190,210.67031576193648,1.2665170002037485,712.5855559997945,6.70919726079513
1786169913,50,,Aggregated,86.300000,0.000000,190,270,310,340,410,460,510,530,620,690,710,21119,0,190,211.341816539325,1.2665170002037485,712.5855559997945,6.707751313982669
1786169914,50,,Aggregated,85.600000,0.000000,190,270,310,340,410,460,510,530,620,690,710,21213,0,190,211.93290341507628,1.2665170002037485,712.5855559997945,6.705840758025739
1786169915,50,,Aggregated,85.600000,0.000000,190,270,310,340,410,460,510,540,620,690,710,21300,0,190,212.72767921962492,1.2665170002037485,712.5855559997945,6.707089201877935
1786169916,50,,Aggregated,87.000000,0.000000,190,270,310,340,410,460,510,540,630,710,780,21374,0,190,213.60688946140226,1.2665170002037485,783.5766849998436,6.70960044914382
1786169917,50,,Aggregated,87.000000,0.000000,190,270,320,340,410,460,510,540,630,710,780,21457,0,190,214.41230797548664,1.2665170002037485,783.5766849998436,6.7106771682900686
1786169918,50,,Aggregated,86.900000,0.000000,200,270,320,350,420,470,520,540,630,710,780,21539,0,200,215.3346101595719,1.2665170002037485,783.5766849998436,6.7125214726774685
1786169919,50,,Aggregated,87.000000,0.000000,200,270,320,350,420,470,520,540,630,710,780,21630,0,200,216.00472444683396,1.2665170002037485,783.5766849998436,6.710633379565419
1786169920,50,,Aggregated,86.700000,0.000000,200,270,320,350,420,470,520,540,630,710,780,21710,0,200,216.87558831423385,1.2665170002037485,783.5766849998436,6.713542146476279
1786169921,50,,Aggregated,87.100000,0.000000,200,270,320,350,420,470,520,550,630,710,780,21786,0,200,217.75533106765883,1.2665170002037485,783.5766849998436,6.717203708803819
1786169922,50,,Aggregated,86.300000,0.000000,200,270,320,350,420,480,520,550,650,710,780,21861,0,200,218.6786689210016,1.2665170002037485,783.5766849998436,6.720232377292896
1786169923,50,,Aggregated,85.400000,0.000000,200,280,320,350,420,480,520,560,650,710,780,21954,0,200,219.40175902692064,1.2665170002037485,783.5766849998436,6.71863897239683
1786169924,50,,Aggregated,83.500000,0.000000,200,280,320,350,430,480,520,550,650,710,780,22037,0,200,220.04438297799229,1.2665170002037485,783.5766849998436,6.7164768344148476
1786169925,50,,Aggregated,84.100000,0.000000,200,280,330,360,430,480,530,560,650,710,780,22113,0,200,220.90466916877014,1.2665170002037485,783.5766849998436,6.720526387193054
1786169926,50,,Aggregated,83.000000,0.000000,200,280,330,360,430,480,530,560,650,710,780,22193,0,200,221.84580490749366,1.2665170002037485,783.5766849998436,6.720182039381787
1786169927,50,,Aggregated,81.800000,0.000000,200,280,330,360,430,480,530,560,650,710,780,22276,0,200,222.54384812021954,1.2665170002037485,783.5766849998436,6.719833004130005
1786169928,50,,Aggregated,81.900000,0.000000,200,280,330,360,430,480,530,570,650,710,780,22362,0,200,223.3283215880517,1.2665170002037485,783.5766849998436,6.719926661300421
1786169929,50,,Aggregated,81.800000,0.000000,200,280,330,360,430,490,530,570,650,710,780,22446,0,200,223.9888952613835,1.2665170002037485,783.5766849998436,6.719727345629511
1786169930,50,,Aggregated,82.200000,0.000000,210,280,330,360,430,490,540,570,650,710,780,22530,0,210,224.75442273364456,1.2665170002037485,783.5766849998436,6.720417221482468
1786169931,50,,Aggregated,81.400000,0.000000,210,280,330,360,430,490,540,570,650,710,780,22614,0,210,225.46340318811409,1.2665170002037485,783.5766849998436,6.718890952507296
1786169932,50,,Aggregated,81.600000,0.000000,210,290,340,360,440,490,540,570,650,710,780,22696,0,210,226.1883113046797,1.2665170002037485,783.5766849998436,6.718408530137469
1786169933,50,,Aggregated,82.400000,0.000000,210,290,340,370,440,490,540,570,650,710,780,22774,0,210,226.85250959102552,1.2665170002037485,783.5766849998436,6.719987705277949
1786169934,50,,Aggregated,83.500000,0.000000,210,290,340,370,440,490,540,570,660,720,780,22854,0,210,227.69069441725784,1.2665170002037485,783.5766849998436,6.720967883083924
1786169935,50,,Aggregated,82.300000,0.000000,210,290,340,370,440,500,540,570,660,720,780,22929,0,210,228.46478515918756,1.2665170002037485,783.5766849998436,6.722970910201055
1786169936,50,,Aggregated,81.200000,0.000000,210,290,340,370,440,500,550,580,680,750,780,23002,0,210,229.53487377362882,1.2665170002037485,783.5766849998436,6.725545604730024
1786169937,50,,Aggregated,80.900000,0.000000,210,290,340,370,450,500,550,590,680,750,780,23074,0,210,230.27978356825912,1.2665170002037485,783.5766849998436,6.727095432088064
1786169938,50,,Aggregated,80.000000,0.000000,210,290,340,370,450,500,550,590,680,750,780,23157,0,210,231.07495494921696,1.2665170002037485,783.5766849998436,6.725871226842855
1786169939,50,,Aggregated,79.200000,0.000000,210,290,340,370,450,500,550,590,680,750,780,23233,0,210,231.76959767541913,1.2665170002037485,783.5766849998436,6.728833986140404
1786169940,50,,Aggregated,79.000000,0.000000,210,290,340,370,450,500,550,590,680,750,780,23312,0,210,232.56087825004334,1.2665170002037485,783.5766849998436,6.730053191489362
1786169941,50,,Aggregated,78.400000,0.000000,210,290,350,380,450,510,560,590,680,750,780,23384,0,210,233.32496596625953,1.2665170002037485,783.5766849998436,6.733706808073896
1786169942,50,,Aggregated,78.300000,0.000000,210,300,350,380,450,510,560,600,680,770,780,23468,0,210,234.070007086885,1.2665170002037485,783.5766849998436,6.732614624169082
1786169943,50,,Aggregated,77.100000,0.000000,210,300,350,380,460,510,560,600,690,770,780,23536,0,210,234.91723542568914,1.2665170002037485,783.5766849998436,6.734831747110809
1786169944,50,,Aggregated,77.000000,0.000000,210,300,350,380,460,510,560,600,690,770,780,23620,0,210,235.58579434013623,1.2665170002037485,783.5766849998436,6.733319220999153
1786169945,50,,Aggregated,75.700000,0.000000,220,300,350,380,460,510,570,600,690,770,780,23700,0,220,236.4791078329544,1.2665170002037485,783.5766849998436,6.73464135021097
1786169946,50,,Aggregated,76.800000,0.000000,220,300,350,380,460,520,570,610,700,770,780,23762,0,220,237.22069556106476,1.2665170002037485,783.5766849998436,6.737690430098477
1786169947,50,,Aggregated,76.500000,0.000000,220,300,350,380,460,520,570,610,710,780,840,23844,0,220,238.15570833761197,1.2665170002037485,841.2310509997951,6.736327797349438
1786169948,50,,Aggregated,76.900000,0.000000,220,300,350,390,460,520,580,610,710,780,840,23915,0,220,238.9141670905298,1.2665170002037485,841.2310509997951,6.739744929960276
1786169949,50,,Aggregated,76.600000,0.000000,220,300,350,390,470,520,580,620,710,780,840,23980,0,220,239.77261652181076,1.2665170002037485,841.2310509997951,6.742743953294412
1786169950,50,,Aggregated,75.900000,0.000000,220,300,360,390,470,520,580,620,720,790,840,24054,0,220,240.66536475347206,1.2665170002037485,841.2310509997951,6.7444499875280615
1786169951,50,,Aggregated,74.800000,0.000000,220,300,360,390,470,520,590,620,720,790,840,24133,0,220,241.41523914639777,1.2665170002037485,841.2310509997951,6.744747855633365
1786169952,50,,Aggregated,74.100000,0.000000,220,310,360,390,470,530,590,620,720,790,840,24210,0,220,242.1041794604718,1.2665170002037485,841.2310509997951,6.744774886410574
1786169953,50,,Aggregated,73.800000,0.000000,220,310,360,390,470,530,590,620,720,800,840,24294,0,220,242.8255714391217,1.2665170002037485,841.2310509997951,6.743269943195851
1786169954,50,,Aggregated,74.200000,0.000000,220,310,360,390,470,530,590,620,720,800,840,24367,0,220,243.53185369015554,1.2665170002037485,841.2310509997951,6.74563959453359
1786169955,50,,Aggregated,75.000000,0.000000,220,310,360,390,480,530,590,620,720,800,840,24443,0,220,244.33678661297805,1.2665170002037485,841.2310509997951,6.7463486478746475
1786169956,50,,Aggregated,74.000000,0.000000,220,310,360,390,480,530,590,620,720,800,840,24514,0,220,245.07330650297885,1.2665170002037485,841.2310509997951,6.746797748225504
1786169957,50,,Aggregated,74.800000,0.000000,220,310,360,400,480,540,600,630,750,810,870,24588,0,220,246.07286148942669,1.2665170002037485,870.2476809999098,6.747234423295916
1786169958,50,,Aggregated,74.800000,0.000000,220,310,360,400,480,540,600,630,750,810,870,24665,0,220,246.68813546251886,1.2665170002037485,870.2476809999098,6.747253192783297
1786169959,50,,Aggregated,74.100000,0.000000,220,310,370,400,480,540,600,630,750,810,870,24736,0,220,247.3918947486671,1.2665170002037485,870.2476809999098,6.748908473479948
1786169960,50,,Aggregated,74.600000,0.000000,230,310,370,400,480,540,600,640,750,810,870,24804,0,230,248.27714926753856,1.2665170002037485,870.2476809999098,6.751773907434285
1786169961,50,,Aggregated,75.500000,0.000000,230,310,370,400,490,540,610,640,750,810,870,24874,0,230,249.11641334498017,1.2665170002037485,870.2476809999098,6.754482592265016
1786169962,50,,Aggregated,74.900000,0.000000,230,320,370,400,490,540,610,640,750,810,870,24942,0,230,249.92928599266443,1.2665170002037485,870.2476809999098,6.756515115066955
1786169963,50,,Aggregated,74.400000,0.000000,230,320,370,400,490,550,610,650,760,810,870,25011,0,230,250.83813627032245,1.2665170002037485,870.2476809999098,6.758266362800367
1786169964,50,,Aggregated,72.900000,0.000000,230,320,370,410,490,550,610,650,760,810,870,25084,0,230,251.59356742222272,1.2665170002037485,870.2476809999098,6.759328655716792
1786169965,50,,Aggregated,72.500000,0.000000,230,320,370,410,490,550,610,650,760,810,870,25164,0,230,252.26020000560482,1.2665170002037485,870.2476809999098,6.758504212366874
1786169966,50,,Aggregated,71.800000,0.000000,230,320,370,410,490,550,610,650,760,810,870,25247,0,230,252.79140595702603,1.2665170002037485,870.2476809999098,6.756485919119103
1786169967,50,,Aggregated,72.100000,0.000000,230,320,370,410,490,550,620,650,760,810,870,25314,0,230,253.6043187820588,1.2665170002037485,870.2476809999098,6.7591451370782965
1786169968,50,,Aggregated,73.000000,0.000000,230,320,380,410,500,560,620,650,760,810,870,25382,0,230,254.38407325459121,1.2665170002037485,870.2476809999098,6.760735954613506
1786169969,50,,Aggregated,72.800000,0.000000,230,320,380,410,500,560,620,650,760,810,870,25471,0,230,255.03754024553538,1.2665170002037485,870.2476809999098,6.757135565937733
1786169970,50,,Aggregated,71.800000,0.000000,230,320,380,410,500,560,620,650,760,810,870,25547,0,230,255.6161560336647,1.2665170002037485,870.2476809999098,6.756605472266802
1786169971,50,,Aggregated,72.800000,0.000000,230,320,380,410,500,560,620,650,760,810,870,25616,0,230,256.2939048480651,1.2665170002037485,870.2476809999098,6.757534353529044
1786169972,50,,Aggregated,74.200000,0.000000,230,330,380,410,500,560,620,660,760,810,870,25688,0,230,257.12175017039215,1.2665170002037485,870.2476809999098,6.758836810962317
1786169973,50,,Aggregated,74.700000,0.000000,230,330,380,420,500,560,620,660,760,810,870,25765,0,230,257.74869640788035,1.2665170002037485,870.2476809999098,6.758431981370076
1786169974,50,,Aggregated,74.100000,0.000000,240,330,380,420,500,560,620,660,770,810,870,25841,0,240,258.48697932371186,1.2665170002037485,870.2476809999098,6.7586780697341435
1786169975,50,,Aggregated,75.200000,0.000000,240,330,380,420,500,570,630,660,770,810,870,25910,0,240,259.19778942223223,1.2665170002037485,870.2476809999098,6.759204940177538
1786169976,50,,Aggregated,75.200000,0.000000,240,330,390,420,510,570,630,670,770,840,910,25981,0,240,260.0189581341379,1.2665170002037485,906.0333010002068,6.759978445787306
1786169977,50,,Aggregated,74.400000,0.000000,240,330,390,420,510,570,630,670,770,840,910,26049,0,240,260.70140893942306,1.2665170002037485,906.0333010002068,6.760758570386579
1786169978,50,,Aggregated,73.300000,0.000000,240,330,390,420,510,570,630,670,770,840,910,26129,0,240,261.43408681614414,1.2665170002037485,906.0333010002068,6.7595774809598534
1786169979,50,,Aggregated,73.500000,0.000000,240,330,390,420,510,570,630,670,770,840,910,26195,0,240,262.105099999123,1.2665170002037485,906.0333010002068,6.761252147356366
1786169980,50,,Aggregated,73.900000,0.000000,240,330,390,420,510,570,630,670,770,840,910,26276,0,240,262.7063492036469,1.2665170002037485,906.0333010002068,6.759438270665246
1786169981,50,,Aggregated,72.600000,0.000000,240,330,390,430,510,570,630,670,770,840,910,26346,0,240,263.390617520839,1.2665170002037485,906.0333010002068,6.758938738328399
1786169982,50,,Aggregated,73.000000,0.000000,240,340,390,430,510,580,640,670,770,840,910,26414,0,240,264.09651419997056,1.2665170002037485,906.0333010002068,6.760846520784432
1786169983,50,,Aggregated,72.400000,0.000000,240,340,390,430,520,580,640,680,770,840,910,26475,0,240,264.9530923207185,1.2665170002037485,906.0333010002068,6.763399433427762
1786169984,50,,Aggregated,73.000000,0.000000,240,340,390,430,520,580,640,680,770,840,910,26546,0,240,265.76227206132836,1.2665170002037485,906.0333010002068,6.764521961877496
1786169985,50,,Aggregated,71.300000,0.000000,240,340,390,430,520,580,640,680,770,850,910,26616,0,240,266.53726751228663,1.2665170002037485,906.0333010002068,6.765516982266306
1786169986,50,,Aggregated,71.000000,0.000000,240,340,400,430,520,590,650,680,770,850,910,26699,0,240,267.1414206067651,1.2665170002037485,906.0333010002068,6.762837559459156
1786169987,50,,Aggregated,70.200000,0.000000,240,340,400,430,520,590,650,680,780,850,910,26763,0,240,267.69035802473655,1.2665170002037485,906.0333010002068,6.763105780368419
1786169988,50,,Aggregated,70.900000,0.000000,240,340,400,430,520,590,650,690,790,870,910,26832,0,240,268.56482910975785,1.2665170002037485,906.0333010002068,6.764348539057841
1786169989,50,,Aggregated,71.900000,0.000000,250,340,400,430,520,590,650,690,790,890,920,26901,0,250,269.3837232835593,1.2665170002037485,923.096617000283,6.765584922493588
1786169990,50,,Aggregated,71.000000,0.000000,250,340,400,440,530,590,650,690,790,890,920,26968,0,250,270.0564254776412,1.2665170002037485,923.096617000283,6.766575200237319
1786169991,50,,Aggregated,70.200000,0.000000,250,340,400,440,530,590,660,690,790,890,920,27045,0,250,270.76131448985126,1.2665170002037485,923.096617000283,6.765058236272878
1786169992,50,,Aggregated,68.800000,0.000000,250,340,400,440,530,590,660,690,790,890,920,27126,0,250,271.3295347082882,1.2665170002037485,923.096617000283,6.762921182629212
1786169993,50,,Aggregated,69.400000,0.000000,250,340,400,440,530,590,660,690,790,890,920,27196,0,250,271.8504064798877,1.2665170002037485,923.096617000283,6.763531401676717
1786169994,50,,Aggregated,70.200000,0.000000,250,350,400,440,530,600,660,700,790,890,920,27258,0,250,272.6570548744231,1.2665170002037485,923.096617000283,6.76502311248074
1786169995,50,,Aggregated,71.500000,0.000000,250,350,400,440,530,600,660,700,800,890,920,27327,0,250,273.3914069215071,1.2665170002037485,923.096617000283,6.765140703333699
1786169996,50,,Aggregated,70.800000,0.000000,250,350,410,440,530,600,660,700,800,890,920,27388,0,250,274.0900932339354,1.2665170002037485,923.096617000283,6.767598948444574
1786169997,50,,Aggregated,71.200000,0.000000,250,350,410,440,540,600,670,710,810,910,920,27449,0,250,274.9699470734097,1.2665170002037485,923.096617000283,6.769681955626798
1786169998,50,,Aggregated,69.900000,0.000000,250,350,410,450,540,610,670,710,810,910,920,27518,0,250,275.78446034032345,1.2665170002037485,923.096617000283,6.770150446980159
1786169999,50,,Aggregated,68.300000,0.000000,250,350,410,450,540,610,670,710,810,910,920,27581,0,250,276.360950855082,1.2665170002037485,923.096617000283,6.7717269134549145
1786170000,50,,Aggregated,67.900000,0.000000,250,350,410,450,540,610,670,710,810,910,920,27644,0,250,277.20387189932774,1.2665170002037485,923.096617000283,6.77329619447258
1786170001,50,,Aggregated,68.600000,0.000000,250,350,410,450,540,610,680,720,820,910,920,27716,0,250,277.9604593688489,1.2665170002037485,923.096617000283,6.773740799538173
1786170002,50,,Aggregated,67.600000,0.000000,250,350,410,450,540,610,680,720,820,910,920,27793,0,250,278.50263998121886,1.2665170002037485,923.096617000283,6.771525204188105
1786170003,50,,Aggregated,67.100000,0.000000,250,350,410,450,540,610,680,720,820,910,920,27869,0,250,279.0245340817403,1.2665170002037485,923.096617000283,6.771358857511931
1786170004,50,,Aggregated,67.300000,0.000000,260,350,410,450,540,610,680,720,820,910,920,27927,0,260,279.6700620262121,1.2665170002037485,923.096617000283,6.7737673219465036
1786170005,50,,Aggregated,66.700000,0.000000,260,360,410,450,550,620,680,720,820,910,920,27993,0,260,280.5004367884481,1.2665170002037485,923.096617000283,6.775300968099168
1786170006,50,,Aggregated,67.400000,0.000000,260,360,420,460,550,620,680,720,830,910,920,28046,0,260,281.29160493528593,1.2665170002037485,923.096617000283,6.778542394637381
1786170007,50,,Aggregated,66.700000,0.000000,260,360,420,460,550,620,690,730,850,920,1000,28116,0,260,282.1276288860801,1.2665170002037485,997.6850510001896,6.7780267463366055
1786170008,50,,Aggregated,65.700000,0.000000,260,360,420,460,550,620,690,730,850,920,1000,28187,0,260,282.8526980699267,1.2665170002037485,997.6850510001896,6.776918437577606
1786170009,50,,Aggregated,66.400000,0.000000,260,360,420,460,550,620,690,730,850,920,1000,28248,0,260,283.54676286625704,1.2665170002037485,997.6850510001896,6.778922401585953
1786170010,50,,Aggregated,66.700000,0.000000,260,360,420,460,550,620,690,730,850,920,1000,28311,0,260,284.25602951845667,1.2665170002037485,997.6850510001896,6.780438698739006
1786170011,50,,Aggregated,66.200000,0.000000,260,360,420,460,560,630,690,740,850,920,1000,28386,0,260,284.8497239976405,1.2665170002037485,997.6850510001896,6.7790812372296205
1786170012,50,,Aggregated,66.800000,0.000000,260,360,420,460,560,630,690,740,850,920,1000,28454,0,260,285.4584787285803,1.2665170002037485,997.6850510001896,6.779046882687847
1786170013,50,,Aggregated,67.300000,0.000000,260,360,420,460,560,630,690,740,850,920,1000,28517,0,260,286.1784107813946,1.2665170002037485,997.6850510001896,6.7802012834449625
1786170014,50,,Aggregated,66.200000,0.000000,260,360,430,470,560,630,700,740,850,920,1000,28585,0,260,286.8590411638632,1.2665170002037485,997.6850510001896,6.78086408955746
1786170015,50,,Aggregated,65.100000,0.000000,260,360,430,470,560,630,700,740,850,920,1000,28653,0,260,287.58672807273354,1.2665170002037485,997.6850510001896,6.78047673891041
1786170016,50,,Aggregated,65.000000,0.000000,260,360,430,470,560,630,700,740,850,920,1000,28713,0,260,288.1827797014256,1.2665170002037485,997.6850510001896,6.78337338487793
1786170017,50,,Aggregated,65.100000,0.000000,260,370,430,470,560,630,700,740,850,920,1000,28779,0,260,288.9364564521363,1.2665170002037485,997.6850510001896,6.7838006880016675
1786170018,50,,Aggregated,66.300000,0.000000,260,370,430,470,570,640,700,750,850,920,1000,28845,0,260,289.6916764060333,1.2665170002037485,997.6850510001896,6.782839313572543
1786170019,50,,Aggregated,66.000000,0.000000,260,370,430,470,570,640,700,750,850,920,1000,28905,0,260,290.3204033988595,1.2665170002037485,997.6850510001896,6.783982010032866
1786170020,50,,Aggregated,66.000000,0.000000,270,370,430,470,570,640,710,750,850,920,1000,28971,0,270,291.02903247972216,1.2665170002037485,997.6850510001896,6.7840599219909565
1786170021,50,,Aggregated,65.500000,0.000000,270,370,430,470,570,640,710,750,850,920,1000,29042,0,270,291.6308572934385,1.2665170002037485,997.6850510001896,6.783658150265134
1786170022,50,,Aggregated,65.600000,0.000000,270,370,430,470,570,640,710,750,850,920,1000,29107,0,270,292.22255586419215,1.2665170002037485,997.6850510001896,6.784313051843199
1786170023,50,,Aggregated,65.500000,0.000000,270,370,430,480,570,640,710,750,850,920,1000,29179,0,270,292.9332904410033,1.2665170002037485,997.6850510001896,6.7833373316426195
1786170024,50,,Aggregated,65.200000,0.000000,270,370,440,480,570,640,710,750,850,920,1000,29241,0,270,293.60534365863117,1.2665170002037485,997.6850510001896,6.7846858862556
1786170025,50,,Aggregated,66.100000,0.000000,270,370,440,480,580,650,710,750,860,920,1000,29299,0,270,294.28496891979336,1.2665170002037485,997.6850510001896,6.786613877606745
1786170026,50,,Aggregated,65.600000,0.000000,270,370,440,480,580,650,710,760,860,920,1000,29371,0,270,294.9851260008864,1.2665170002037485,997.6850510001896,6.78461747982704
1786170027,50,,Aggregated,65.700000,0.000000,270,370,440,480,580,650,710,760,860,920,1000,29437,0,270,295.6331700027529,1.2665170002037485,997.6850510001896,6.786051567754867
1786170028,50,,Aggregated,65.100000,0.000000,270,380,440,480,580,650,720,760,860,920,1000,29493,0,270,296.3308143440829,1.2665170002037485,997.6850510001896,6.787068117858475
1786170029,50,,Aggregated,65.800000,0.000000,270,380,440,480,580,650,720,760,870,950,1000,29558,0,270,297.10785078919554,1.2665170002037485,997.6850510001896,6.788382163881183
1786170030,50,,Aggregated,65.300000,0.000000,270,380,440,480,580,650,720,760,870,950,1000,29617,0,270,297.8064184597371,1.2665170002037485,997.6850510001896,6.789377722254111
1786170031,50,,Aggregated,65.500000,0.000000,270,380,440,490,590,660,730,770,870,950,1000,29682,0,270,298.6083865043471,1.2665170002037485,997.6850510001896,6.789670507378209
1786170032,50,,Aggregated,64.600000,0.000000,270,380,440,490,590,660,730,770,880,960,1000,29745,0,270,299.28958666881925,1.2665170002037485,997.6850510001896,6.7897461758278705
1786170033,50,,Aggregated,63.600000,0.000000,270,380,450,490,590,660,730,770,880,960,1000,29812,0,270,299.8603198078969,1.2665170002037485,997.6850510001896,6.7892459412317185
1786170034,50,,Aggregated,63.200000,0.000000,270,380,450,490,590,660,730,770,880,960,1000,29883,0,270,300.5422412259486,1.2665170002037485,997.6850510001896,6.788173878124686
1786170035,50,,Aggregated,63.300000,0.000000,270,380,450,490,590,660,730,770,880,960,1000,29937,0,270,301.0894297474705,1.2665170002037485,997.6850510001896,6.790292948525236
1786170036,50,,Aggregated,63.500000,0.000000,280,380,450,490,590,660,730,770,880,950,1000,30006,0,280,301.78474660617957,1.2665170002037485,997.6850510001896,6.7903419316136775
1786170037,50,,Aggregated,63.200000,0.000000,280,380,450,490,590,660,730,770,880,950,1000,30074,0,280,302.40493444513595,1.2665170002037485,997.6850510001896,6.789951453082397
1786170038,50,,Aggregated,63.300000,0.000000,280,380,450,490,590,670,730,770,880,960,1000,30131,0,280,302.9905322799449,1.2665170002037485,1014.475068000138,6.7900501145000165
1786170039,50,,Aggregated,63.100000,0.000000,280,390,450,490,600,670,730,770,880,960,1000,30213,0,280,303.65156215215336,1.2665170002037485,1014.475068000138,6.786515738258365
1786170040,50,,Aggregated,63.600000,0.000000,280,390,450,500,600,670,730,770,880,960,1000,30286,0,280,304.05722163590457,1.2665170002037485,1014.475068000138,6.784025622399788
1786170041,50,,Aggregated,63.400000,0.000000,280,390,450,500,600,670,740,770,880,960,1000,30350,0,280,304.58907942629344,1.2665170002037485,1014.475068000138,6.78487644151565
1786170042,50,,Aggregated,66.200000,0.000000,280,390,460,500,600,670,740,780,880,980,1000,30408,0,280,305.31224316949505,1.2665170002037485,1014.475068000138,6.786076032622994
1786170043,50,,Aggregated,66.700000,0.000000,280,390,460,500,600,670,740,780,880,980,1000,30477,0,280,305.84533413725114,1.2665170002037485,1014.475068000138,6.785477573251961
1786170044,50,,Aggregated,66.300000,0.000000,280,390,460,500,600,670,740,780,900,990,1000,30527,0,280,306.5718942627511,1.2665170002037485,1014.475068000138,6.788449569233793
1786170045,50,,Aggregated,66.300000,0.000000,280,390,460,500,600,670,750,780,910,990,1000,30587,0,280,307.33928752316353,1.2665170002037485,1014.475068000138,6.788864550299147
1786170046,50,,Aggregated,65.200000,0.000000,280,390,460,500,600,670,750,780,910,990,1000,30651,0,280,307.9699490080913,1.2665170002037485,1014.475068000138,6.789696910378128
1786170047,50,,Aggregated,64.800000,0.000000,280,390,460,500,600,680,750,780,910,990,1000,30714,0,280,308.6891468214824,1.2665170002037485,1014.475068000138,6.790746890668751
1786170048,50,,Aggregated,65.300000,0.000000,280,390,460,500,610,680,750,780,910,990,1000,30780,0,280,309.2193573239446,1.2665170002037485,1014.475068000138,6.7898310591293045
1786170049,50,,Aggregated,64.100000,0.000000,280,390,460,500,610,680,750,780,910,990,1000,30843,0,280,309.8333631352987,1.2665170002037485,1014.475068000138,6.79087637389359
1786170050,50,,Aggregated,64.200000,0.000000,280,390,460,510,610,680,750,790,910,990,1000,30900,0,280,310.52623151796183,1.2665170002037485,1014.475068000138,6.792265372168285
1786170051,50,,Aggregated,65.100000,0.000000,280,390,460,510,610,680,750,790,910,990,1000,30959,0,280,311.1491241512007,1.2665170002037485,1014.475068000138,6.793210375012113
1786170052,50,,Aggregated,61.800000,0.000000,290,390,470,510,610,680,750,790,920,990,1000,31016,0,290,311.8865001755228,1.2665170002037485,1014.475068000138,6.795234717565128
1786170053,50,,Aggregated,61.300000,0.000000,290,400,470,510,610,690,760,800,920,1000,1000,31072,0,290,312.5974276485588,1.2665170002037485,1027.840427999763,6.796183058702368
1786170054,50,,Aggregated,61.200000,0.000000,290,400,470,510,610,690,760,800,920,1000,1100,31135,0,290,313.325742995215,1.2665170002037485,1113.6602340002355,6.796242171189979
1786170055,50,,Aggregated,59.500000,0.000000,290,400,470,510,620,690,760,800,920,1000,1100,31188,0,290,313.9747994512639,1.2665170002037485,1113.6602340002355,6.79912145697063
1786170056,50,,Aggregated,60.400000,0.000000,290,400,470,510,620,690,760,800,920,1000,1100,31252,0,290,314.7214273315311,1.2665170002037485,1113.6602340002355,6.798956866760527
1786170057,50,,Aggregated,60.600000,0.000000,290,400,470,510,620,690,770,810,930,1000,1100,31307,0,290,315.43200983444643,1.2665170002037485,1113.6602340002355,6.800108601910116
1786170058,50,,Aggregated,59.800000,0.000000,290,400,470,510,620,690,770,810,930,1000,1100,31366,0,290,316.12821954010764,1.2665170002037485,1113.6602340002355,6.801664222406427
1786170059,50,,Aggregated,59.400000,0.000000,290,400,470,510,620,700,770,810,930,1000,1100,31421,0,290,316.8525393306393,1.2665170002037485,1113.6602340002355,6.803761815346425
1786170060,50,,Aggregated,58.700000,0.000000,290,400,470,520,620,700,770,820,930,1000,1100,31481,0,290,317.5144676324139,1.2665170002037485,1113.6602340002355,6.80508878371081
1786170061,50,,Aggregated,57.400000,0.000000,290,400,470,520,620,700,770,820,940,1000,1100,31544,0,290,318.10660237046744,1.2665170002037485,1113.6602340002355,6.804812325640375
1786170062,50,,Aggregated,58.000000,0.000000,290,400,480,520,630,700,770,820,940,1000,1100,31606,0,290,318.77736126776625,1.2665170002037485,1113.6602340002355,6.80538505347086
1786170063,50,,Aggregated,58.400000,0.000000,290,400,480,520,630,700,780,820,950,1000,1100,31661,0,290,319.3902723576014,1.2665170002037485,1113.6602340002355,6.8061968983923435
1786170064,50,,Aggregated,58.400000,0.000000,290,400,480,520,630,700,780,820,950,1000,1100,31724,0,290,320.02491644048735,1.2665170002037485,1113.6602340002355,6.805919808346993
1786170065,50,,Aggregated,58.800000,0.000000,290,410,480,520,630,700,780,820,950,1000,1100,31774,0,290,320.61105331381066,1.2665170002037485,1113.6602340002355,6.808113551960723
1786170066,50,,Aggregated,58.700000,0.000000,290,410,480,520,630,710,780,830,950,1000,1100,31841,0,290,321.28316470792447,1.2665170002037485,1113.6602340002355,6.807292484532521
1786170067,50,,Aggregated,58.400000,0.000000,290,410,480,520,630,710,780,820,950,1000,1100,31903,0,290,321.76310961850066,1.2665170002037485,1113.6602340002355,6.807541610506849
1786170068,50,,Aggregated,58.600000,0.000000,290,410,480,520,630,710,780,830,950,1000,1100,31958,0,290,322.44412067069385,1.2665170002037485,1113.6602340002355,6.809906752612804
1786170069,50,,Aggregated,60.000000,0.000000,290,410,480,520,640,710,790,830,950,1000,1100,32016,0,290,323.13579102067837,1.2665170002037485,1113.6602340002355,6.8103760619690155
1786170070,50,,Aggregated,59.600000,0.000000,290,410,480,530,640,710,790,830,950,1000,1100,32071,0,290,323.8984139612435,1.2665170002037485,1113.6602340002355,6.811480777025974
1786170071,50,,Aggregated,60.000000,0.000000,300,410,480,530,640,710,790,840,950,1000,1100,32125,0,300,324.5721573838457,1.2665170002037485,1113.6602340002355,6.813105058365759
1786170072,50,,Aggregated,58.900000,0.000000,300,410,490,530,640,720,790,840,950,1100,1100,32184,0,300,325.209197364841,1.2665170002037485,1113.6602340002355,6.813665175242356
1786170073,50,,Aggregated,57.800000,0.000000,300,410,490,530,640,720,790,840,960,1100,1100,32243,0,300,325.86843853999414,1.2665170002037485,1113.6602340002355,6.814843531929411
1786170074,50,,Aggregated,58.200000,0.000000,300,410,490,530,640,720,790,840,960,1100,1100,32306,0,300,326.5125507894519,1.2665170002037485,1113.6602340002355,6.813935491859097
1786170075,50,,Aggregated,58.300000,0.000000,300,410,490,530,640,720,790,840,960,1100,1100,32367,0,300,327.0439596816519,1.2665170002037485,1113.6602340002355,6.814687799301758
1786170076,50,,Aggregated,58.100000,0.000000,300,410,490,530,640,720,790,840,960,1100,1100,32423,0,300,327.6330210760887,1.2665170002037485,1113.6602340002355,6.815254603213768
1786170077,50,,Aggregated,58.800000,0.000000,300,420,490,530,650,720,800,850,960,1100,1100,32476,0,300,328.42064404806723,1.2665170002037485,1113.6602340002355,6.817372829166153
1786170078,50,,Aggregated,58.600000,0.000000,300,420,490,540,650,730,800,850,960,1100,1100,32538,0,300,329.15481901140305,1.2665170002037485,1113.6602340002355,6.81729055258467
1786170079,50,,Aggregated,57.100000,0.000000,300,420,490,540,650,730,800,850,960,1100,1100,32597,0,300,329.6450975883373,1.2665170002037485,1113.6602340002355,6.8181427738748965
1786170080,50,,Aggregated,56.800000,0.000000,300,420,490,540,650,730,800,850,960,1100,1100,32657,0,300,330.23742450767173,1.2665170002037485,1113.6602340002355,6.818170683161344
1786170081,50,,Aggregated,57.500000,0.000000,300,420,490,540,650,730,800,850,960,1100,1100,32711,0,300,330.82990179309814,1.2665170002037485,1113.6602340002355,6.820060530096909
1786170082,50,,Aggregated,58.900000,0.000000,300,420,500,540,650,730,810,850,970,1100,1100,32773,0,300,331.5366930046693,1.2665170002037485,1113.6602340002355,6.820278888109114
1786170083,50,,Aggregated,58.800000,0.000000,300,420,500,540,650,730,810,850,970,1100,1100,32835,0,300,332.08333661650755,1.2665170002037485,1113.6602340002355,6.8195827622963305
1786170084,50,,Aggregated,58.500000,0.000000,300,420,500,540,650,730,810,850,970,1100,1100,32902,0,300,332.6352080831568,1.2665170002037485,1113.6602340002355,6.818460883836849
1786170085,50,,Aggregated,59.100000,0.000000,300,420,500,540,660,730,810,850,970,1100,1100,32961,0,300,333.1725911041237,1.2665170002037485,1113.6602340002355,6.8189982100057644
1786170086,50,,Aggregated,59.500000,0.000000,300,420,500,540,660,730,810,850,970,1100,1100,33024,0,300,333.72236727873724,1.2665170002037485,1113.6602340002355,6.818707606589148
1786170087,50,,Aggregated,59.200000,0.000000,300,420,500,540,660,730,810,860,970,1100,1100,33077,0,300,334.3968261467189,1.2665170002037485,1113.6602340002355,6.820479487257006
1786170088,50,,Aggregated,59.600000,0.000000,310,430,500,540,660,740,810,860,970,1100,1100,33134,0,310,334.9686320063386,1.2665170002037485,1113.6602340002355,6.819913080219714
1786170089,50,,Aggregated,59.900000,0.000000,310,430,500,550,660,740,810,860,970,1100,1100,33188,0,310,335.6236934372672,1.2665170002037485,1113.6602340002355,6.8214716162468365
1786170090,50,,Aggregated,60.200000,0.000000,310,430,500,550,660,740,810,860,970,1100,1100,33249,0,310,336.1958838051075,1.2665170002037485,1113.6602340002355,6.820987097356311
1786170091,50,,Aggregated,59.000000,0.000000,310,430,500,550,660,740,810,860,970,1100,1100,33314,0,310,336.8201373823623,1.2665170002037485,1113.6602340002355,6.821186288047067
1786170092,50,,Aggregated,58.900000,0.000000,310,430,500,550,660,740,820,860,970,1100,1100,33363,0,310,337.39584193351976,1.2665170002037485,1113.6602340002355,6.823157389922969
1786170093,50,,Aggregated,59.700000,0.000000,310,430,510,550,660,740,820,860,980,1100,1100,33431,0,310,338.00893588765,1.2665170002037485,1113.6602340002355,6.821542879363465
1786170094,50,,Aggregated,59.300000,0.000000,310,430,510,550,670,740,820,860,980,1100,1100,33487,0,310,338.47826391125,1.2665170002037485,1113.6602340002355,6.822378833577209
1786170095,50,,Aggregated,59.000000,0.000000,310,430,510,550,670,750,820,870,980,1100,1100,33544,0,310,339.18354419157004,1.2665170002037485,1113.6602340002355,6.82271046983067
1786170096,50,,Aggregated,59.000000,0.000000,310,430,510,550,670,750,820,870,980,1100,1100,33610,0,310,339.7292752512653,1.2665170002037485,1113.6602340002355,6.821808985421006
1786170097,50,,Aggregated,58.200000,0.000000,310,430,510,550,670,750,820,870,980,1100,1100,33663,0,310,340.1936910559079,1.2665170002037485,1113.6602340002355,6.8232480765231855
1786170098,50,,Aggregated,58.200000,0.000000,310,430,510,550,670,750,820,870,980,1100,1100,33715,0,310,340.94090689242273,1.2665170002037485,1113.6602340002355,6.825478273765387
1786170099,50,,Aggregated,58.900000,0.000000,310,430,510,560,670,750,830,870,980,1100,1100,33773,0,310,341.65523489838125,1.2665170002037485,1148.464137999781,6.825304237112486
1786170100,50,,Aggregated,58.500000,0.000000,310,430,510,560,670,750,830,870,980,1100,1100,33826,0,310,342.26499822550784,1.2665170002037485,1148.464137999781,6.826730917046059
1786170101,50,,Aggregated,57.900000,0.000000,310,440,510,560,670,750,830,880,980,1100,1100,33885,0,310,342.97849223842485,1.2665170002037485,1148.464137999781,6.826648959716689
1786170102,50,,Aggregated,57.800000,0.000000,310,440,510,560,680,760,830,880,980,1100,1100,33938,0,310,343.5320802558498,1.2665170002037485,1148.464137999781,6.8271848665213035
1786170103,50,,Aggregated,56.700000,0.000000,310,440,510,560,680,760,830,880,980,1100,1100,34005,0,310,344.0552920837533,1.2665170002037485,1148.464137999781,6.826378473753859
1786170104,50,,Aggregated,57.300000,0.000000,310,440,510,560,680,760,830,880,980,1100,1100,34066,0,310,344.60159920974087,1.2665170002037485,1148.464137999781,6.825896788586861
1786170105,50,,Aggregated,57.300000,0.000000,320,440,520,560,680,760,830,880,980,1100,1100,34124,0,320,345.1173516440053,1.2665170002037485,1148.464137999781,6.82689602625718
1786170106,50,,Aggregated,57.500000,0.000000,320,440,520,560,680,760,830,880,980,1100,1100,34177,0,320,345.66568521546753,1.2665170002037485,1148.464137999781,6.8280129911929075
1786170107,50,,Aggregated,58.400000,0.000000,320,440,520,560,680,760,840,880,990,1100,1100,34229,0,320,346.4026840597164,1.2665170002037485,1148.464137999781,6.829326010108388
1786170108,50,,Aggregated,57.500000,0.000000,320,440,520,570,680,760,840,880,990,1100,1100,34288,0,320,347.07090381422165,1.2665170002037485,1148.464137999781,6.829240550629958
1786170109,50,,Aggregated,56.500000,0.000000,320,440,520,570,680,760,840,880,990,1100,1100,34346,0,320,347.6075716295941,1.2665170002037485,1148.464137999781,6.829354218831887
1786170110,50,,Aggregated,57.000000,0.000000,320,440,520,570,680,760,840,880,990,1100,1100,34402,0,320,348.2472494991583,1.2665170002037485,1148.464137999781,6.830155223533516
1786170111,50,,Aggregated,57.600000,0.000000,320,440,520,570,690,770,840,880,990,1100,1100,34459,0,320,348.8529378257652,1.2665170002037485,1148.464137999781,6.830174990568501
1786170112,50,,Aggregated,56.900000,0.000000,320,450,520,570,690,770,840,890,990,1100,1100,34517,0,320,349.51390574157807,1.2665170002037485,1148.464137999781,6.830865950111539
1786170113,50,,Aggregated,57.900000,0.000000,320,450,520,570,690,770,840,890,990,1100,1100,34578,0,320,349.99915183139717,1.2665170002037485,1148.464137999781,6.829515877147319
1786170114,50,,Aggregated,57.400000,0.000000,320,450,520,570,690,770,840,890,990,1100,1100,34630,0,320,350.5769269196377,1.2665170002037485,1148.464137999781,6.830522668206757
1786170115,50,,Aggregated,57.200000,0.000000,320,450,520,570,690,770,850,890,1000,1100,1200,34692,0,320,351.2211859689568,1.2665170002037485,1152.2979530000157,6.829845497521043
1786170116,50,,Aggregated,56.200000,0.000000,320,450,530,570,690,770,850,890,1000,1100,1200,34743,0,320,351.6553559222303,1.2665170002037485,1152.2979530000157,6.831045102610598
1786170117,50,,Aggregated,55.900000,0.000000,320,450,530,580,690,770,850,890,1000,1100,1200,34805,0,320,352.3645981908934,1.2665170002037485,1152.2979530000157,6.831231144950438
1786170118,50,,Aggregated,56.300000,0.000000,320,450,530,580,690,770,850,890,1000,1100,1200,34875,0,320,352.80907771535635,1.2665170002037485,1152.2979530000157,6.828415770609319
1786170119,50,,Aggregated,56.700000,0.000000,320,450,530,580,690,770,850,890,1000,1100,1200,34932,0,320,353.2117458876976,1.2665170002037485,1152.2979530000157,6.828438108324745
1786170120,50,,Aggregated,57.700000,0.000000,320,450,530,580,690,770,850,890,1000,1100,1200,34981,0,320,353.76308788087977,1.2665170002037485,1210.8283580000716,6.829736142477345
1786170121,50,,Aggregated,58.700000,0.000000,330,450,530,580,700,780,850,900,1000,1100,1300,35039,0,330,354.4448617029038,1.2665170002037485,1259.8911649997717,6.829846742201547
1786170122,50,,Aggregated,58.900000,0.000000,330,450,530,580,700,780,850,900,1000,1100,1300,35097,0,330,355.0225246013349,1.2665170002037485,1259.8911649997717,6.830241901017181
1786170123,50,,Aggregated,57.900000,0.000000,330,450,530,580,700,780,850,900,1000,1100,1300,35155,0,330,355.5605053684839,1.2665170002037485,1259.8911649997717,6.830066846821221
1786170124,50,,Aggregated,57.900000,0.000000,330,460,530,580,700,780,850,900,1000,1100,1300,35208,0,330,356.14012990553437,1.2665170002037485,1259.8911649997717,6.830862304021813
1786170125,50,,Aggregated,57.600000,0.000000,330,460,530,580,700,780,860,900,1000,1100,1300,35264,0,330,356.7075865108059,1.2665170002037485,1259.8911649997717,6.831074183303086
1786170126,50,,Aggregated,57.800000,0.000000,330,460,540,580,700,780,860,900,1000,1100,1300,35318,0,330,357.25515900473005,1.2665170002037485,1259.8911649997717,6.83110595163939
1786170127,50,,Aggregated,57.100000,0.000000,330,460,540,590,700,780,860,900,1000,1100,1300,35372,0,330,357.8945442255189,1.2665170002037485,1259.8911649997717,6.832833879905009
1786170128,50,,Aggregated,57.600000,0.000000,330,460,540,590,700,780,860,900,1000,1100,1300,35415,0,330,358.5402953072443,1.2665170002037485,1259.8911649997717,6.834985175772977
1786170129,50,,Aggregated,57.100000,0.000000,330,460,540,590,700,790,860,900,1000,1100,1300,35469,0,330,359.22475931306377,1.2665170002037485,1259.8911649997717,6.835856663565367
1786170130,50,,Aggregated,55.100000,0.000000,330,460,540,590,710,790,860,900,1000,1100,1300,35536,0,330,359.7122487103237,1.2665170002037485,1259.8911649997717,6.833661638901396
1786170131,50,,Aggregated,53.300000,0.000000,330,460,540,590,710,790,860,900,1000,1100,1300,35586,0,330,360.2000063626444,1.2665170002037485,1259.8911649997717,6.835300399033327
1786170132,50,,Aggregated,54.000000,0.000000,330,460,540,590,710,790,870,910,1000,1100,1300,35636,0,330,360.83638169587095,1.2665170002037485,1259.8911649997717,6.836092715231788
1786170133,50,,Aggregated,55.400000,0.000000,330,460,540,590,710,790,870,910,1000,1100,1300,35685,0,330,361.47465357542535,1.2665170002037485,1259.8911649997717,6.837915090374107
1786170134,50,,Aggregated,55.000000,0.000000,330,460,540,590,710,790,870,910,1000,1200,1300,35740,0,330,362.1316531985184,1.2665170002037485,1259.8911649997717,6.8380246222719645
1786170135,50,,Aggregated,53.900000,0.000000,330,460,540,590,710,790,870,910,1000,1200,1300,35799,0,330,362.66065412614995,1.2665170002037485,1259.8911649997717,6.837928433755133
1786170136,50,,Aggregated,53.200000,0.000000,330,470,540,590,710,790,870,910,1000,1200,1300,35847,0,330,363.24708548534153,1.2665170002037485,1259.8911649997717,6.839093926967389
1786170137,50,,Aggregated,53.900000,0.000000,330,470,540,600,720,800,870,910,1000,1200,1300,35903,0,330,363.8850988460863,1.2665170002037485,1259.8911649997717,6.840124780658998
1786170138,50,,Aggregated,52.700000,0.000000,330,470,550,600,720,800,870,910,1100,1200,1300,35951,0,330,364.4905840544919,1.2665170002037485,1259.8911649997717,6.841562126227365
1786170139,50,,Aggregated,52.900000,0.000000,340,470,550,600,720,800,880,920,1100,1200,1300,36002,0,340,365.21264305613676,1.2665170002037485,1259.8911649997717,6.842147658463419
1786170140,50,,Aggregated,53.200000,0.000000,340,470,550,600,720,800,880,920,1100,1200,1300,36051,0,340,365.78156137300033,1.2665170002037485,1259.8911649997717,6.843388532911709
1786170141,50,,Aggregated,53.200000,0.000000,340,470,550,600,720,800,880,920,1100,1200,1300,36105,0,340,366.37984051217353,1.2665170002037485,1259.8911649997717,6.8436781609195405
1786170142,50,,Aggregated,52.200000,0.000000,340,470,550,600,720,800,880,920,1100,1200,1300,36160,0,340,366.89325806344084,1.2665170002037485,1259.8911649997717,6.844607300884956
1786170143,50,,Aggregated,51.200000,0.000000,340,470,550,600,720,800,880,920,1100,1200,1300,36220,0,340,367.5338500027889,1.2665170002037485,1259.8911649997717,6.844036443953617
1786170144,50,,Aggregated,51.700000,0.000000,340,470,550,600,720,800,880,920,1100,1200,1300,36274,0,340,367.99957021050926,1.2665170002037485,1259.8911649997717,6.844048078513536
1786170145,50,,Aggregated,52.300000,0.000000,340,470,550,600,720,810,880,920,1100,1200,1300,36332,0,340,368.55201068782367,1.2665170002037485,1259.8911649997717,6.843306176373445
1786170146,50,,Aggregated,52.900000,0.000000,340,470,550,600,720,810,880,920,1100,1200,1300,36393,0,340,369.0463763263542,1.2665170002037485,1259.8911649997717,6.842277361030967
1786170147,50,,Aggregated,52.800000,0.000000,340,470,550,610,730,810,880,920,1100,1200,1300,36443,0,340,369.49888543563947,1.2665170002037485,1259.8911649997717,6.842219356254973
1786170148,50,,Aggregated,53.400000,0.000000,340,480,550,610,730,810,880,920,1100,1200,1300,36504,0,340,370.0990144250496,1.2665170002037485,1259.8911649997717,6.842291255752794
1786170149,50,,Aggregated,54.200000,0.000000,340,480,560,610,730,810,880,920,1100,1200,1300,36561,0,340,370.6471507485575,1.2665170002037485,1259.8911649997717,6.841743934793906
1786170150,50,,Aggregated,55.100000,0.000000,340,480,560,610,730,810,880,920,1100,1200,1300,36617,0,340,371.144450003059,1.2665170002037485,1259.8911649997717,6.842204440560395
1786170151,50,,Aggregated,55.300000,0.000000,340,480,560,610,730,810,890,930,1100,1200,1300,36665,0,340,371.7767061453432,1.2665170002037485,1259.8911649997717,6.843065593890631
1786170152,50,,Aggregated,56.300000,0.000000,340,480,560,610,730,810,890,930,1100,1200,1300,36723,0,340,372.35468337281833,1.2665170002037485,1259.8911649997717,6.842060833809874
1786170153,50,,Aggregated,55.800000,0.000000,340,480,560,610,730,810,890,930,1100,1200,1300,36782,0,340,372.83315804907335,1.2665170002037485,1259.8911649997717,6.841688869555761
1786170154,50,,Aggregated,55.500000,0.000000,340,480,560,610,730,810,890,930,1100,1200,1300,36841,0,340,373.3176736373882,1.2665170002037485,1259.8911649997717,6.841318096685757
1786170155,50,,Aggregated,56.200000,0.000000,340,480,560,610,730,810,890,930,1100,1200,1300,36898,0,340,373.800971064855,1.2665170002037485,1259.8911649997717,6.840777277901242
1786170156,50,,Aggregated,56.900000,0.000000,340,480,560,610,730,810,890,930,1100,1200,1300,36950,0,340,374.3003382144523,1.2665170002037485,1259.8911649997717,6.840622462787551
1786170157,50,,Aggregated,56.800000,0.000000,340,480,560,610,740,820,890,930,1100,1200,1300,37012,0,340,374.839724819248,1.2665170002037485,1259.8911649997717,6.839970820274505
1786170158,50,,Aggregated,56.700000,0.000000,350,480,560,620,740,820,890,930,1100,1200,1300,37062,0,350,375.3448946792673,1.2665170002037485,1259.8911649997717,6.840456532297232
1786170159,50,,Aggregated,56.000000,0.000000,350,480,560,620,740,820,890,930,1100,1200,1300,37112,0,350,375.9770194722461,1.2665170002037485,1259.8911649997717,6.8414798447941365
1786170160,50,,Aggregated,55.800000,0.000000,350,480,570,620,740,820,890,930,1100,1200,1300,37159,0,350,376.54976344807426,1.2665170002037485,1259.8911649997717,6.842783713232326
1786170161,50,,Aggregated,55.800000,0.000000,350,490,570,620,740,820,900,940,1100,1200,1300,37207,0,350,377.13389147380843,1.2665170002037485,1259.8911649997717,6.843631574703685
1786170162,50,,Aggregated,54.600000,0.000000,350,490,570,620,740,820,900,940,1100,1200,1300,37264,0,350,377.77813581043335,1.2665170002037485,1259.8911649997717,6.843897595534564
1786170163,50,,Aggregated,54.700000,0.000000,350,490,570,620,740,820,900,940,1100,1200,1300,37313,0,350,378.3100876617799,1.2665170002037485,1259.8911649997717,6.8448261999839195
1786170164,50,,Aggregated,54.200000,0.000000,350,490,570,620,740,820,900,940,1100,1200,1300,37371,0,350,378.91712281956575,1.2665170002037485,1259.8911649997717,6.844103716785743
1786170165,50,,Aggregated,53.400000,0.000000,350,490,570,620,740,830,900,940,1100,1200,1300,37429,0,350,379.4258377936092,1.2665170002037485,1259.8911649997717,6.8436506452216195
1786170166,50,,Aggregated,52.700000,0.000000,350,490,570,620,740,830,900,940,1100,1200,1300,37488,0,350,379.82973611689073,1.2665170002037485,1259.8911649997717,6.843016431924883
1786170167,50,,Aggregated,52.900000,0.000000,350,490,570,620,750,830,900,940,1100,1200,1300,37540,0,350,380.3569119786894,1.2665170002037485,1259.8911649997717,6.843660095897709
1786170168,50,,Aggregated,53.200000,0.000000,350,490,570,630,750,830,900,940,1100,1200,1300,37594,0,350,380.8862411672608,1.2665170002037485,1259.8911649997717,6.8439378624248555
1786170169,50,,Aggregated,53.100000,0.000000,350,490,570,630,750,830,900,940,1100,1200,1300,37658,0,350,381.43164561386686,1.2665170002037485,1259.8911649997717,6.842131817940411
1786170170,50,,Aggregated,52.500000,0.000000,350,490,570,630,750,830,900,940,1100,1200,1300,37710,0,350,381.807504281225,1.2665170002037485,1259.8911649997717,6.842508618403606
1786170171,50,,Aggregated,53.300000,0.000000,350,490,580,630,750,830,900,950,1100,1200,1300,37762,0,350,382.3236890390338,1.2665170002037485,1259.8911649997717,6.84182511519517
1786170172,50,,Aggregated,54.400000,0.000000,350,490,580,630,750,830,900,950,1100,1200,1300,37819,0,350,382.8336224000897,1.2665170002037485,1259.8911649997717,6.841825537428277
1786170173,50,,Aggregated,54.500000,0.000000,350,490,580,630,750,830,900,950,1100,1200,1300,37864,0,350,383.39814326806436,1.2665170002037485,1259.8911649997717,6.8426737798436505
1786170174,50,,Aggregated,55.000000,0.000000,350,500,580,630,750,830,910,950,1100,1200,1300,37922,0,350,384.0520355433256,1.2665170002037485,1259.8911649997717,6.842492484573598
1786170175,50,,Aggregated,55.400000,0.000000,350,500,580,630,750,830,910,950,1100,1200,1300,37973,0,350,384.45445785674013,1.2665170002037485,1259.8911649997717,6.84251968503937
1786170176,50,,Aggregated,54.200000,0.000000,350,500,580,630,750,840,910,950,1100,1200,1300,38032,0,350,385.0734405537703,1.2665170002037485,1259.8911649997717,6.84163336137989
1786170177,50,,Aggregated,54.600000,0.000000,360,500,580,630,750,840,910,950,1100,1200,1300,38082,0,350,385.6032346609682,1.2665170002037485,1259.8911649997717,6.842366472349141
1786170178,50,,Aggregated,53.900000,0.000000,360,500,580,630,760,840,910,950,1100,1200,1300,38130,0,360,386.1510252231575,1.2665170002037485,1259.8911649997717,6.842932074482035
1786170179,50,,Aggregated,53.900000,0.000000,360,500,580,640,760,840,910,960,1100,1200,1300,38178,0,360,386.74595726884564,1.2665170002037485,1259.8911649997717,6.844020116297344
1786170180,50,,Aggregated,54.200000,0.000000,360,500,580,640,760,840,920,960,1100,1200,1300,38224,0,360,387.3779855003921,1.2665170002037485,1259.8911649997717,6.845725198827962
1786170181,50,,Aggregated,53.400000,0.000000,360,500,580,640,760,840,920,970,1100,1200,1300,38283,0,360,387.9629533923671,1.2665170002037485,1259.8911649997717,6.845100958650054
1786170182,50,,Aggregated,52.000000,0.000000,360,500,590,640,760,840,920,970,1100,1200,1300,38337,0,360,388.42227331465676,1.2665170002037485,1259.8911649997717,6.845110467694394
1786170183,50,,Aggregated,51.700000,0.000000,360,500,590,640,760,840,920,970,1100,1200,1300,38385,0,360,388.976266150267,1.2665170002037485,1259.8911649997717,6.845147844209978
1786170184,50,,Aggregated,52.500000,0.000000,360,500,590,640,760,850,920,970,1100,1200,1300,38441,0,360,389.56708346377576,1.2665170002037485,1259.8911649997717,6.845321401628469
1786170185,50,,Aggregated,51.800000,0.000000,360,500,590,640,760,850,920,970,1100,1200,1300,38491,0,360,390.070863493466,1.2665170002037485,1259.8911649997717,6.84604193188018
1786170186,50,,Aggregated,52.300000,0.000000,360,500,590,640,760,850,920,970,1100,1200,1300,38541,0,360,390.5785110275291,1.2665170002037485,1259.8911649997717,6.846760592615656
1786170187,50,,Aggregated,51.500000,0.000000,360,500,590,640,770,850,920,970,1100,1200,1300,38592,0,360,391.1137228816854,1.2665170002037485,1259.8911649997717,6.8472999585406304
1786170188,50,,Aggregated,51.400000,0.000000,360,500,590,640,770,850,920,970,1100,1200,1300,38647,0,360,391.680174115973,1.2665170002037485,1259.8911649997717,6.847387895567573
1786170189,50,,Aggregated,51.300000,0.000000,360,510,590,640,770,850,920,970,1100,1200,1300,38691,0,360,392.20056609180455,1.2665170002037485,1259.8911649997717,6.848646972164069
1786170190,50,,Aggregated,51.300000,0.000000,360,510,590,650,770,850,920,970,1100,1200,1300,38746,0,360,392.79185872123605,1.2665170002037485,1259.8911649997717,6.84847468125742
1786170191,50,,Aggregated,51.000000,0.000000,360,510,590,650,770,850,930,980,1100,1200,1300,38801,0,360,393.3338862564887,1.2665170002037485,1259.8911649997717,6.848045153475426
1786170192,50,,Aggregated,51.400000,0.000000,360,510,590,650,770,850,930,980,1100,1200,1300,38857,0,360,393.786097430039,1.2665170002037485,1259.8911649997717,6.847183261703168
1786170193,50,,Aggregated,51.800000,0.000000,360,510,590,650,770,860,930,980,1100,1200,1300,38912,0,360,394.28240819053303,1.2665170002037485,1259.8911649997717,6.846242804276316
1786170194,50,,Aggregated,51.800000,0.000000,360,510,600,650,770,860,930,980,1100,1200,1300,38966,0,360,394.75367189670527,1.2665170002037485,1259.8911649997717,6.846250577426474
1786170195,50,,Aggregated,52.100000,0.000000,360,510,600,650,770,860,930,980,1100,1200,1300,39014,0,360,395.3262869256168,1.2665170002037485,1259.8911649997717,6.847054903368022
1786170196,50,,Aggregated,52.900000,0.000000,360,510,600,650,770,860,930,980,1100,1200,1300,39066,0,360,395.810824520018,1.2665170002037485,1259.8911649997717,6.846132186556084
1786170197,50,,Aggregated,52.400000,0.000000,370,510,600,650,770,860,930,980,1100,1200,1300,39125,0,370,396.3392727163456,1.2665170002037485,1259.8911649997717,6.845520766773163
1786170198,50,,Aggregated,52.200000,0.000000,370,510,600,650,770,860,930,980,1100,1200,1300,39183,0,370,396.6897976039871,1.2665170002037485,1259.8911649997717,6.844575453640609
1786170199,50,,Aggregated,52.300000,0.000000,370,510,600,650,780,860,930,980,1100,1200,1300,39241,0,370,397.1375970241845,1.2665170002037485,1259.8911649997717,6.843378099436814
1786170200,50,,Aggregated,53.200000,0.000000,370,510,600,650,780,860,930,980,1100,1200,1300,39282,0,370,397.6323194355947,1.2665170002037485,1259.8911649997717,6.845399928720534
1786170201,50,,Aggregated,54.300000,0.000000,370,510,600,650,780,860,930,980,1100,1200,1300,39342,0,370,398.27000348401276,1.2665170002037485,1344.3081079999502,6.844110619693966
1786170202,50,,Aggregated,54.600000,0.000000,370,510,600,650,780,860,930,980,1100,1200,1300,39399,0,370,398.7754760657129,1.2665170002037485,1344.3081079999502,6.843600091372878
1786170203,50,,Aggregated,53.800000,0.000000,370,510,600,660,780,860,930,980,1100,1200,1300,39442,0,370,399.1688379602205,1.2665170002037485,1344.3081079999502,6.844505856700978
1786170204,50,,Aggregated,53.600000,0.000000,370,520,600,660,780,860,940,980,1100,1200,1300,39489,0,370,399.73007471693427,1.2665170002037485,1344.3081079999502,6.8457291904074555
1786170205,50,,Aggregated,53.500000,0.000000,370,520,600,660,780,870,940,990,1100,1200,1300,39544,0,370,400.3151937349538,1.2665170002037485,1344.3081079999502,6.8450586688246
1786170206,50,,Aggregated,52.800000,0.000000,370,520,600,660,780,870,940,990,1100,1200,1300,39597,0,370,400.76668047223313,1.2665170002037485,1344.3081079999502,6.844988256686112
1786170207,50,,Aggregated,52.500000,0.000000,370,520,610,660,780,870,940,990,1100,1200,1300,39646,0,370,401.35503586094467,1.2665170002037485,1344.3081079999502,6.845356404176966
1786170208,50,,Aggregated,53.600000,0.000000,370,520,610,660,780,870,940,990,1100,1200,1300,39700,0,370,401.7816096160961,1.2665170002037485,1344.3081079999502,6.844609571788413
1786170209,50,,Aggregated,53.000000,0.000000,370,520,610,660,780,870,940,990,1100,1200,1300,39749,0,370,402.3416742502707,1.2665170002037485,1344.3081079999502,6.845480389443759
1786170210,50,,Aggregated,52.400000,0.000000,370,520,610,660,790,870,940,990,1100,1200,1300,39802,0,370,402.8583141466011,1.2665170002037485,1344.3081079999502,6.845158534746997
1786170211,50,,Aggregated,51.600000,0.000000,370,520,610,660,790,870,950,990,1100,1200,1300,39848,0,370,403.40778503586165,1.2665170002037485,1344.3081079999502,6.845788998193134
1786170212,50,,Aggregated,50.800000,0.000000,370,520,610,660,790,870,950,1000,1100,1200,1300,39896,0,370,403.9300412371422,1.2665170002037485,1344.3081079999502,6.846576097854421
1786170213,50,,Aggregated,51.400000,0.000000,370,520,610,660,790,870,950,1000,1200,1200,1300,39941,0,370,404.59240393295164,1.2665170002037485,1344.3081079999502,6.847875616534388
1786170214,50,,Aggregated,50.400000,0.000000,370,520,610,660,790,870,950,1000,1200,1300,1300,39987,0,370,405.1384350530178,1.2665170002037485,1344.3081079999502,6.8482506814714785
1786170215,50,,Aggregated,49.900000,0.000000,370,520,610,670,790,870,950,1000,1200,1300,1300,40031,0,370,405.7113847180191,1.2665170002037485,1344.3081079999502,6.849966276135994
1786170216,50,,Aggregated,49.500000,0.000000,380,520,610,670,790,880,960,1000,1200,1300,1300,40081,0,380,406.3647221710043,1.2665170002037485,1344.3081079999502,6.850153439285447
1786170217,50,,Aggregated,49.400000,0.000000,380,520,610,670,790,880,960,1000,1200,1300,1300,40134,0,380,406.7906878537654,1.2665170002037485,1344.3081079999502,6.849578910649325
1786170218,50,,Aggregated,48.000000,0.000000,380,520,610,670,790,880,960,1000,1200,1300,1300,40188,0,380,407.27955374104255,1.2665170002037485,1344.3081079999502,6.84908430377227
1786170219,50,,Aggregated,48.400000,0.000000,380,530,620,670,790,880,960,1000,1200,1300,1300,40235,0,380,407.79775796443437,1.2665170002037485,1344.3081079999502,6.849782527650056
1786170220,50,,Aggregated,48.400000,0.000000,380,530,620,670,800,880,960,1000,1200,1300,1300,40291,0,380,408.31778958953663,1.2665170002037485,1344.3081079999502,6.849197091161798
1786170221,50,,Aggregated,48.300000,0.000000,380,530,620,670,800,880,960,1000,1200,1300,1300,40336,0,380,408.7414014008336,1.2665170002037485,1344.3081079999502,6.850233042443475
1786170222,50,,Aggregated,48.500000,0.000000,380,530,620,670,800,880,960,1000,1200,1300,1300,40385,0,380,409.3769135253938,1.2665170002037485,1344.3081079999502,6.850092856258512
1786170223,50,,Aggregated,49.400000,0.000000,380,530,620,670,800,880,960,1000,1200,1300,1300,40430,0,380,409.83964810991887,1.2665170002037485,1344.3081079999502,6.85112540192926
1786170224,50,,Aggregated,48.300000,0.000000,380,530,620,670,800,880,970,1000,1200,1300,1300,40479,0,380,410.44989070824414,1.2665170002037485,1344.3081079999502,6.851725586106376
1786170225,50,,Aggregated,48.900000,0.000000,380,530,620,670,800,880,970,1000,1200,1300,1300,40532,0,380,411.04651116152723,1.2665170002037485,1344.3081079999502,6.851894799171025
1786170226,50,,Aggregated,49.200000,0.000000,380,530,620,670,800,890,970,1000,1200,1300,1300,40574,0,380,411.48418750446166,1.2665170002037485,1344.3081079999502,6.853181840587569
1786170227,50,,Aggregated,49.300000,0.000000,380,530,620,680,800,890,970,1000,1200,1300,1300,40619,0,380,412.0885550841977,1.2665170002037485,1344.3081079999502,6.853959969472414
1786170228,50,,Aggregated,49.600000,0.000000,380,530,620,680,800,890,970,1000,1200,1300,1300,40665,0,380,412.70006758291,1.2665170002037485,1344.3081079999502,6.854567810156154
1786170229,50,,Aggregated,48.900000,0.000000,380,530,620,680,810,890,980,1000,1200,1300,1300,40708,0,380,413.2693883539118,1.2665170002037485,1344.3081079999502,6.855433821361895
1786170230,50,,Aggregated,48.100000,0.000000,380,530,620,680,810,890,980,1000,1200,1300,1300,40759,0,380,413.88384325277985,1.2665170002037485,1344.3081079999502,6.85617900341029
1786170231,50,,Aggregated,47.400000,0.000000,380,530,630,680,810,890,980,1000,1200,1300,1400,40800,0,380,414.40147381232987,1.2665170002037485,1410.0800720002553,6.857132352941177
1786170232,50,,Aggregated,47.300000,0.000000,380,540,630,680,810,890,980,1000,1200,1300,1400,40846,0,380,414.9990294218791,1.2665170002037485,1410.0800720002553,6.858468393477941
1786170233,50,,Aggregated,45.900000,0.000000,380,540,630,680,810,900,980,1000,1200,1300,1400,40894,0,380,415.54234314190506,1.2665170002037485,1410.0800720002553,6.858243263070377
1786170234,50,,Aggregated,46.600000,0.000000,380,540,630,680,810,900,980,1000,1200,1300,1400,40939,0,380,416.04211130907095,1.2665170002037485,1410.0800720002553,6.859254012066733
1786170235,50,,Aggregated,45.900000,0.000000,380,540,630,680,810,900,990,1000,1200,1300,1400,40996,0,380,416.5593751124514,1.2665170002037485,1410.0800720002553,6.8584983900868375
1786170236,50,,Aggregated,45.900000,0.000000,390,540,630,680,810,900,990,1000,1200,1300,1400,41060,0,390,416.9430278086229,1.2665170002037485,1410.0800720002553,6.855845104724793
1786170237,50,,Aggregated,46.400000,0.000000,390,540,630,680,810,900,990,1000,1200,1300,1400,41108,0,390,417.29008684723294,1.2665170002037485,1410.0800720002553,6.856597256008563
1786170238,50,,Aggregated,46.900000,0.000000,390,540,630,680,810,900,990,1000,1200,1300,1400,41154,0,390,417.8425654472236,1.2665170002037485,1410.0800720002553,6.857194926374107
1786170239,50,,Aggregated,48.700000,0.000000,390,540,630,690,810,900,990,1000,1200,1300,1400,41194,0,390,418.3704268847901,1.2665170002037485,1410.0800720002553,6.858547361266204
1786170240,50,,Aggregated,48.500000,0.000000,390,540,630,690,820,900,990,1100,1200,1300,1400,41239,0,390,419.0846351677547,1.2665170002037485,1410.0800720002553,6.859065447755765
1786170241,50,,Aggregated,49.100000,0.000000,390,540,630,690,820,900,1000,1100,1200,1300,1400,41286,0,390,419.5688811081247,1.2665170002037485,1410.0800720002553,6.859976747565761
1786170242,50,,Aggregated,48.100000,0.000000,390,540,630,690,820,910,1000,1100,1200,1300,1400,41331,0,390,420.1868058686225,1.2665170002037485,1410.0800720002553,6.860250175413128
1786170243,50,,Aggregated,48.100000,0.000000,390,540,630,690,820,910,1000,1100,1200,1300,1400,41378,0,390,420.7284468203646,1.2665170002037485,1410.0800720002553,6.861399777659626
1786170244,50,,Aggregated,48.200000,0.000000,390,540,640,690,820,910,1000,1100,1200,1300,1400,41428,0,390,421.2760306124852,1.2665170002037485,1410.0800720002553,6.8610842908178045
1786170245,50,,Aggregated,48.700000,0.000000,390,540,640,690,820,910,1000,1100,1200,1300,1400,41478,0,390,421.7699928605053,1.2665170002037485,1410.0800720002553,6.861010656251507
1786170246,50,,Aggregated,48.500000,0.000000,390,540,640,690,820,910,1000,1100,1200,1300,1400,41523,0,390,422.2107423602351,1.2665170002037485,1410.0800720002553,6.861522529682345
1786170247,50,,Aggregated,48.100000,0.000000,390,540,640,690,820,910,1000,1100,1200,1300,1400,41573,0,390,422.8503731359063,1.2665170002037485,1410.0800720002553,6.861689077045198
1786170248,50,,Aggregated,47.900000,0.000000,390,540,640,690,820,910,1000,1100,1200,1300,1400,41620,0,390,423.3256586637439,1.2665170002037485,1410.0800720002553,6.861869293608842
1786170249,50,,Aggregated,46.100000,0.000000,390,550,640,690,820,910,1000,1100,1200,1300,1400,41673,0,390,423.7848391317644,1.2665170002037485,1410.0800720002553,6.861541045761045
1786170250,50,,Aggregated,46.300000,0.000000,390,550,640,690,830,910,1000,1100,1200,1300,1400,41723,0,390,424.32432988682547,1.2665170002037485,1410.0800720002553,6.861227620257412
1786170251,50,,Aggregated,46.800000,0.000000,390,550,640,700,830,920,1000,1100,1200,1300,1400,41771,0,390,424.85810454214715,1.2665170002037485,1410.0800720002553,6.861722247492279
1786170252,50,,Aggregated,48.000000,0.000000,390,550,640,700,830,920,1000,1100,1200,1300,1400,41809,0,390,425.3427616601455,1.2665170002037485,1410.0800720002553,6.862900332464302
1786170253,50,,Aggregated,48.500000,0.000000,390,550,640,700,830,920,1000,1100,1200,1300,1400,41859,0,390,425.99226606615133,1.2665170002037485,1410.0800720002553,6.863064096132254
1786170254,50,,Aggregated,48.500000,0.000000,390,550,640,700,830,920,1000,1100,1200,1300,1400,41904,0,390,426.464908047299,1.2665170002037485,1410.0800720002553,6.863807751050019
1786170255,50,,Aggregated,47.700000,0.000000,390,550,640,700,830,920,1000,1100,1200,1400,1400,41945,0,390,427.0127741028018,1.2665170002037485,1410.0800720002553,6.865204434378352
1786170256,50,,Aggregated,47.600000,0.000000,390,550,650,700,830,920,1000,1100,1200,1400,1400,42002,0,390,427.55181641002866,1.2665170002037485,1410.0800720002553,6.863982667492024
1786170257,50,,Aggregated,47.400000,0.000000,390,550,650,700,830,920,1000,1100,1200,1400,1400,42053,0,390,427.9618765164206,1.2665170002037485,1410.0800720002553,6.863743371459824
1786170258,50,,Aggregated,46.800000,0.000000,400,550,650,700,830,920,1000,1100,1200,1400,1400,42100,0,400,428.3993842944425,1.2665170002037485,1410.0800720002553,6.8641567695962
1786170259,50,,Aggregated,47.900000,0.000000,400,550,650,700,830,920,1000,1100,1200,1400,1400,42155,0,400,428.9270897159776,1.2665170002037485,1410.0800720002553,6.86326651642747
1786170260,50,,Aggregated,48.300000,0.000000,400,550,650,700,830,920,1000,1100,1200,1400,1400,42203,0,400,429.34708302957216,1.2665170002037485,1410.0800720002553,6.863279861621212
1786170261,50,,Aggregated,47.500000,0.000000,400,550,650,700,840,930,1000,1100,1200,1400,1400,42254,0,400,429.84432591723936,1.2665170002037485,1410.0800720002553,6.8630425521844085
1786170262,50,,Aggregated,48.000000,0.000000,400,550,650,700,840,930,1000,1100,1200,1400,1400,42295,0,400,430.2552322557993,1.2665170002037485,1410.0800720002553,6.863955550301454
1786170263,50,,Aggregated,48.000000,0.000000,400,560,650,710,840,930,1000,1100,1200,1400,1400,42343,0,400,430.8434306722486,1.2665170002037485,1410.0800720002553,6.864440403372458
1786170264,50,,Aggregated,48.300000,0.000000,400,560,650,710,840,930,1000,1100,1200,1400,1400,42391,0,400,431.335168311222,1.2665170002037485,1410.0800720002553,6.864216461041258
1786170265,50,,Aggregated,48.600000,0.000000,400,560,650,710,840,930,1000,1100,1200,1400,1400,42435,0,400,431.86492069607687,1.2665170002037485,1410.0800720002553,6.8653470012961
1786170266,50,,Aggregated,48.800000,0.000000,400,560,650,710,840,930,1000,1100,1200,1400,1400,42487,0,400,432.4055522780149,1.2665170002037485,1410.0800720002553,6.86471155882976
1786170267,50,,Aggregated,48.800000,0.000000,400,560,650,710,840,930,1000,1100,1200,1400,1400,42528,0,400,432.81108314423483,1.2665170002037485,1410.0800720002553,6.8660882242287435
1786170268,50,,Aggregated,48.500000,0.000000,400,560,650,710,840,930,1000,1100,1200,1400,1400,42575,0,400,433.40055576284254,1.2665170002037485,1410.0800720002553,6.866259541984733
1786170269,50,,Aggregated,48.600000,0.000000,400,560,660,710,840,940,1000,1100,1200,1400,1400,42626,0,400,433.95152331422196,1.2665170002037485,1433.620547999908,6.866255337118191
1786170270,50,,Aggregated,47.200000,0.000000,400,560,660,710,850,940,1000,1100,1200,1400,1400,42672,0,400,434.3387352757317,1.2665170002037485,1433.620547999908,6.866586989126359
1786170271,50,,Aggregated,47.400000,0.000000,400,560,660,710,850,940,1000,1100,1200,1400,1400,42715,0,400,434.8532289711815,1.2665170002037485,1433.620547999908,6.867166100901323
1786170272,50,,Aggregated,47.200000,0.000000,400,560,660,710,850,940,1000,1100,1200,1400,1400,42761,0,400,435.48189253036674,1.2665170002037485,1433.620547999908,6.867963798788616
1786170273,50,,Aggregated,46.900000,0.000000,400,560,660,710,850,940,1000,1100,1200,1400,1500,42806,0,400,436.00301017761547,1.2665170002037485,1483.7283550000393,6.868219408494136
1786170274,50,,Aggregated,46.100000,0.000000,400,560,660,720,850,940,1000,1100,1200,1400,1500,42854,0,400,436.54939812740946,1.2665170002037485,1483.7283550000393,6.868227003313576
1786170275,50,,Aggregated,46.000000,0.000000,400,560,660,720,850,940,1000,1100,1200,1400,1500,42903,0,400,437.0045922249961,1.2665170002037485,1483.7283550000393,6.868074493625154
1786170276,50,,Aggregated,46.000000,0.000000,400,560,660,720,850,940,1000,1100,1200,1400,1500,42947,0,400,437.5262770483386,1.2665170002037485,1483.7283550000393,6.8687219130556265
1786170277,50,,Aggregated,46.500000,0.000000,400,570,660,720,850,950,1000,1100,1200,1400,1500,42988,0,400,438.00838652195966,1.2665170002037485,1483.7283550000393,6.869847399274216
1786170278,50,,Aggregated,46.900000,0.000000,410,570,660,720,850,950,1000,1100,1200,1400,1500,43034,0,400,438.6166674666542,1.2665170002037485,1483.7283550000393,6.869707673002742
1786170279,50,,Aggregated,45.600000,0.000000,410,570,660,720,850,950,1000,1100,1200,1400,1500,43087,0,410,439.1161281347275,1.2665170002037485,1483.7283550000393,6.869612644185021
1786170280,50,,Aggregated,46.200000,0.000000,410,570,660,720,860,950,1000,1100,1200,1400,1500,43138,0,410,439.54739036042474,1.2665170002037485,1483.7283550000393,6.868677268301729
1786170281,50,,Aggregated,46.100000,0.000000,410,570,660,720,860,950,1000,1100,1200,1400,1500,43191,0,410,439.9992016173741,1.2665170002037485,1483.7283550000393,6.868352203005256
1786170282,50,,Aggregated,46.100000,0.000000,410,570,670,720,860,950,1000,1100,1200,1400,1500,43237,0,410,440.4183310907328,1.2665170002037485,1483.7283550000393,6.8686772902837845
1786170283,50,,Aggregated,46.300000,0.000000,410,570,670,720,860,950,1000,1100,1200,1400,1500,43282,0,410,440.9364144989835,1.2665170002037485,1483.7283550000393,6.868929347072686
1786170284,50,,Aggregated,47.300000,0.000000,410,570,670,720,860,950,1000,1100,1200,1400,1500,43330,0,410,441.45868214237237,1.2665170002037485,1483.7283550000393,6.868474498038311
1786170285,50,,Aggregated,47.600000,0.000000,410,570,670,720,860,950,1000,1100,1200,1400,1500,43376,0,410,441.93929702980887,1.2665170002037485,1483.7283550000393,6.869028956104758
1786170286,50,,Aggregated,47.500000,0.000000,410,570,670,730,860,950,1000,1100,1200,1400,1500,43417,0,410,442.38509653591876,1.2665170002037485,1483.7283550000393,6.869912707004169
1786170287,50,,Aggregated,47.400000,0.000000,410,570,670,730,860,960,1000,1100,1200,1400,1500,43471,0,410,442.92337188507247,1.2665170002037485,1483.7283550000393,6.869200156426123
1786170288,50,,Aggregated,47.100000,0.000000,410,570,670,730,860,960,1000,1100,1200,1400,1500,43523,0,410,443.30539878974326,1.2665170002037485,1483.7283550000393,6.868575236082072
1786170289,50,,Aggregated,47.000000,0.000000,410,570,670,730,860,960,1000,1100,1200,1400,1500,43575,0,410,443.68486310916785,1.2665170002037485,1483.7283550000393,6.867951807228915
1786170291,50,,Aggregated,47.800000,0.000000,410,570,670,730,860,960,1000,1100,1200,1400,1500,43621,0,410,444.1170614657389,1.2665170002037485,1483.7283550000393,6.8678159602026545
1786170292,50,,Aggregated,48.400000,0.000000,410,580,670,730,860,960,1100,1100,1200,1400,1500,43672,0,410,444.6611724729347,1.2665170002037485,1483.7283550000393,6.867352079135372
1786170293,50,,Aggregated,48.100000,0.000000,410,580,670,730,860,960,1100,1100,1200,1400,1500,43719,0,410,445.0274294008099,1.2665170002037485,1483.7283550000393,6.867517555296324
1786170294,50,,Aggregated,48.100000,0.000000,410,580,670,730,870,960,1100,1100,1200,1400,1500,43758,0,410,445.5584648272777,1.2665170002037485,1483.7283550000393,6.868709721650898
1786170295,50,,Aggregated,48.100000,0.000000,410,580,670,730,870,960,1100,1100,1300,1400,1500,43807,0,410,446.12375101652754,1.2665170002037485,1483.7283550000393,6.868559819206976
1786170296,50,,Aggregated,48.100000,0.000000,410,580,670,730,870,960,1100,1100,1300,1400,1500,43856,0,410,446.56626174197413,1.2665170002037485,1483.7283550000393,6.868410251732945
1786170297,50,,Aggregated,47.400000,0.000000,410,580,680,730,870,960,1100,1100,1300,1400,1500,43904,0,410,447.04794983422954,1.2665170002037485,1483.7283550000393,6.868189686588921
1786170298,50,,Aggregated,47.900000,0.000000,410,580,680,730,870,960,1100,1100,1300,1400,1500,43957,0,410,447.5128624966449,1.2665170002037485,1483.7283550000393,6.867415883704529
1786170299,50,,Aggregated,48.500000,0.000000,420,580,680,730,870,970,1100,1100,1300,1400,1500,44005,0,420,447.91536232759955,1.2665170002037485,1483.7283550000393,6.867196909442109
1786170300,50,,Aggregated,48.500000,0.000000,420,580,680,730,870,970,1100,1100,1300,1400,1500,44044,0,420,448.3421453992146,1.2665170002037485,1483.7283550000393,6.868381618381618
1786170301,50,,Aggregated,48.400000,0.000000,420,580,680,740,870,970,1100,1100,1300,1400,1500,44092,0,420,448.9341941018328,1.2665170002037485,1483.7283550000393,6.868842420393722
1786170302,50,,Aggregated,46.900000,0.000000,420,580,680,740,870,970,1100,1100,1300,1400,1500,44133,0,420,449.44990198753817,1.2665170002037485,1483.7283550000393,6.869712006888269
1786170303,50,,Aggregated,47.100000,0.000000,420,580,680,740,870,970,1100,1100,1300,1400,1500,44179,0,420,449.9444540745609,1.2665170002037485,1483.7283550000393,6.869349691029675
1786170304,50,,Aggregated,45.900000,0.000000,420,580,680,740,870,970,1100,1100,1300,1400,1500,44228,0,420,450.46107250721315,1.2665170002037485,1483.7283550000393,6.86942660757891
1786170305,50,,Aggregated,45.900000,0.000000,420,590,680,740,870,970,1100,1100,1300,1400,1500,44267,0,420,450.8843414088378,1.2665170002037485,1483.7283550000393,6.870377482097274
1786170306,50,,Aggregated,46.900000,0.000000,420,590,680,740,880,970,1100,1100,1300,1400,1500,44313,0,420,451.4620988972315,1.2665170002037485,1483.7283550000393,6.870918240696861
1786170307,50,,Aggregated,46.100000,0.000000,420,590,680,740,880,970,1100,1100,1300,1400,1500,44353,0,420,451.97962738236464,1.2665170002037485,1483.7283550000393,6.871936509368025
1786170308,50,,Aggregated,45.500000,0.000000,420,590,680,740,880,980,1100,1100,1300,1400,1500,44398,0,420,452.4575643990499,1.2665170002037485,1483.7283550000393,6.872178926978693
1786170309,50,,Aggregated,44.700000,0.000000,420,590,680,740,880,980,1100,1100,1300,1400,1500,44445,0,420,452.9262922898641,1.2665170002037485,1483.7283550000393,6.872111598605017
1786170310,50,,Aggregated,44.100000,0.000000,420,590,680,740,880,980,1100,1100,1300,1400,1500,44493,0,420,453.4392671133434,1.2665170002037485,1483.7283550000393,6.871665205762704
1786170311,50,,Aggregated,44.100000,0.000000,420,590,690,740,880,980,1100,1100,1300,1400,1500,44535,0,420,453.8568586403948,1.2665170002037485,1483.7283550000393,6.872370046031212
1786170312,50,,Aggregated,44.100000,0.000000,420,590,690,750,880,980,1100,1100,1300,1400,1500,44590,0,420,454.366696539941,1.2665170002037485,1483.7283550000393,6.870845481049563
1786170313,50,,Aggregated,44.200000,0.000000,420,590,690,750,880,980,1100,1100,1300,1400,1500,44639,0,420,454.66123222798353,1.2665170002037485,1483.7283550000393,6.870696028136831
1786170314,50,,Aggregated,45.900000,0.000000,420,590,690,750,880,980,1100,1100,1300,1400,1500,44687,0,420,455.1297504822645,1.2665170002037485,1483.7283550000393,6.870700651196097
1786170315,50,,Aggregated,45.800000,0.000000,420,590,690,750,880,980,1100,1100,1300,1400,1500,44731,0,420,455.55749005273657,1.2665170002037485,1483.7283550000393,6.870648990632894
1786170316,50,,Aggregated,45.500000,0.000000,420,590,690,750,880,980,1100,1100,1300,1400,1500,44770,0,420,455.99962130886644,1.2665170002037485,1483.7283550000393,6.87181148090239
1786170317,50,,Aggregated,46.100000,0.000000,420,590,690,750,880,980,1100,1100,1300,1400,1500,44816,0,420,456.65414395987943,1.2665170002037485,1487.0276639999247,6.871898429132453
1786170318,50,,Aggregated,45.600000,0.000000,430,590,690,750,890,980,1100,1100,1300,1400,1500,44861,0,430,457.10864491223924,1.2665170002037485,1487.0276639999247,6.871915472236464
1786170319,50,,Aggregated,46.300000,0.000000,430,590,690,750,890,980,1100,1100,1300,1400,1500,44903,0,430,457.59086004917197,1.2665170002037485,1487.0276639999247,6.873059706478409
1786170320,50,,Aggregated,46.400000,0.000000,430,590,690,750,890,990,1100,1100,1300,1400,1500,44944,0,430,458.13315916042114,1.2665170002037485,1487.0276639999247,6.873464756140976
1786170321,50,,Aggregated,45.500000,0.000000,430,600,690,750,890,990,1100,1100,1300,1400,1500,44985,0,430,458.6345175190833,1.2665170002037485,1487.0276639999247,6.874535956429921
1786170322,50,,Aggregated,45.100000,0.000000,430,600,690,750,890,990,1100,1100,1300,1500,1500,45028,0,430,459.14243458214804,1.2665170002037485,1487.0276639999247,6.875077729412809
1786170323,50,,Aggregated,44.800000,0.000000,430,600,690,750,890,990,1100,1100,1300,1500,1500,45067,0,430,459.6197865292336,1.2665170002037485,1487.0276639999247,6.875784942419065
1786170324,50,,Aggregated,43.600000,0.000000,430,600,690,750,890,990,1100,1100,1300,1500,1500,45114,0,430,460.2443823585797,1.2665170002037485,1487.0276639999247,6.875936516380724
1786170325,50,,Aggregated,42.900000,0.000000,430,600,700,750,890,990,1100,1100,1300,1500,1500,45163,0,430,460.70779412957444,1.2665170002037485,1487.0276639999247,6.875561853729823
1786170326,50,,Aggregated,42.900000,0.000000,430,600,700,750,890,990,1100,1100,1300,1500,1500,45204,0,430,461.0879791087507,1.2665170002037485,1487.0276639999247,6.875962304220866
1786170327,50,,Aggregated,43.100000,0.000000,430,600,700,760,890,1000,1100,1100,1300,1500,1500,45255,0,430,461.6122384612297,1.2665170002037485,1487.0276639999247,6.875726439067506
1786170328,50,,Aggregated,43.700000,0.000000,430,600,700,760,900,1000,1100,1100,1300,1500,1500,45303,0,430,462.06558879045434,1.2665170002037485,1487.0276639999247,6.875284197514514
1786170329,50,,Aggregated,43.800000,0.000000,430,600,700,760,900,1000,1100,1100,1300,1500,1500,45343,0,430,462.4904579272424,1.2665170002037485,1487.0276639999247,6.875835299825773
1786170330,50,,Aggregated,44.200000,0.000000,430,600,700,760,900,1000,1100,1100,1300,1500,1500,45388,0,430,463.0371660196957,1.2665170002037485,1487.0276639999247,6.875848241826033
1786170331,50,,Aggregated,43.900000,0.000000,430,600,700,760,900,1000,1100,1100,1300,1500,1500,45427,0,430,463.5094673303972,1.2665170002037485,1487.0276639999247,6.876549188808418
1786170332,50,,Aggregated,44.200000,0.000000,430,600,700,760,900,1000,1100,1100,1300,1500,1500,45480,0,430,464.0070903792866,1.2665170002037485,1487.0276639999247,6.876231310466139
1786170333,50,,Aggregated,44.400000,0.000000,430,600,700,760,900,1000,1100,1100,1300,1500,1500,45520,0,430,464.4241810153548,1.2665170002037485,1487.0276639999247,6.876999121265378
1786170334,50,,Aggregated,44.600000,0.000000,430,600,700,760,900,1000,1100,1200,1300,1500,1500,45564,0,430,464.94176197287214,1.2665170002037485,1487.0276639999247,6.87694232288649
1786170335,50,,Aggregated,45.100000,0.000000,430,600,700,760,900,1000,1100,1200,1300,1500,1500,45615,0,430,465.3472517675536,1.2665170002037485,1487.0276639999247,6.876049545105777
1786170336,50,,Aggregated,45.100000,0.000000,430,600,700,760,900,1000,1100,1200,1300,1500,1500,45654,0,430,465.7913710406308,1.2665170002037485,1487.0276639999247,6.876965873746003
1786170337,50,,Aggregated,45.500000,0.000000,430,600,700,760,900,1000,1100,1200,1300,1500,1500,45703,0,430,466.27874745587735,1.2665170002037485,1487.0276639999247,6.876594534275649
1786170338,50,,Aggregated,44.900000,0.000000,430,610,700,760,900,1000,1100,1200,1300,1500,1500,45750,0,430,466.71198648928896,1.2665170002037485,1487.0276639999247,6.876306010928961
1786170339,50,,Aggregated,44.600000,0.000000,430,610,710,760,910,1000,1100,1200,1300,1500,1500,45798,0,430,467.14842957814693,1.2665170002037485,1487.0276639999247,6.8763046421241105
1786170340,50,,Aggregated,44.300000,0.000000,440,610,710,770,910,1000,1100,1200,1300,1500,1500,45847,0,440,467.5865672050728,1.2665170002037485,1487.0276639999247,6.875498942133619
1786170341,50,,Aggregated,45.400000,0.000000,440,610,710,770,910,1000,1100,1200,1300,1500,1500,45891,0,440,467.971501651979,1.2665170002037485,1487.0276639999247,6.875661894489116
1786170342,50,,Aggregated,45.700000,0.000000,440,610,710,770,910,1000,1100,1200,1300,1500,1500,45937,0,440,468.48063817075507,1.2665170002037485,1487.0276639999247,6.875525175784226
1786170343,50,,Aggregated,46.300000,0.000000,440,610,710,770,910,1000,1100,1200,1300,1500,1500,45981,0,440,468.9105799343202,1.2665170002037485,1487.0276639999247,6.875687784084731
1786170344,50,,Aggregated,45.400000,0.000000,440,610,710,770,910,1000,1100,1200,1300,1500,1500,46027,0,440,469.4464547746101,1.2665170002037485,1487.0276639999247,6.875985834401547
1786170345,50,,Aggregated,46.200000,0.000000,440,610,710,770,910,1000,1100,1200,1300,1500,1500,46076,0,440,469.84595959983477,1.2665170002037485,1487.0276639999247,6.875184477819255
1786170346,50,,Aggregated,46.000000,0.000000,440,610,710,770,910,1000,1100,1200,1300,1500,1500,46120,0,440,470.27394760526846,1.2665170002037485,1487.0276639999247,6.8755637467476145
1786170347,50,,Aggregated,45.600000,0.000000,440,610,710,770,910,1000,1100,1200,1300,1500,1500,46162,0,440,470.67905770731323,1.2665170002037485,1487.0276639999247,6.876023569169447
1786170348,50,,Aggregated,46.400000,0.000000,440,610,710,770,910,1000,1100,1200,1300,1500,1500,46199,0,440,471.19501743585334,1.2665170002037485,1487.0276639999247,6.8767938699971864
1786170349,50,,Aggregated,45.700000,0.000000,440,610,710,770,910,1000,1100,1200,1300,1500,1500,46247,0,440,471.7306481465171,1.2665170002037485,1487.0276639999247,6.8763595476463335
1786170350,50,,Aggregated,44.900000,0.000000,440,610,710,770,920,1000,1100,1200,1300,1500,1500,46286,0,440,472.19560186075665,1.2665170002037485,1487.0276639999247,6.877479151363263
1786170351,50,,Aggregated,44.900000,0.000000,440,610,710,770,920,1000,1100,1200,1300,1500,1500,46328,0,440,472.7295972609868,1.2665170002037485,1487.0276639999247,6.8779355897081675
1786170352,50,,Aggregated,43.900000,0.000000,440,620,710,770,920,1000,1100,1200,1300,1500,1500,46378,0,440,473.20590481258364,1.2665170002037485,1487.0276639999247,6.87742032860408
1786170353,50,,Aggregated,43.500000,0.000000,440,620,720,770,920,1000,1100,1200,1300,1500,1500,46420,0,440,473.58192779269746,1.2665170002037485,1487.0276639999247,6.8776604911676005
1786170354,50,,Aggregated,44.400000,0.000000,440,620,720,770,920,1000,1100,1200,1300,1500,1500,46455,0,440,474.0514511030464,1.2665170002037485,1510.6963579996773,6.878721343235389
1786170355,50,,Aggregated,43.700000,0.000000,440,620,720,780,920,1000,1100,1200,1300,1500,1600,46503,0,440,474.6483193391396,1.2665170002037485,1626.7382369996994,6.87850246220674
1786170356,50,,Aggregated,42.800000,0.000000,440,620,720,780,920,1000,1100,1200,1300,1500,1600,46548,0,440,475.08503474714297,1.2665170002037485,1626.7382369996994,6.87851250322248
1786170357,50,,Aggregated,42.500000,0.000000,440,620,720,780,920,1000,1100,1200,1300,1500,1600,46592,0,440,475.47765576302834,1.2665170002037485,1626.7382369996994,6.878670157967033
1786170358,50,,Aggregated,42.300000,0.000000,440,620,720,780,920,1000,1100,1200,1300,1500,1600,46639,0,440,475.8880785570022,1.2665170002037485,1626.7382369996994,6.8783850425609465
1786170359,50,,Aggregated,43.200000,0.000000,440,620,720,780,920,1000,1100,1200,1300,1500,1600,46697,0,440,476.30854767282756,1.2665170002037485,1626.7382369996994,6.876908580851018
1786170360,50,,Aggregated,44.200000,0.000000,450,620,720,780,920,1000,1100,1200,1300,1500,1600,46744,0,450,476.62185510852794,1.2665170002037485,1626.7382369996994,6.87598408351874
1786170361,50,,Aggregated,44.700000,0.000000,450,620,720,780,920,1000,1100,1200,1300,1500,1600,46794,0,450,477.0908986381382,1.2665170002037485,1626.7382369996994,6.875689190921913
1786170362,50,,Aggregated,45.900000,0.000000,450,620,720,780,920,1000,1100,1200,1300,1500,1600,46830,0,450,477.4632570892385,1.2665170002037485,1626.7382369996994,6.876382660687593
1786170363,50,,Aggregated,45.900000,0.000000,450,620,720,780,930,1000,1100,1200,1300,1500,1600,46885,0,450,477.96224597647495,1.2665170002037485,1626.7382369996994,6.875354591020582
1786170364,50,,Aggregated,45.500000,0.000000,450,620,720,780,930,1000,1100,1200,1300,1500,1600,46930,0,450,478.29605540858813,1.2665170002037485,1626.7382369996994,6.875154485403793
1786170365,50,,Aggregated,46.300000,0.000000,450,620,720,780,930,1000,1100,1200,1300,1500,1600,46974,0,450,478.76970392314985,1.2665170002037485,1626.7382369996994,6.875314003491293
1786170366,50,,Aggregated,47.500000,0.000000,450,620,720,780,930,1000,1100,1200,1300,1500,1600,47023,0,450,479.181785411927,1.2665170002037485,1626.7382369996994,6.874104161793165
1786170367,50,,Aggregated,46.900000,0.000000,450,620,720,780,930,1000,1100,1200,1300,1500,1600,47068,0,450,479.5888913134197,1.2665170002037485,1626.7382369996994,6.8739058383615195
1786170368,50,,Aggregated,47.400000,0.000000,450,630,730,780,930,1000,1100,1200,1300,1500,1600,47114,0,450,480.05026134838965,1.2665170002037485,1626.7382369996994,6.87398650082778
1786170369,50,,Aggregated,47.200000,0.000000,450,630,730,780,930,1000,1100,1200,1300,1500,1600,47163,0,450,480.49217910561333,1.2665170002037485,1626.7382369996994,6.8734177215189876
1786170370,50,,Aggregated,46.700000,0.000000,450,630,730,790,930,1000,1100,1200,1300,1500,1600,47207,0,450,480.8450964468625,1.2665170002037485,1626.7382369996994,6.8733662380579155
1786170371,50,,Aggregated,46.800000,0.000000,450,630,730,790,930,1000,1100,1200,1300,1500,1600,47247,0,450,481.31008479986104,1.2665170002037485,1626.7382369996994,6.87432006264948
1786170372,50,,Aggregated,45.800000,0.000000,450,630,730,790,930,1000,1100,1200,1300,1500,1600,47291,0,450,481.7941560126036,1.2665170002037485,1626.7382369996994,6.873844917637605
1786170373,50,,Aggregated,45.300000,0.000000,450,630,730,790,930,1000,1100,1200,1300,1500,1600,47332,0,450,482.17632159173576,1.2665170002037485,1626.7382369996994,6.8742288515169445
1786170374,50,,Aggregated,45.800000,0.000000,450,630,730,790,930,1000,1100,1200,1300,1500,1600,47376,0,450,482.7300930715136,1.2665170002037485,1626.7382369996994,6.874810030395137
1786170375,50,,Aggregated,44.900000,0.000000,450,630,730,790,940,1000,1100,1200,1300,1500,1600,47416,0,450,483.22763059370317,1.2665170002037485,1626.7382369996994,6.875126539564704
1786170376,50,,Aggregated,43.900000,0.000000,450,630,730,790,940,1000,1100,1200,1300,1500,1600,47463,0,450,483.617548076355,1.2665170002037485,1626.7382369996994,6.8746391926342625
1786170377,50,,Aggregated,44.000000,0.000000,450,630,730,790,940,1000,1100,1200,1300,1500,1600,47506,0,450,484.05734648444485,1.2665170002037485,1626.7382369996994,6.874521113122553
1786170378,50,,Aggregated,44.300000,0.000000,450,630,730,790,940,1000,1100,1200,1300,1500,1600,47545,0,450,484.5191373831326,1.2665170002037485,1626.7382369996994,6.875612577558103
1786170379,50,,Aggregated,44.300000,0.000000,460,630,730,790,940,1000,1100,1200,1300,1500,1600,47586,0,460,485.0280651693994,1.2665170002037485,1626.7382369996994,6.875992939099735
1786170380,50,,Aggregated,43.400000,0.000000,460,630,730,790,940,1000,1100,1200,1300,1500,1600,47625,0,460,485.52936426393785,1.2665170002037485,1626.7382369996994,6.876661417322834
1786170381,50,,Aggregated,42.400000,0.000000,460,630,730,790,940,1000,1100,1200,1300,1500,1600,47666,0,460,485.93352661775765,1.2665170002037485,1626.7382369996994,6.877040238325011
1786170382,50,,Aggregated,42.100000,0.000000,460,630,730,790,940,1000,1100,1200,1400,1500,1600,47709,0,460,486.5045778390039,1.2665170002037485,1626.7382369996994,6.877549309354629
1786170383,50,,Aggregated,42.600000,0.000000,460,630,740,800,940,1000,1100,1200,1400,1500,1600,47746,0,460,486.8989990042524,1.2665170002037485,1626.7382369996994,6.8785029112386376
1786170384,50,,Aggregated,41.500000,0.000000,460,640,740,800,940,1000,1100,1200,1400,1500,1600,47783,0,460,487.4639102136122,1.2665170002037485,1626.7382369996994,6.879664315760835
1786170385,50,,Aggregated,41.300000,0.000000,460,640,740,800,950,1000,1100,1200,1400,1500,1600,47824,0,460,487.9604581931464,1.2665170002037485,1626.7382369996994,6.88003931080629
1786170386,50,,Aggregated,41.400000,0.000000,460,640,740,800,950,1000,1100,1200,1400,1500,1600,47876,0,460,488.40944510903233,1.2665170002037485,1626.7382369996994,6.87883281811346
1786170387,50,,Aggregated,41.500000,0.000000,460,640,740,800,950,1000,1100,1200,1400,1500,1600,47918,0,460,488.7341870218922,1.2665170002037485,1626.7382369996994,6.878855544889186
1786170388,50,,Aggregated,41.000000,0.000000,460,640,740,800,950,1100,1100,1200,1400,1500,1600,47966,0,460,489.1904095834761,1.2665170002037485,1626.7382369996994,6.878226243589209
1786170389,50,,Aggregated,41.000000,0.000000,460,640,740,800,950,1100,1100,1200,1400,1500,1600,48013,0,460,489.6518839774648,1.2665170002037485,1626.7382369996994,6.877949721950305
1786170390,50,,Aggregated,42.100000,0.000000,460,640,740,800,950,1100,1100,1200,1400,1500,1600,48052,0,460,490.02663315849554,1.2665170002037485,1626.7382369996994,6.8781944560059936
1786170391,50,,Aggregated,42.100000,0.000000,460,640,740,800,950,1100,1100,1200,1400,1500,1600,48099,0,460,490.45215762161416,1.2665170002037485,1626.7382369996994,6.8777105553130005
1786170392,50,,Aggregated,42.600000,0.000000,460,640,740,800,950,1100,1100,1200,1400,1500,1600,48133,0,460,490.8514575183351,1.2665170002037485,1626.7382369996994,6.879085035214925
1786170393,50,,Aggregated,42.900000,0.000000,460,640,740,800,950,1100,1100,1200,1400,1500,1600,48174,0,460,491.47091099539193,1.2665170002037485,1626.7382369996994,6.879665379665379
1786170394,50,,Aggregated,42.900000,0.000000,460,640,740,800,950,1100,1100,1200,1400,1500,1600,48221,0,460,491.9692396270091,1.2665170002037485,1626.7382369996994,6.878973891043321
1786170395,50,,Aggregated,42.200000,0.000000,460,640,740,800,950,1100,1100,1200,1400,1500,1600,48265,0,460,492.36611729845663,1.2665170002037485,1626.7382369996994,6.878711281466901
1786170396,50,,Aggregated,43.300000,0.000000,460,640,740,800,950,1100,1100,1200,1400,1500,1600,48310,0,460,492.7099382719728,1.2665170002037485,1626.7382369996994,6.8789277582281105
1786170397,50,,Aggregated,43.700000,0.000000,460,640,750,810,950,1100,1200,1200,1400,1500,1600,48352,0,460,493.1901145737301,1.2665170002037485,1626.7382369996994,6.879157015221708
1786170398,50,,Aggregated,43.700000,0.000000,460,640,750,810,960,1100,1200,1200,1400,1500,1600,48388,0,460,493.5789685282506,1.2665170002037485,1626.7382369996994,6.880032239398198
1786170399,50,,Aggregated,43.200000,0.000000,460,640,750,810,960,1100,1200,1200,1400,1500,1600,48428,0,460,494.1335496826832,1.2665170002037485,1626.7382369996994,6.879924836871232
1786170400,50,,Aggregated,42.200000,0.000000,470,650,750,810,960,1100,1200,1200,1400,1500,1600,48482,0,470,494.61485227300824,1.2665170002037485,1626.7382369996994,6.878862258157667
1786170401,50,,Aggregated,42.300000,0.000000,470,650,750,810,960,1100,1200,1200,1400,1500,1600,48519,0,470,494.9509931117084,1.2665170002037485,1626.7382369996994,6.879799666110183
1786170402,50,,Aggregated,42.100000,0.000000,470,650,750,810,960,1100,1200,1200,1400,1500,1600,48568,0,470,495.4738878254611,1.2665170002037485,1626.7382369996994,6.879035578982045
1786170403,50,,Aggregated,41.900000,0.000000,470,650,750,810,960,1100,1200,1200,1400,1500,1600,48603,0,470,495.77571793066244,1.2665170002037485,1626.7382369996994,6.8798428080571155
1786170404,50,,Aggregated,42.500000,0.000000,470,650,750,810,960,1100,1200,1200,1400,1500,1600,48645,0,470,496.2972755847259,1.2665170002037485,1626.7382369996994,6.880275465104328
1786170405,50,,Aggregated,43.500000,0.000000,470,650,750,810,960,1100,1200,1200,1400,1500,1600,48688,0,470,496.8252101139911,1.2665170002037485,1626.7382369996994,6.8803606638186
1786170406,50,,Aggregated,42.900000,0.000000,470,650,750,810,960,1100,1200,1200,1400,1500,1600,48724,0,470,497.27565640253255,1.2665170002037485,1626.7382369996994,6.881228963139315
1786170407,50,,Aggregated,41.900000,0.000000,470,650,750,810,960,1100,1200,1200,1400,1500,1600,48766,0,470,497.7458203033262,1.2665170002037485,1626.7382369996994,6.881249231021614
1786170408,50,,Aggregated,41.000000,0.000000,470,650,750,810,960,1100,1200,1200,1400,1500,1600,48809,0,470,498.19250054119107,1.2665170002037485,1626.7382369996994,6.88174312114569
1786170409,50,,Aggregated,41.200000,0.000000,470,650,750,810,960,1100,1200,1200,1400,1500,1600,48851,0,470,498.59173468377315,1.2665170002037485,1626.7382369996994,6.881558207610898
1786170410,50,,Aggregated,41.700000,0.000000,470,650,750,810,970,1100,1200,1200,1400,1500,1600,48895,0,470,499.0838857782802,1.2665170002037485,1626.7382369996994,6.881501175989365
1786170411,50,,Aggregated,41.900000,0.000000,470,650,750,810,970,1100,1200,1200,1400,1500,1600,48929,0,470,499.4918613039715,1.2665170002037485,1626.7382369996994,6.882441905618345
1786170412,50,,Aggregated,41.800000,0.000000,470,650,750,820,970,1100,1200,1200,1400,1500,1600,48968,0,470,500.06030301137525,1.2665170002037485,1626.7382369996994,6.883291128900506
1786170413,50,,Aggregated,41.200000,0.000000,470,650,750,820,970,1100,1200,1200,1400,1600,1700,49005,0,470,500.5147974098156,1.2665170002037485,1692.6215489997958,6.883807774716866
1786170414,50,,Aggregated,40.400000,0.000000,470,650,760,820,970,1100,1200,1200,1400,1600,1700,49049,0,470,501.00277809690374,1.2665170002037485,1692.6215489997958,6.883545026402169
1786170415,50,,Aggregated,40.000000,0.000000,470,650,760,820,970,1100,1200,1200,1400,1600,1700,49098,0,470,501.4367117647569,1.2665170002037485,1692.6215489997958,6.882785449509145
1786170416,50,,Aggregated,40.000000,0.000000,470,650,760,820,970,1100,1200,1200,1400,1600,1700,49138,0,470,501.7939857302502,1.2665170002037485,1692.6215489997958,6.8832878831047255
1786170417,50,,Aggregated,40.900000,0.000000,470,650,760,820,970,1100,1200,1200,1400,1600,1700,49178,0,470,502.2415974966862,1.2665170002037485,1692.6215489997958,6.88399284232787
1786170418,50,,Aggregated,41.400000,0.000000,470,660,760,820,970,1100,1200,1200,1400,1600,1700,49214,0,470,502.763058944793,1.2665170002037485,1692.6215489997958,6.884849839476572
1786170419,50,,Aggregated,41.000000,0.000000,470,660,760,820,970,1100,1200,1200,1400,1600,1700,49256,0,470,503.25973466166647,1.2665170002037485,1692.6215489997958,6.884866818255644
1786170420,50,,Aggregated,40.700000,0.000000,470,660,760,820,970,1100,1200,1200,1400,1600,1700,49296,0,470,503.7424908384258,1.2665170002037485,1692.6215489997958,6.885365952612788
1786170421,50,,Aggregated,40.200000,0.000000,480,660,760,820,980,1100,1200,1200,1400,1600,1700,49348,0,470,504.1970655930338,1.2665170002037485,1692.6215489997958,6.883784550539029
1786170422,50,,Aggregated,39.900000,0.000000,480,660,760,820,980,1100,1200,1200,1400,1600,1700,49392,0,480,504.46553943057637,1.2665170002037485,1692.6215489997958,6.883321185617104
1786170423,50,,Aggregated,41.400000,0.000000,480,660,760,820,980,1100,1200,1200,1400,1600,1700,49430,0,480,504.9218387045122,1.2665170002037485,1692.6215489997958,6.884301031762088
1786170424,50,,Aggregated,42.500000,0.000000,480,660,760,820,980,1100,1200,1200,1400,1600,1700,49464,0,480,505.4115434872237,1.2665170002037485,1692.6215489997958,6.885229661976387
1786170425,50,,Aggregated,42.200000,0.000000,480,660,760,820,980,1100,1200,1300,1400,1600,1700,49514,0,480,505.91905213168064,1.2665170002037485,1692.6215489997958,6.883931817263804
1786170426,50,,Aggregated,41.200000,0.000000,480,660,760,820,980,1100,1200,1300,1400,1600,1700,49558,0,480,506.2785523804035,1.2665170002037485,1692.6215489997958,6.883873441220389
1786170427,50,,Aggregated,41.500000,0.000000,480,660,760,820,980,1100,1200,1300,1400,1600,1700,49606,0,480,506.6150386063993,1.2665170002037485,1692.6215489997958,6.883260089505302
1786170428,50,,Aggregated,41.600000,0.000000,480,660,760,830,980,1100,1200,1300,1400,1600,1700,49649,0,480,506.98594152369736,1.2665170002037485,1692.6215489997958,6.883341054200487
1786170429,50,,Aggregated,43.000000,0.000000,480,660,760,830,980,1100,1200,1300,1400,1600,1700,49685,0,480,507.353452514442,1.2665170002037485,1692.6215489997958,6.883787863540304
1786170430,50,,Aggregated,43.200000,0.000000,480,660,770,830,980,1100,1200,1300,1400,1600,1700,49734,0,480,507.90069383472166,1.2665170002037485,1692.6215489997958,6.883037760887924
1786170431,50,,Aggregated,43.200000,0.000000,480,660,770,830,980,1100,1200,1300,1400,1600,1700,49770,0,480,508.21829995519477,1.2665170002037485,1692.6215489997958,6.883484026522002
1786170432,50,,Aggregated,43.700000,0.000000,480,660,770,830,980,1100,1200,1300,1400,1600,1700,49811,0,480,508.7306395407449,1.2665170002037485,1692.6215489997958,6.884041677541106
1786170433,50,,Aggregated,42.500000,0.000000,480,660,770,830,980,1100,1200,1300,1400,1600,1700,49861,0,480,509.18264047502134,1.2665170002037485,1692.6215489997958,6.883355728926415
1786170434,50,,Aggregated,41.900000,0.000000,480,660,770,830,980,1100,1200,1300,1400,1600,1700,49896,0,480,509.51527701805816,1.2665170002037485,1692.6215489997958,6.883938592271925
1786170435,50,,Aggregated,42.500000,0.000000,480,660,770,830,980,1100,1200,1300,1400,1600,1700,49930,0,480,509.98200982735887,1.2665170002037485,1692.6215489997958,6.884658521930703
1786170436,50,,Aggregated,43.400000,0.000000,480,670,770,830,990,1100,1200,1300,1400,1600,1700,49975,0,480,510.48807467027586,1.2665170002037485,1692.6215489997958,6.884462231115558
1786170437,50,,Aggregated,42.500000,0.000000,480,670,770,830,990,1100,1200,1300,1400,1600,1700,50015,0,480,510.95470094097834,1.2665170002037485,1692.6215489997958,6.884954513645906
1786170438,50,,Aggregated,42.200000,0.000000,480,670,770,830,990,1100,1200,1300,1400,1600,1700,50065,0,480,511.4316801726563,1.2665170002037485,1692.6215489997958,6.883471487066813
1786170439,50,,Aggregated,40.600000,0.000000,480,670,770,830,990,1100,1200,1300,1400,1600,1700,50099,0,480,511.7167602120409,1.2665170002037485,1692.6215489997958,6.8845885147408135
1786170440,50,,Aggregated,41.500000,0.000000,480,670,770,830,990,1100,1200,1300,1400,1600,1700,50140,0,480,512.2320265720192,1.2665170002037485,1692.6215489997958,6.884742720382928
1786170441,50,,Aggregated,41.500000,0.000000,480,670,770,830,990,1100,1200,1300,1400,1600,1700,50188,0,480,512.6881700081901,1.2665170002037485,1692.6215489997958,6.884534151590022
1786170442,50,,Aggregated,41.000000,0.000000,480,670,770,840,990,1100,1200,1300,1400,1600,1700,50227,0,480,513.0465623978346,1.2665170002037485,1692.6215489997958,6.884564079080972
1786170443,50,,Aggregated,41.300000,0.000000,480,670,770,840,990,1100,1200,1300,1400,1600,1700,50269,0,480,513.4837714942614,1.2665170002037485,1692.6215489997958,6.884580954464979
1786170444,50,,Aggregated,41.800000,0.000000,480,670,770,840,990,1100,1200,1300,1400,1600,1700,50307,0,480,513.9150010511465,1.2665170002037485,1692.6215489997958,6.885145208420299
1786170445,50,,Aggregated,41.100000,0.000000,490,670,770,840,990,1100,1200,1300,1400,1600,1700,50343,0,490,514.377967876607,1.2665170002037485,1692.6215489997958,6.885982162366168
1786170446,50,,Aggregated,40.700000,0.000000,490,670,770,840,1000,1100,1200,1300,1400,1600,1700,50390,0,490,514.9241110991869,1.2665170002037485,1692.6215489997958,6.884917642389363
1786170447,50,,Aggregated,40.800000,0.000000,490,670,780,840,1000,1100,1200,1300,1400,1600,1700,50432,0,490,515.2432344446192,1.2665170002037485,1692.6215489997958,6.884934168781726
1786170448,50,,Aggregated,41.100000,0.000000,490,670,780,840,1000,1100,1200,1300,1400,1600,1700,50472,0,490,515.6958335923292,1.2665170002037485,1692.6215489997958,6.885223490252021
1786170449,50,,Aggregated,42.100000,0.000000,490,670,780,840,1000,1100,1200,1300,1400,1600,1700,50506,0,490,516.1498876178676,1.2665170002037485,1692.6215489997958,6.886330336989665
1786170450,50,,Aggregated,40.500000,0.000000,490,670,780,840,1000,1100,1200,1300,1500,1600,1700,50545,0,490,516.6305503143541,1.2665170002037485,1692.6215489997958,6.8863586902759915
1786170451,50,,Aggregated,40.100000,0.000000,490,670,780,840,1000,1100,1200,1300,1500,1600,1700,50585,0,490,517.0728024012261,1.2665170002037485,1692.6215489997958,6.886843926065039
1786170452,50,,Aggregated,40.000000,0.000000,490,670,780,840,1000,1100,1200,1300,1500,1600,1700,50622,0,490,517.5361239197588,1.2665170002037485,1692.6215489997958,6.8875390146576585
1786170453,50,,Aggregated,39.900000,0.000000,490,670,780,840,1000,1100,1200,1300,1500,1600,1700,50663,0,490,518.0146224574546,1.2665170002037485,1692.6215489997958,6.888084006079388
1786170454,50,,Aggregated,39.200000,0.000000,490,680,780,840,1000,1100,1200,1300,1500,1600,1700,50704,0,490,518.4733595917288,1.2665170002037485,1692.6215489997958,6.887444777532345
1786170455,50,,Aggregated,39.600000,0.000000,490,680,780,850,1000,1100,1200,1300,1500,1600,1700,50751,0,490,518.821255777345,1.2665170002037485,1692.6215489997958,6.886780556048157
1786170456,50,,Aggregated,39.700000,0.000000,490,680,780,850,1000,1100,1200,1300,1500,1600,1700,50788,0,490,519.2365602131808,1.2665170002037485,1692.6215489997958,6.887670315822636
1786170457,50,,Aggregated,40.600000,0.000000,490,680,780,850,1000,1100,1200,1300,1500,1600,1700,50826,0,490,519.7020783837214,1.2665170002037485,1692.6215489997958,6.887439499468776
1786170458,50,,Aggregated,39.900000,0.000000,490,680,780,850,1000,1100,1200,1300,1500,1600,1700,50867,0,490,520.1316101570571,1.2665170002037485,1692.6215489997958,6.888178976546681
1786170459,50,,Aggregated,39.400000,0.000000,490,680,780,850,1000,1100,1200,1300,1500,1600,1700,50910,0,490,520.5654360110593,1.2665170002037485,1692.6215489997958,6.887860931054803
1786170460,50,,Aggregated,39.800000,0.000000,490,680,780,850,1000,1100,1200,1300,1500,1600,1700,50949,0,490,521.0003427815861,1.2665170002037485,1692.6215489997958,6.888280437300045
1786170461,50,,Aggregated,40.200000,0.000000,490,680,780,850,1000,1100,1200,1300,1500,1600,1700,50991,0,490,521.4576113848922,1.2665170002037485,1692.6215489997958,6.888097899629346
1786170462,50,,Aggregated,40.600000,0.000000,490,680,790,850,1000,1100,1200,1300,1500,1600,1700,51033,0,490,521.8674145601087,1.2665170002037485,1692.6215489997958,6.8877197107753805
1786170463,50,,Aggregated,40.500000,0.000000,490,680,790,850,1000,1100,1200,1300,1500,1600,1700,51075,0,490,522.2436548116895,1.2665170002037485,1692.6215489997958,6.887733724914342
1786170464,50,,Aggregated,40.900000,0.000000,490,680,790,850,1000,1100,1200,1300,1500,1600,1700,51116,0,490,522.6505831567032,1.2665170002037485,1692.6215489997958,6.8876868299553955
1786170465,50,,Aggregated,40.900000,0.000000,490,680,790,850,1000,1100,1200,1300,1500,1600,1700,51159,0,490,523.0758680135664,1.2665170002037485,1692.6215489997958,6.887566215133212
1786170466,50,,Aggregated,41.300000,0.000000,490,680,790,850,1000,1100,1200,1300,1500,1600,1700,51200,0,490,523.4700087077548,1.2665170002037485,1692.6215489997958,6.88771484375
1786170467,50,,Aggregated,40.300000,0.000000,500,680,790,850,1000,1100,1200,1300,1500,1600,1700,51244,0,500,523.8297395663305,1.2665170002037485,1692.6215489997958,6.887459995316525
1786170468,50,,Aggregated,41.100000,0.000000,500,680,790,850,1000,1100,1200,1300,1500,1600,1700,51279,0,500,524.2024794696666,1.2665170002037485,1692.6215489997958,6.887439302638507
1786170469,50,,Aggregated,41.200000,0.000000,500,680,790,850,1000,1100,1200,1300,1500,1600,1700,51327,0,500,524.6610769084309,1.2665170002037485,1692.6215489997958,6.88684318195102
1786170470,50,,Aggregated,41.600000,0.000000,500,680,790,860,1000,1100,1200,1300,1500,1600,1700,51373,0,500,525.0441421509162,1.2665170002037485,1692.6215489997958,6.886516263406848
1786170471,50,,Aggregated,41.800000,0.000000,500,680,790,860,1000,1100,1200,1300,1500,1600,1700,51414,0,500,525.4023190828182,1.2665170002037485,1692.6215489997958,6.886081612012292
1786170472,50,,Aggregated,42.300000,0.000000,500,680,790,860,1000,1100,1200,1300,1500,1600,1700,51456,0,500,525.6929343668769,1.2665170002037485,1692.6215489997958,6.885708177860696
1786170473,50,,Aggregated,42.500000,0.000000,500,690,790,860,1000,1100,1200,1300,1500,1600,1700,51496,0,500,526.1592173329195,1.2665170002037485,1692.6215489997958,6.886185334783284
1786170474,50,,Aggregated,42.600000,0.000000,500,690,790,860,1000,1100,1200,1300,1500,1600,1700,51545,0,500,526.6882063287421,1.2665170002037485,1692.6215489997958,6.885071296925017
1786170475,50,,Aggregated,42.000000,0.000000,500,690,790,860,1000,1100,1200,1300,1500,1600,1700,51591,0,500,527.0077933766355,1.2665170002037485,1692.6215489997958,6.884553507394701
1786170476,50,,Aggregated,42.400000,0.000000,500,690,790,860,1000,1100,1200,1300,1500,1600,1700,51630,0,500,527.3203357193495,1.2665170002037485,1692.6215489997958,6.884582607011428
1786170477,50,,Aggregated,42.900000,0.000000,500,690,790,860,1000,1100,1200,1300,1500,1600,1700,51670,0,500,527.6564055146509,1.2665170002037485,1692.6215489997958,6.884478420747048
1786170478,50,,Aggregated,43.100000,0.000000,500,690,790,860,1000,1100,1200,1300,1500,1600,1700,51722,0,500,528.1191765963421,1.2665170002037485,1692.6215489997958,6.883357178763389
1786170479,50,,Aggregated,42.900000,0.000000,500,690,790,860,1000,1100,1200,1300,1500,1600,1700,51759,0,500,528.4381712381618,1.2665170002037485,1692.6215489997958,6.8836530844877215
1786170480,50,,Aggregated,43.100000,0.000000,500,690,800,860,1000,1100,1200,1300,1500,1600,1700,51795,0,500,528.8574577692057,1.2665170002037485,1692.6215489997958,6.884081475045853
1786170481,50,,Aggregated,43.300000,0.000000,500,690,800,860,1000,1100,1200,1300,1500,1600,1700,51830,0,500,529.3336925341312,1.2665170002037485,1692.6215489997958,6.884642099170365
1786170482,50,,Aggregated,42.300000,0.000000,500,690,800,860,1000,1100,1200,1300,1500,1600,1700,51869,0,500,529.8484954093392,1.2665170002037485,1692.6215489997958,6.884863791474676
1786170483,50,,Aggregated,41.100000,0.000000,500,690,800,860,1000,1100,1200,1300,1500,1600,1700,51906,0,500,530.2592710154321,1.2665170002037485,1692.6215489997958,6.8851577852271415
1786170484,50,,Aggregated,40.700000,0.000000,500,690,800,860,1000,1100,1200,1300,1500,1600,1700,51949,0,500,530.7297578515855,1.2665170002037485,1692.6215489997958,6.885233594486901
1786170485,50,,Aggregated,41.100000,0.000000,500,690,800,870,1000,1100,1200,1300,1500,1600,1700,51988,0,500,531.0960696938719,1.2665170002037485,1692.6215489997958,6.885261983534662
1786170486,50,,Aggregated,40.800000,0.000000,500,690,800,870,1000,1100,1200,1300,1500,1600,1700,52032,0,500,531.5860346530791,1.2665170002037485,1692.6215489997958,6.8850130688806885
1786170487,50,,Aggregated,40.000000,0.000000,500,690,800,870,1000,1100,1200,1300,1500,1600,1700,52071,0,500,531.9345171051835,1.2665170002037485,1692.6215489997958,6.885233623322002
1786170488,50,,Aggregated,39.400000,0.000000,500,690,800,870,1000,1100,1200,1300,1500,1600,1700,52106,0,500,532.3194409244235,1.2665170002037485,1692.6215489997958,6.885406671016773
1786170489,50,,Aggregated,39.700000,0.000000,500,690,800,870,1000,1100,1200,1300,1500,1600,1700,52152,0,500,532.8088830419354,1.2665170002037485,1692.6215489997958,6.8850859027458196
1786170490,50,,Aggregated,39.300000,0.000000,500,690,800,870,1000,1100,1200,1300,1500,1600,1700,52196,0,500,533.1683414085948,1.2665170002037485,1692.6215489997958,6.884837918614453
1786170491,50,,Aggregated,38.600000,0.000000,500,690,800,870,1000,1100,1200,1300,1500,1600,1700,52235,0,500,533.5257330738588,1.2665170002037485,1692.6215489997958,6.884675026323347
1786170492,50,,Aggregated,39.400000,0.000000,510,700,800,870,1000,1100,1200,1300,1500,1600,1700,52284,0,510,533.9863111793095,1.2665170002037485,1692.6215489997958,6.883960676306327
1786170493,50,,Aggregated,40.300000,0.000000,510,700,800,870,1000,1100,1200,1300,1500,1600,1700,52322,0,510,534.2314305850315,1.2665170002037485,1692.6215489997958,6.883739153702075
1786170494,50,,Aggregated,41.200000,0.000000,510,700,800,870,1000,1100,1200,1300,1500,1600,1700,52367,0,510,534.6874069608916,1.2665170002037485,1692.6215489997958,6.883552619015792
1786170495,50,,Aggregated,41.800000,0.000000,510,700,800,870,1000,1100,1200,1300,1500,1600,1700,52412,0,510,535.0659009218122,1.2665170002037485,1692.6215489997958,6.882603220636495
1786170496,50,,Aggregated,41.800000,0.000000,510,700,810,870,1000,1100,1200,1300,1500,1600,1700,52451,0,510,535.3830175267206,1.2665170002037485,1692.6215489997958,6.882823969037768
1786170497,50,,Aggregated,41.800000,0.000000,510,700,810,870,1000,1100,1200,1300,1500,1600,1700,52491,0,510,535.8219454914562,1.2665170002037485,1692.6215489997958,6.88329427901926
1786170498,50,,Aggregated,42.700000,0.000000,510,700,810,870,1000,1100,1200,1300,1500,1600,1700,52536,0,510,536.2605799888653,1.2665170002037485,1692.6215489997958,6.882537688442211
1786170499,50,,Aggregated,42.100000,0.000000,510,700,810,870,1000,1100,1200,1300,1500,1600,1700,52573,0,510,536.5458705196207,1.2665170002037485,1692.6215489997958,6.88244916592167
1786170500,50,,Aggregated,42.000000,0.000000,510,700,810,870,1000,1100,1200,1300,1500,1600,1700,52605,0,510,536.9872623941264,1.2665170002037485,1692.6215489997958,6.883775306529798
1786170501,50,,Aggregated,43.000000,0.000000,510,700,810,870,1000,1100,1300,1300,1500,1600,1700,52641,0,510,537.5489756605123,1.2665170002037485,1692.6215489997958,6.884386694781634
1786170502,50,,Aggregated,41.700000,0.000000,510,700,810,880,1000,1100,1300,1300,1500,1700,1700,52683,0,510,538.0438307097738,1.2665170002037485,1692.6215489997958,6.884402938329252
1786170503,50,,Aggregated,40.800000,0.000000,510,700,810,880,1000,1100,1300,1300,1500,1700,1700,52714,0,510,538.3750799585122,1.2665170002037485,1692.6215489997958,6.8849072352695675
1786170504,50,,Aggregated,40.100000,0.000000,510,700,810,880,1000,1100,1300,1300,1500,1700,1700,52760,0,510,538.8908510292079,1.2665170002037485,1692.6215489997958,6.88459059893859
1786170505,50,,Aggregated,39.200000,0.000000,510,700,810,880,1000,1100,1300,1300,1500,1700,1700,52803,0,510,539.2187865265613,1.2665170002037485,1692.6215489997958,6.884097494460542
1786170506,50,,Aggregated,38.800000,0.000000,510,700,810,880,1000,1100,1300,1300,1500,1700,1700,52840,0,510,539.647926160428,1.2665170002037485,1692.6215489997958,6.884576078728236
1786170507,50,,Aggregated,39.800000,0.000000,510,700,810,880,1000,1100,1300,1300,1500,1700,1700,52880,0,510,540.0908601314678,1.2665170002037485,1692.6215489997958,6.884663388804841
1786170508,50,,Aggregated,38.200000,0.000000,510,700,810,880,1000,1200,1300,1300,1500,1700,1700,52918,0,510,540.4826956375719,1.2665170002037485,1692.6215489997958,6.8848217997656755
1786170509,50,,Aggregated,38.500000,0.000000,510,700,810,880,1000,1200,1300,1300,1500,1700,1700,52958,0,510,540.8928216518945,1.2665170002037485,1692.6215489997958,6.8847199667661165
1786170510,50,,Aggregated,38.900000,0.000000,510,710,810,880,1000,1200,1300,1300,1500,1700,1700,52994,0,510,541.2878103295661,1.2665170002037485,1692.6215489997958,6.885137940144167
1786170511,50,,Aggregated,37.800000,0.000000,510,710,810,880,1000,1200,1300,1300,1500,1700,1700,53031,0,510,541.7466938930255,1.2665170002037485,1692.6215489997958,6.885614074786446
1786170512,50,,Aggregated,38.800000,0.000000,510,710,810,880,1000,1200,1300,1300,1500,1700,1700,53067,0,510,542.1830260046929,1.2665170002037485,1692.6215489997958,6.885653984585524
1786170513,50,,Aggregated,39.000000,0.000000,510,710,820,880,1000,1200,1300,1300,1500,1700,1800,53105,0,510,542.6498916454581,1.2665170002037485,1785.6196879997697,6.8861877412673005
1786170514,50,,Aggregated,38.600000,0.000000,510,710,820,880,1000,1200,1300,1300,1500,1700,1800,53142,0,510,543.1122302146898,1.2665170002037485,1785.6196879997697,6.886850325542885
1786170515,50,,Aggregated,38.800000,0.000000,510,710,820,880,1000,1200,1300,1300,1500,1700,1800,53186,0,510,543.5634446131884,1.2665170002037485,1785.6196879997697,6.8858534200729515
1786170516,50,,Aggregated,38.500000,0.000000,510,710,820,880,1000,1200,1300,1300,1500,1700,1800,53234,0,510,543.8310237865469,1.2665170002037485,1785.6196879997697,6.884904384415975
1786170517,50,,Aggregated,37.900000,0.000000,520,710,820,880,1000,1200,1300,1300,1500,1700,1800,53268,0,520,544.1675800631721,1.2665170002037485,1785.6196879997697,6.885766313734324
1786170518,50,,Aggregated,39.000000,0.000000,520,710,820,890,1000,1200,1300,1300,1500,1700,1800,53309,0,520,544.6159381307855,1.2665170002037485,1785.6196879997697,6.885722861055356
1786170519,50,,Aggregated,39.100000,0.000000,520,710,820,890,1100,1200,1300,1300,1500,1700,1800,53342,0,520,545.0340394791916,1.2665170002037485,1785.6196879997697,6.8863372202017175
1786170520,50,,Aggregated,39.000000,0.000000,520,710,820,890,1100,1200,1300,1300,1500,1700,1800,53378,0,520,545.5173232532699,1.2665170002037485,1785.6196879997697,6.88693843905729
1786170521,50,,Aggregated,38.300000,0.000000,520,710,820,890,1100,1200,1300,1300,1500,1700,1800,53421,0,520,545.9345069964442,1.2665170002037485,1785.6196879997697,6.886636341513637
1786170522,50,,Aggregated,38.000000,0.000000,520,710,820,890,1100,1200,1300,1300,1500,1700,1800,53462,0,520,546.288603621171,1.2665170002037485,1785.6196879997697,6.886592345965359
1786170523,50,,Aggregated,38.700000,0.000000,520,710,820,890,1100,1200,1300,1300,1500,1700,1800,53505,0,520,546.7407143634433,1.2665170002037485,1785.6196879997697,6.886291000841043
1786170524,50,,Aggregated,39.300000,0.000000,520,710,820,890,1100,1200,1300,1300,1500,1700,1800,53539,0,520,547.0695939148293,1.2665170002037485,1785.6196879997697,6.886587347541045
1786170525,50,,Aggregated,39.300000,0.000000,520,710,820,890,1100,1200,1300,1300,1500,1700,1800,53580,0,520,547.5180235430579,1.2665170002037485,1785.6196879997697,6.886356849570736
1786170526,50,,Aggregated,39.700000,0.000000,520,710,820,890,1100,1200,1300,1300,1500,1700,1800,53616,0,520,547.9266375170295,1.2665170002037485,1785.6196879997697,6.886955386451805
1786170527,50,,Aggregated,39.400000,0.000000,520,710,820,890,1100,1200,1300,1300,1500,1700,1800,53654,0,520,548.3498949276297,1.2665170002037485,1785.6196879997697,6.887110001118276
1786170528,50,,Aggregated,38.700000,0.000000,520,720,820,890,1100,1200,1300,1300,1500,1700,1800,53694,0,520,548.7229329023178,1.2665170002037485,1785.6196879997697,6.887007859351138
1786170529,50,,Aggregated,38.000000,0.000000,520,720,820,890,1100,1200,1300,1300,1500,1700,1800,53735,0,520,549.1588111485074,1.2665170002037485,1785.6196879997697,6.887149902298316
1786170530,50,,Aggregated,38.500000,0.000000,520,720,830,890,1100,1200,1300,1300,1500,1700,1800,53768,0,520,549.5514197486245,1.2665170002037485,1785.6196879997697,6.887758518077667
1786170531,50,,Aggregated,39.000000,0.000000,520,720,830,890,1100,1200,1300,1300,1500,1700,1800,53807,0,520,550.0487255169782,1.2665170002037485,1785.6196879997697,6.888155816157749
1786170532,50,,Aggregated,38.700000,0.000000,520,720,830,900,1100,1200,1300,1300,1500,1700,1800,53839,0,520,550.4015280563539,1.2665170002037485,1785.6196879997697,6.888519474730214
1786170533,50,,Aggregated,38.500000,0.000000,520,720,830,900,1100,1200,1300,1300,1500,1700,1800,53877,0,520,550.8760119990731,1.2665170002037485,1785.6196879997697,6.888857954229078
1786170534,50,,Aggregated,38.100000,0.000000,520,720,830,900,1100,1200,1300,1400,1500,1700,1800,53919,0,520,551.3469299703826,1.2665170002037485,1802.4421280001661,6.888499415790352
1786170535,50,,Aggregated,37.800000,0.000000,520,720,830,900,1100,1200,1300,1400,1500,1700,1800,53952,0,520,551.6809886564549,1.2665170002037485,1802.4421280001661,6.8892904804270465
1786170536,50,,Aggregated,37.600000,0.000000,520,720,830,900,1100,1200,1300,1400,1500,1700,1800,53986,0,520,552.1528596958667,1.2665170002037485,1802.4421280001661,6.8899529507650135
1786170537,50,,Aggregated,38.000000,0.000000,520,720,830,900,1100,1200,1300,1400,1500,1700,1800,54028,0,520,552.5957202392476,1.2665170002037485,1802.4421280001661,6.889409195232102
1786170538,50,,Aggregated,37.200000,0.000000,520,720,830,900,1100,1200,1300,1400,1500,1700,1800,54072,0,520,553.0403375545212,1.2665170002037485,1802.4421280001661,6.889166296789466
1786170539,50,,Aggregated,37.500000,0.000000,520,720,830,900,1100,1200,1300,1400,1500,1700,1800,54102,0,520,553.3343269524431,1.2665170002037485,1802.4421280001661,6.889967099183025
1786170540,50,,Aggregated,37.000000,0.000000,520,720,830,900,1100,1200,1300,1400,1500,1700,1800,54136,0,520,553.7697281692418,1.2665170002037485,1802.4421280001661,6.89081202896409
1786170541,50,,Aggregated,37.400000,0.000000,520,720,830,900,1100,1200,1300,1400,1500,1700,1800,54175,0,520,554.2937186796139,1.2665170002037485,1802.4421280001661,6.8912044300876785
1786170542,50,,Aggregated,37.000000,0.000000,520,720,830,900,1100,1200,1300,1400,1500,1700,1800,54213,0,520,554.6701250967124,1.2665170002037485,1802.4421280001661,6.89117001457215
1786170543,50,,Aggregated,36.700000,0.000000,530,720,830,900,1100,1200,1300,1400,1500,1700,1800,54251,0,530,555.0675281530674,1.2665170002037485,1802.4421280001661,6.8911356472691745
1786170544,50,,Aggregated,36.700000,0.000000,530,720,830,900,1100,1200,1300,1400,1500,1700,1800,54298,0,530,555.4819999484153,1.2665170002037485,1802.4421280001661,6.889959114516189
1786170545,50,,Aggregated,37.400000,0.000000,530,720,830,900,1100,1200,1300,1400,1500,1700,1800,54334,0,530,555.7773611953116,1.2665170002037485,1802.4421280001661,6.890915448890198
1786170546,50,,Aggregated,37.700000,0.000000,530,720,840,900,1100,1200,1300,1400,1500,1700,1800,54371,0,530,556.2636081932292,1.2665170002037485,1802.4421280001661,6.89119199573302
1786170547,50,,Aggregated,37.300000,0.000000,530,730,840,910,1100,1200,1300,1400,1500,1700,1800,54402,0,530,556.6204047674546,1.2665170002037485,1802.4421280001661,6.891492959817654
1786170548,50,,Aggregated,38.000000,0.000000,530,730,840,910,1100,1200,1300,1400,1500,1700,1800,54455,0,530,557.1325272653762,1.2665170002037485,1802.4421280001661,6.890478376641264
1786170549,50,,Aggregated,37.900000,0.000000,530,730,840,910,1100,1200,1300,1400,1500,1700,1800,54492,0,530,557.4242853782583,1.2665170002037485,1802.4421280001661,6.890204066651986
1786170550,50,,Aggregated,37.500000,0.000000,530,730,840,910,1100,1200,1300,1400,1500,1700,1800,54529,0,530,557.8100180435374,1.2665170002037485,1802.4421280001661,6.890480294888958
1786170551,50,,Aggregated,38.500000,0.000000,530,730,840,910,1100,1200,1300,1400,1500,1700,1800,54569,0,530,558.2179202815162,1.2665170002037485,1802.4421280001661,6.890377320456669
1786170552,50,,Aggregated,39.000000,0.000000,530,730,840,910,1100,1200,1300,1400,1500,1700,1800,54607,0,530,558.5735380921503,1.2665170002037485,1802.4421280001661,6.890343728825974
1786170553,50,,Aggregated,39.200000,0.000000,530,730,840,910,1100,1200,1300,1400,1500,1700,1800,54646,0,530,558.9674488060436,1.2665170002037485,1802.4421280001661,6.890367089997438
1786170554,50,,Aggregated,39.600000,0.000000,530,730,840,910,1100,1200,1300,1400,1500,1700,1800,54691,0,530,559.3684140686413,1.2665170002037485,1802.4421280001661,6.8896344919639425
1786170555,50,,Aggregated,39.100000,0.000000,530,730,840,910,1100,1200,1300,1400,1500,1700,1800,54731,0,530,559.6748635212415,1.2665170002037485,1802.4421280001661,6.889532440481628
1786170556,50,,Aggregated,38.700000,0.000000,530,730,840,910,1100,1200,1300,1400,1500,1700,1800,54764,0,530,560.0570645300755,1.2665170002037485,1802.4421280001661,6.890311153312395
1786170557,50,,Aggregated,39.900000,0.000000,530,730,840,910,1100,1200,1300,1400,1500,1700,1800,54803,0,530,560.521749800906,1.2665170002037485,1802.4421280001661,6.889787055453168
1786170558,50,,Aggregated,39.300000,0.000000,530,730,840,910,1100,1200,1300,1400,1500,1700,1800,54841,0,530,560.8900699955151,1.2665170002037485,1802.4421280001661,6.8903010521325285
1786170559,50,,Aggregated,39.600000,0.000000,530,730,840,910,1100,1200,1300,1400,1500,1700,1800,54878,0,530,561.3531428256684,1.2665170002037485,1802.4421280001661,6.890575458289296
1786170560,50,,Aggregated,39.200000,0.000000,530,730,840,910,1100,1200,1300,1400,1500,1700,1800,54910,0,530,561.7041087884,1.2665170002037485,1802.4421280001661,6.8907484975414315
1786170561,50,,Aggregated,38.100000,0.000000,530,730,850,910,1100,1200,1300,1400,1500,1700,1800,54947,0,530,562.1366831947885,1.2665170002037485,1802.4421280001661,6.8910222578120734
1786170562,50,,Aggregated,38.600000,0.000000,530,730,850,920,1100,1200,1300,1400,1500,1700,1800,54987,0,530,562.5760964317753,1.2665170002037485,1802.4421280001661,6.89073781075527
1786170563,50,,Aggregated,38.500000,0.000000,530,730,850,920,1100,1200,1300,1400,1500,1700,1800,55027,0,530,562.9610737008567,1.2665170002037485,1802.4421280001661,6.89045377723663
1786170564,50,,Aggregated,38.300000,0.000000,530,730,850,920,1100,1200,1300,1400,1500,1700,1800,55066,0,530,563.356281738369,1.2665170002037485,1802.4421280001661,6.890658482548215
1786170565,50,,Aggregated,38.100000,0.000000,540,730,850,920,1100,1200,1300,1400,1500,1700,1800,55092,0,530,563.711975802186,1.2665170002037485,1802.4421280001661,6.891944383939592
1786170566,50,,Aggregated,38.000000,0.000000,540,730,850,920,1100,1200,1300,1400,1600,1700,1800,55131,0,540,564.27740291094,1.2665170002037485,1802.4421280001661,6.8919664072844675
1786170567,50,,Aggregated,36.500000,0.000000,540,740,850,920,1100,1200,1300,1400,1600,1700,1800,55165,0,540,564.6799128668366,1.2665170002037485,1802.4421280001661,6.8927943442400075
1786170568,50,,Aggregated,36.700000,0.000000,540,740,850,920,1100,1200,1300,1400,1600,1700,1800,55200,0,540,565.1351588353812,1.2665170002037485,1802.4421280001661,6.8931340579710145
1786170569,50,,Aggregated,36.500000,0.000000,540,740,850,920,1100,1200,1300,1400,1600,1700,1800,55240,0,540,565.5393183964707,1.2665170002037485,1802.4421280001661,6.892668356263577
1786170570,50,,Aggregated,36.400000,0.000000,540,740,850,920,1100,1200,1300,1400,1600,1700,1800,55285,0,540,565.9437885790368,1.2665170002037485,1802.4421280001661,6.891941756353441
1786170571,50,,Aggregated,36.400000,0.000000,540,740,850,920,1100,1200,1300,1400,1600,1700,1800,55320,0,540,566.2803009858106,1.2665170002037485,1802.4421280001661,6.8924620390455535
1786170572,50,,Aggregated,36.400000,0.000000,540,740,850,920,1100,1200,1300,1400,1600,1700,1800,55358,0,540,566.6820386289794,1.2665170002037485,1802.4421280001661,6.892427472090755
1786170573,50,,Aggregated,36.700000,0.000000,540,740,850,920,1100,1200,1300,1400,1600,1700,1800,55396,0,540,567.0870851827937,1.2665170002037485,1802.4421280001661,6.892212434110766
1786170574,50,,Aggregated,36.600000,0.000000,540,740,850,920,1100,1200,1300,1400,1600,1700,1800,55437,0,540,567.4950307512318,1.2665170002037485,1802.4421280001661,6.892165881992171
1786170575,50,,Aggregated,36.600000,0.000000,540,740,850,920,1100,1200,1300,1400,1600,1700,1800,55475,0,540,567.8418740264449,1.2665170002037485,1802.4421280001661,6.892492113564669
1786170576,50,,Aggregated,36.900000,0.000000,540,740,850,920,1100,1200,1300,1400,1600,1700,1800,55515,0,540,568.253887756607,1.2665170002037485,1802.4421280001661,6.892209312798343
1786170577,50,,Aggregated,37.800000,0.000000,540,740,850,920,1100,1200,1300,1400,1600,1700,1800,55557,0,540,568.6161846818409,1.2665170002037485,1802.4421280001661,6.891678816350775
1786170578,50,,Aggregated,38.000000,0.000000,540,740,850,920,1100,1200,1300,1400,1600,1700,1800,55591,0,540,568.9541151278451,1.2665170002037485,1802.4421280001661,6.892140814160565
1786170579,50,,Aggregated,38.600000,0.000000,540,740,860,930,1100,1200,1300,1400,1600,1700,1800,55629,0,540,569.3568480679328,1.2665170002037485,1802.4421280001661,6.892466159736828
1786170580,50,,Aggregated,38.700000,0.000000,540,740,860,930,1100,1200,1300,1400,1600,1700,1800,55671,0,540,569.7753537169089,1.2665170002037485,1802.4421280001661,6.891577302365684
1786170581,50,,Aggregated,39.000000,0.000000,540,740,860,930,1100,1200,1300,1400,1600,1700,1800,55710,0,540,570.1169457837018,1.2665170002037485,1802.4421280001661,6.89141985280919
1786170582,50,,Aggregated,38.500000,0.000000,540,740,860,930,1100,1200,1300,1400,1600,1700,1800,55749,0,540,570.4666317527675,1.2665170002037485,1802.4421280001661,6.891441998959623
1786170583,50,,Aggregated,38.500000,0.000000,540,740,860,930,1100,1200,1300,1400,1600,1700,1800,55791,0,540,570.8712495637834,1.2665170002037485,1802.4421280001661,6.891093545553942
1786170584,50,,Aggregated,38.700000,0.000000,540,740,860,930,1100,1200,1300,1400,1600,1700,1800,55821,0,540,571.2015221749527,1.2665170002037485,1802.4421280001661,6.891689507533007
1786170585,50,,Aggregated,39.200000,0.000000,540,750,860,930,1100,1200,1300,1400,1600,1700,1800,55859,0,540,571.6873733788474,1.2665170002037485,1802.4421280001661,6.891655776150665
1786170586,50,,Aggregated,39.000000,0.000000,540,750,860,930,1100,1200,1300,1400,1600,1700,1800,55901,0,540,572.1165371268143,1.2665170002037485,1802.4421280001661,6.891486735478793
1786170587,50,,Aggregated,38.300000,0.000000,540,750,860,930,1100,1200,1300,1400,1600,1700,1800,55936,0,540,572.4640345616606,1.2665170002037485,1802.4421280001661,6.891644021739131
1786170588,50,,Aggregated,38.500000,0.000000,540,750,860,930,1100,1200,1300,1400,1600,1700,1800,55970,0,540,572.8262914264794,1.2665170002037485,1802.4421280001661,6.89192424513132
1786170589,50,,Aggregated,37.900000,0.000000,540,750,860,930,1100,1200,1300,1400,1600,1700,1800,56007,0,540,573.2619468708921,1.2665170002037485,1802.4421280001661,6.892370596532576
1786170590,50,,Aggregated,38.200000,0.000000,540,750,860,930,1100,1200,1300,1400,1600,1700,1800,56046,0,540,573.6211723091933,1.2665170002037485,1802.4421280001661,6.892035114013489
1786170591,50,,Aggregated,37.500000,0.000000,550,750,860,930,1100,1200,1300,1400,1600,1700,1800,56089,0,550,574.0661752746717,1.2665170002037485,1802.4421280001661,6.891921767191428
1786170592,50,,Aggregated,38.300000,0.000000,550,750,860,930,1100,1200,1300,1400,1600,1700,1800,56127,0,550,574.4058309953507,1.2665170002037485,1802.4421280001661,6.8918880396244235
1786170593,50,,Aggregated,37.400000,0.000000,550,750,860,930,1100,1200,1300,1400,1600,1700,1800,56163,0,550,574.7701123712773,1.2665170002037485,1802.4421280001661,6.8919217278279294
1786170594,50,,Aggregated,37.600000,0.000000,550,750,860,930,1100,1200,1300,1400,1600,1700,1800,56200,0,550,575.129394142314,1.2665170002037485,1802.4421280001661,6.891832740213523
1786170595,50,,Aggregated,37.300000,0.000000,550,750,870,940,1100,1200,1300,1400,1600,1700,1800,56230,0,550,575.5467387064919,1.2665170002037485,1802.4421280001661,6.892601813978303
1786170596,50,,Aggregated,37.400000,0.000000,550,750,870,940,1100,1200,1300,1400,1600,1700,1800,56264,0,550,576.0383493216806,1.2665170002037485,1802.4421280001661,6.893235461396275
1786170597,50,,Aggregated,37.400000,0.000000,550,750,870,940,1100,1200,1300,1400,1600,1700,1800,56291,0,550,576.438630154537,1.2665170002037485,1802.4421280001661,6.894370325629319
1786170598,50,,Aggregated,36.600000,0.000000,550,750,870,940,1100,1200,1300,1400,1600,1700,1800,56327,0,550,576.9583320833534,1.2665170002037485,1802.4421280001661,6.894757398760808
1786170599,50,,Aggregated,36.200000,0.000000,550,750,870,940,1100,1200,1300,1400,1600,1700,1800,56369,0,550,577.4030631877638,1.2665170002037485,1806.5643019999698,6.89423264560308
1786170600,50,,Aggregated,35.600000,0.000000,550,750,870,940,1100,1200,1300,1400,1600,1700,1800,56403,0,550,577.7099717819628,1.2665170002037485,1806.5643019999698,6.894154566246476
1786170601,50,,Aggregated,35.900000,0.000000,550,750,870,940,1100,1200,1300,1400,1600,1700,1800,56445,0,550,578.1133354999388,1.2665170002037485,1806.5643019999698,6.893808131809727
1786170602,50,,Aggregated,35.800000,0.000000,550,750,870,940,1100,1200,1300,1400,1600,1700,1800,56486,0,550,578.50021711803,1.2665170002037485,1806.5643019999698,6.893407215947314
1786170603,50,,Aggregated,36.200000,0.000000,550,750,870,940,1100,1200,1300,1400,1600,1700,1800,56520,0,550,578.826105949753,1.2665170002037485,1806.5643019999698,6.894037508846426
1786170604,50,,Aggregated,36.000000,0.000000,550,750,870,940,1100,1200,1400,1400,1600,1700,1800,56557,0,550,579.2529880907058,1.2665170002037485,1806.5643019999698,6.894124511554715
1786170605,50,,Aggregated,35.900000,0.000000,550,750,870,940,1100,1200,1400,1400,1600,1700,1800,56595,0,550,579.671626370369,1.2665170002037485,1806.5643019999698,6.894266277939748
1786170606,50,,Aggregated,35.800000,0.000000,550,760,870,940,1100,1200,1400,1400,1600,1700,1800,56630,0,550,580.0733496255172,1.2665170002037485,1806.5643019999698,6.89441991877097
1786170607,50,,Aggregated,35.900000,0.000000,550,760,870,940,1100,1200,1400,1400,1600,1700,1800,56661,0,550,580.492143782726,1.2665170002037485,1806.5643019999698,6.895060094244719
1786170608,50,,Aggregated,36.600000,0.000000,550,760,870,940,1100,1200,1400,1400,1600,1700,1800,56694,0,550,580.9287828220279,1.2665170002037485,1806.5643019999698,6.895809080325961
1786170609,50,,Aggregated,36.400000,0.000000,550,760,870,940,1100,1200,1400,1400,1600,1700,1800,56733,0,550,581.4062841132684,1.2665170002037485,1815.549056999771,6.895827825075353
1786170610,50,,Aggregated,36.600000,0.000000,550,760,870,940,1100,1200,1400,1400,1600,1700,1800,56766,0,550,581.779230873094,1.2665170002037485,1815.549056999771,6.896223091287038
1786170611,50,,Aggregated,36.300000,0.000000,550,760,870,950,1100,1200,1400,1400,1600,1700,1800,56802,0,550,582.149652311909,1.2665170002037485,1815.549056999771,6.896429703179465
1786170612,50,,Aggregated,36.000000,0.000000,550,760,880,950,1100,1200,1400,1400,1600,1700,1800,56840,0,550,582.5909107086392,1.2665170002037485,1815.549056999771,6.896217452498241
1786170613,50,,Aggregated,36.100000,0.000000,550,760,880,950,1100,1200,1400,1400,1600,1700,1800,56873,0,550,582.9589541340365,1.2665170002037485,1815.549056999771,6.896787579343449
1786170614,50,,Aggregated,35.300000,0.000000,550,760,880,950,1100,1200,1400,1400,1600,1700,1800,56914,0,550,583.4146786100969,1.2665170002037485,1815.549056999771,6.896211828372633
1786170615,50,,Aggregated,35.500000,0.000000,550,760,880,950,1100,1200,1400,1400,1600,1700,1800,56954,0,550,583.7439689713461,1.2665170002037485,1815.549056999771,6.895933560417179
1786170616,50,,Aggregated,35.300000,0.000000,550,760,880,950,1100,1200,1400,1400,1600,1700,1800,56991,0,550,584.0968671759059,1.2665170002037485,1815.549056999771,6.8960186696145005
1786170617,50,,Aggregated,35.400000,0.000000,560,760,880,950,1100,1200,1400,1400,1600,1700,1800,57027,0,560,584.4819474526989,1.2665170002037485,1815.549056999771,6.8963999509004505
1786170618,50,,Aggregated,35.900000,0.000000,560,760,880,950,1100,1300,1400,1400,1600,1700,1800,57058,0,560,584.8578609257082,1.2665170002037485,1815.549056999771,6.897034596375618
1786170619,50,,Aggregated,36.500000,0.000000,560,760,880,950,1100,1300,1400,1400,1600,1700,1800,57093,0,560,585.30651025371,1.2665170002037485,1815.549056999771,6.897185294169162
1786170620,50,,Aggregated,36.400000,0.000000,560,760,880,950,1100,1300,1400,1400,1600,1700,1800,57127,0,560,585.694410860015,1.2665170002037485,1815.549056999771,6.8976315927669924
1786170621,50,,Aggregated,36.600000,0.000000,560,760,880,950,1100,1300,1400,1400,1600,1700,1800,57164,0,560,586.1554606723648,1.2665170002037485,1815.549056999771,6.897715345322231
1786170622,50,,Aggregated,36.000000,0.000000,560,760,880,950,1100,1300,1400,1400,1600,1700,1800,57202,0,560,586.5132783912111,1.2665170002037485,1815.549056999771,6.897503583790776
1786170623,50,,Aggregated,35.700000,0.000000,560,760,880,950,1100,1300,1400,1400,1600,1700,1800,57240,0,560,586.8823513857626,1.2665170002037485,1815.549056999771,6.897292103424179
1786170624,50,,Aggregated,36.600000,0.000000,560,760,880,950,1100,1300,1400,1400,1600,1700,1800,57275,0,560,587.2661098610403,1.2665170002037485,1815.549056999771,6.897965953731995
1786170625,50,,Aggregated,36.500000,0.000000,560,760,880,950,1100,1300,1400,1400,1600,1700,1800,57308,0,560,587.6660560317765,1.2665170002037485,1815.549056999771,6.898007259021428
1786170626,50,,Aggregated,36.800000,0.000000,560,770,880,950,1100,1300,1400,1400,1600,1700,1800,57346,0,560,588.1335318009808,1.2665170002037485,1815.549056999771,6.898144595961357
1786170627,50,,Aggregated,36.400000,0.000000,560,770,880,960,1100,1300,1400,1400,1600,1700,1800,57382,0,560,588.535737391744,1.2665170002037485,1815.549056999771,6.898347913979994
1786170628,50,,Aggregated,35.400000,0.000000,560,770,880,960,1100,1300,1400,1400,1600,1800,1800,57420,0,560,588.9619147588128,1.2665170002037485,1815.549056999771,6.89831069313828
1786170629,50,,Aggregated,35.300000,0.000000,560,770,880,960,1100,1300,1400,1400,1600,1800,1800,57451,0,560,589.3177597943815,1.2665170002037485,1815.549056999771,6.8987659048580525
1786170630,50,,Aggregated,35.600000,0.000000,560,770,890,960,1100,1300,1400,1400,1600,1800,1800,57488,0,560,589.7383149806394,1.2665170002037485,1815.549056999771,6.899022404675758
1786170631,50,,Aggregated,35.800000,0.000000,560,770,890,960,1100,1300,1400,1400,1600,1800,1900,57528,0,560,590.1693787087509,1.2665170002037485,1850.6606160003685,6.898397302183285
1786170632,50,,Aggregated,35.800000,0.000000,560,770,890,960,1100,1300,1400,1400,1600,1800,1900,57569,0,560,590.4820302873599,1.2665170002037485,1850.6606160003685,6.898000660077472
1786170633,50,,Aggregated,35.900000,0.000000,560,770,890,960,1100,1300,1400,1400,1600,1800,1900,57607,0,560,590.7843510815702,1.2665170002037485,1850.6606160003685,6.897790199107748
1786170634,50,,Aggregated,36.000000,0.000000,560,770,890,960,1100,1300,1400,1400,1600,1800,1900,57643,0,560,591.1464751871871,1.2665170002037485,1850.6606160003685,6.897819336259389
1786170635,50,,Aggregated,36.400000,0.000000,560,770,890,960,1100,1300,1400,1400,1600,1800,1900,57687,0,560,591.5131514675751,1.2665170002037485,1850.6606160003685,6.89706519666476
1786170636,50,,Aggregated,36.300000,0.000000,560,770,890,960,1100,1300,1400,1400,1600,1800,1900,57724,0,560,591.8324477890827,1.2665170002037485,1850.6606160003685,6.896975261589634
1786170637,50,,Aggregated,36.900000,0.000000,560,770,890,960,1100,1300,1400,1400,1600,1800,1900,57764,0,560,592.1924168539927,1.2665170002037485,1850.6606160003685,6.8965272488054845
1786170638,50,,Aggregated,37.600000,0.000000,560,770,890,960,1100,1300,1400,1400,1600,1800,1900,57805,0,560,592.524403564606,1.2665170002037485,1850.6606160003685,6.896306547876481
1786170639,50,,Aggregated,37.900000,0.000000,560,770,890,960,1100,1300,1400,1400,1600,1800,1900,57842,0,560,592.8289182955994,1.2665170002037485,1850.6606160003685,6.89604439680509
1786170640,50,,Aggregated,38.600000,0.000000,560,770,890,960,1100,1300,1400,1400,1600,1800,1900,57881,0,560,593.2016159486716,1.2665170002037485,1850.6606160003685,6.895889842953646
1786170641,50,,Aggregated,39.000000,0.000000,570,770,890,960,1100,1300,1400,1400,1600,1800,1900,57917,0,570,593.499679108035,1.2665170002037485,1850.6606160003685,6.895747362605107
1786170642,50,,Aggregated,39.000000,0.000000,570,770,890,960,1100,1300,1400,1400,1600,1800,1900,57963,0,570,593.9495829397556,1.2665170002037485,1850.6606160003685,6.894932974483722
