Timestamp,User Count,Type,Name,Requests/s,Failures/s,50%,66%,75%,80%,90%,95%,98%,99%,99.9%,99.99%,100%,Total Request Count,Total Failure Count,Total Median Response Time,Total Average Response Time,Total Min Response Time,Total Max Response Time,Total Average Content Size
1786177199,0,,Aggregated,0.000000,0.000000,N/A,N/A,N/A,N/A,N/A,N/A,N/A,N/A,N/A,N/A,N/A,0,0,0,0.0,0,0,0
1786177200,5,,Aggregated,0.000000,0.000000,4,4,6,8,10,12,19,19,19,19,19,31,0,4,5.096099935474652,1.416489000121146,19.01439399989613,0.41935483870967744
1786177201,10,,Aggregated,0.000000,0.000000,5,6,8,8,10,11,12,19,19,19,19,89,0,5,5.693364370773871,1.416489000121146,19.01439399989613,1.3595505617977528
1786177202,15,,Aggregated,18.000000,0.000000,5,6,7,8,9,10,12,14,19,19,19,178,0,5,5.386529943817815,1.416489000121146,19.01439399989613,1.5842696629213484
1786177203,20,,Aggregated,32.500000,0.000000,5,6,7,8,10,12,16,19,26,26,26,291,0,5,5.898824646051737,1.416489000121146,25.763071000028503,1.7835051546391754
1786177204,25,,Aggregated,43.333333,0.000000,5,7,8,8,10,12,14,18,26,26,26,429,0,5,6.122125058278674,1.3351770001008845,25.763071000028503,2.184149184149184
1786177205,30,,Aggregated,57.250000,0.000000,6,7,9,10,12,15,19,22,27,27,27,587,0,6,6.896411088586802,1.3351770001008845,27.29347400008919,2.5877342419080067
1786177206,35,,Aggregated,72.000000,0.000000,6,8,10,11,14,18,22,26,35,35,35,777,0,6,7.809116882881976,1.3351770001008845,34.56851700002517,2.9021879021879022
1786177207,40,,Aggregated,84.833333,0.000000,7,10,12,14,20,30,42,62,83,83,83,986,0,7,10.293650743406918,1.3351770001008845,82.60470100003658,3.191683569979716
1786177208,45,,Aggregated,98.000000,0.000000,8,12,16,19,35,50,68,76,94,100,100,1213,0,8,14.255753454244623,1.3351770001008845,101.24508199987758,3.434460016488046
1786177209,50,,Aggregated,110.000000,0.000000,10,15,22,28,45,61,72,80,100,110,110,1437,0,10,17.414600369519803,1.3351770001008845,106.98402699995313,3.6471816283924845
1786177210,50,,Aggregated,121.777778,0.000000,12,20,29,36,54,68,78,87,100,110,110,1665,0,12,20.616028130329326,1.3351770001008845,106.98402699995313,3.8096096096096095
1786177211,50,,Aggregated,131.700000,0.000000,14,27,39,46,66,78,92,99,120,130,130,1876,0,14,25.383963680701598,1.3351770001008845,134.8116189999473,4.042110874200427
1786177212,50,,Aggregated,152.800000,0.000000,17,34,48,56,75,89,110,110,140,150,150,2078,0,17,29.92708092348214,1.3351770001008845,147.31280099999822,4.265158806544755
1786177213,50,,Aggregated,169.500000,0.000000,20,42,57,66,86,110,130,140,170,190,190,2255,0,20,35.23096700044281,1.3351770001008845,193.1266770000093,4.491352549889135
1786177214,50,,Aggregated,183.400000,0.000000,25,49,63,71,94,120,140,160,190,210,210,2447,0,25,39.39790475561836,1.3351770001008845,206.93732300014744,4.632611360850021
1786177215,50,,Aggregated,192.800000,0.000000,29,53,68,76,100,120,140,160,190,210,210,2647,0,29,42.13593547260954,1.3351770001008845,206.93732300014744,4.758594635436343
1786177216,50,,Aggregated,197.200000,0.000000,33,59,72,81,110,130,150,170,190,210,210,2829,0,33,45.6415601884048,1.3351770001008845,206.93732300014744,4.917638741604807
1786177217,50,,Aggregated,202.400000,0.000000,37,64,78,88,110,130,150,170,190,210,210,3006,0,37,49.12633342647972,1.3351770001008845,206.93732300014744,5.055222887558217
1786177218,50,,Aggregated,203.700000,0.000000,41,68,83,93,120,140,160,170,190,210,210,3182,0,41,52.52197187555004,1.3351770001008845,206.93732300014744,5.1772470144563165
1786177219,50,,Aggregated,201.900000,0.000000,45,71,86,96,120,140,160,170,190,210,210,3369,0,45,54.56703110923153,1.3351770001008845,206.93732300014744,5.260908281389137
1786177220,50,,Aggregated,197.500000,0.000000,49,75,90,100,130,150,170,190,240,260,260,3533,0,49,58.307888012171254,1.3351770001008845,261.5168419999918,5.350693461647325
1786177221,50,,Aggregated,194.200000,0.000000,53,78,94,110,140,150,170,190,240,260,260,3708,0,53,60.72060067475824,1.3351770001008845,261.5168419999918,5.437971952535059
1786177222,50,,Aggregated,188.000000,0.000000,55,79,95,110,130,150,170,190,240,260,260,3889,0,55,61.794219606326244,1.3351770001008845,261.5168419999918,5.498585754692723
1786177223,50,,Aggregated,183.900000,0.000000,58,82,99,110,140,160,180,190,230,260,260,4064,0,58,63.78870873720542,1.3351770001008845,261.5168419999918,5.562007874015748
1786177224,50,,Aggregated,181.500000,0.000000,60,85,100,110,140,160,180,200,240,260,260,4237,0,60,65.57422967595066,1.3351770001008845,261.5168419999918,5.608685390606562
1786177225,50,,Aggregated,180.000000,0.000000,63,87,100,120,140,160,180,200,240,260,260,4412,0,63,67.3184122613333,1.3351770001008845,261.5168419999918,5.665004533091569
1786177226,50,,Aggregated,178.700000,0.000000,65,90,110,120,150,160,180,200,240,260,260,4577,0,65,69.52523556915048,1.3351770001008845,261.5168419999918,5.714223290364868
1786177227,50,,Aggregated,176.200000,0.000000,67,92,110,120,150,160,190,200,240,260,260,4749,0,67,71.15973411118165,1.3351770001008845,261.5168419999918,5.751526637186776
1786177228,50,,Aggregated,174.200000,0.000000,69,94,110,120,150,170,190,200,240,260,260,4922,0,69,73.05317524888288,1.3351770001008845,261.5168419999918,5.797236895570906
1786177229,50,,Aggregated,173.400000,0.000000,71,97,120,130,150,170,190,200,240,260,260,5091,0,71,74.79152795973293,1.3351770001008845,261.5168419999918,5.8326458456099
1786177230,50,,Aggregated,173.800000,0.000000,73,99,120,130,150,170,190,200,240,260,260,5260,0,72,76.46353124752818,1.3351770001008845,261.5168419999918,5.873384030418251
1786177231,50,,Aggregated,171.300000,0.000000,74,100,120,130,160,180,200,210,240,260,260,5412,0,74,78.33630429249813,1.3351770001008845,262.9991040000732,5.928307464892831
1786177232,50,,Aggregated,171.500000,0.000000,76,110,120,140,160,180,200,220,260,260,260,5566,0,76,80.67131892454186,1.3351770001008845,262.9991040000732,5.979877829680201
1786177233,50,,Aggregated,170.600000,0.000000,77,110,130,140,160,180,210,220,260,260,260,5725,0,77,82.05526747039346,1.3351770001008845,262.9991040000732,6.01467248908297
1786177234,50,,Aggregated,167.700000,0.000000,79,110,130,140,170,190,210,220,260,280,280,5888,0,79,83.62221823301665,1.3351770001008845,281.7278550000992,6.031589673913044
1786177235,50,,Aggregated,165.600000,0.000000,80,110,130,140,170,190,210,220,260,280,280,6044,0,80,85.2919377475186,1.3351770001008845,281.7278550000992,6.072799470549305
1786177236,50,,Aggregated,164.900000,0.000000,81,110,130,140,170,190,210,220,260,280,280,6209,0,81,86.4970406047676,1.3351770001008845,281.7278550000992,6.098244483813819
1786177237,50,,Aggregated,163.000000,0.000000,83,110,130,150,170,190,210,220,260,280,280,6365,0,83,87.7521987893167,1.3351770001008845,281.7278550000992,6.120031421838178
1786177238,50,,Aggregated,161.700000,0.000000,85,120,140,150,170,190,210,230,260,280,280,6519,0,85,89.08409599033594,1.3351770001008845,281.7278550000992,6.141125939561283
1786177239,50,,Aggregated,161.700000,0.000000,86,120,140,150,170,190,210,230,260,280,280,6677,0,86,90.07529908282145,1.3351770001008845,281.7278550000992,6.162048824322301
1786177240,50,,Aggregated,159.200000,0.000000,88,120,140,150,180,200,210,230,260,280,280,6826,0,88,91.34402754043369,1.3351770001008845,281.7278550000992,6.196015235862877
1786177241,50,,Aggregated,158.600000,0.000000,89,120,140,150,180,200,220,230,260,280,280,6985,0,89,92.80962478754502,1.3351770001008845,281.7278550000992,6.221045096635648
1786177242,50,,Aggregated,157.300000,0.000000,90,120,140,150,180,200,220,230,260,280,280,7148,0,89,93.64238999104677,1.3351770001008845,281.7278550000992,6.230274202574146
1786177243,50,,Aggregated,155.600000,0.000000,91,120,140,150,180,200,220,230,260,280,280,7302,0,91,94.90414666926914,1.3351770001008845,281.7278550000992,6.250890167077513
1786177244,50,,Aggregated,156.700000,0.000000,92,130,150,160,180,210,230,240,280,360,360,7443,0,92,96.75160458390474,1.3351770001008845,359.1165830000591,6.270858524788392
1786177245,50,,Aggregated,156.400000,0.000000,93,130,150,160,190,210,230,250,290,360,360,7591,0,93,98.02478250032958,1.3351770001008845,359.1165830000591,6.289553418521934
1786177246,50,,Aggregated,156.100000,0.000000,94,130,150,160,190,210,230,250,290,360,360,7745,0,94,99.16107533505487,1.3351770001008845,359.1165830000591,6.305229180116204
1786177247,50,,Aggregated,154.000000,0.000000,96,130,150,160,190,210,230,250,290,360,360,7885,0,96,100.41082420887749,1.3351770001008845,359.1165830000591,6.332783766645529
1786177248,50,,Aggregated,153.600000,0.000000,97,130,150,160,190,210,240,250,290,360,360,8036,0,97,101.83095822399197,1.3351770001008845,359.1165830000591,6.343205574912892
1786177249,50,,Aggregated,152.000000,0.000000,98,130,150,160,190,220,240,250,290,360,360,8182,0,98,102.61330945746775,1.3351770001008845,359.1165830000591,6.357125397213395
1786177250,50,,Aggregated,151.200000,0.000000,99,140,150,170,190,220,240,250,300,360,360,8328,0,99,103.51029560050456,1.3351770001008845,359.1165830000591,6.3753602305475505
1786177251,50,,Aggregated,149.900000,0.000000,100,140,160,170,200,220,240,250,300,360,360,8476,0,100,104.70847458565405,1.3351770001008845,359.1165830000591,6.386739027843323
1786177252,50,,Aggregated,149.900000,0.000000,100,140,160,170,200,220,240,260,300,360,360,8625,0,100,105.78768886701494,1.3351770001008845,359.1165830000591,6.3958260869565216
1786177253,50,,Aggregated,148.600000,0.000000,100,140,160,170,200,220,240,260,300,360,360,8777,0,100,106.98651600307686,1.3351770001008845,359.1165830000591,6.405833428278455
1786177254,50,,Aggregated,147.900000,0.000000,100,140,160,170,200,220,250,260,330,360,360,8905,0,100,108.21638062245982,1.3351770001008845,359.1165830000591,6.415946097697923
1786177255,50,,Aggregated,147.100000,0.000000,110,140,160,170,210,230,250,270,330,360,360,9048,0,110,109.67056775110568,1.3351770001008845,359.1165830000591,6.42948717948718
1786177256,50,,Aggregated,146.700000,0.000000,110,140,160,180,210,230,250,270,330,360,360,9203,0,110,110.3613031206135,1.3351770001008845,359.1165830000591,6.429859828316853
1786177257,50,,Aggregated,145.700000,0.000000,110,140,160,180,210,230,260,270,340,370,370,9332,0,110,111.67192798553442,1.3351770001008845,371.65063499992357,6.444920702957566
1786177258,50,,Aggregated,144.900000,0.000000,110,150,170,180,210,230,260,280,340,370,370,9470,0,110,112.83459741510102,1.3351770001008845,371.65063499992357,6.453431890179514
1786177259,50,,Aggregated,144.900000,0.000000,110,150,170,180,210,230,260,280,340,370,370,9615,0,110,113.6964002548106,1.3351770001008845,371.65063499992357,6.460114404576183
1786177260,50,,Aggregated,143.500000,0.000000,110,150,170,180,210,230,260,280,340,370,370,9761,0,110,114.6159301314419,1.3351770001008845,371.65063499992357,6.463886896834341
1786177261,50,,Aggregated,143.200000,0.000000,110,150,170,180,210,240,270,290,340,370,370,9893,0,110,115.7653677098963,1.3351770001008845,371.65063499992357,6.474679066006267
1786177262,50,,Aggregated,141.700000,0.000000,110,150,170,180,220,240,270,290,340,370,370,10021,0,110,116.80946419109917,1.3351770001008845,371.65063499992357,6.487775671090709
1786177263,50,,Aggregated,142.600000,0.000000,110,150,170,190,220,240,270,300,340,370,370,10156,0,110,118.01325863755454,1.3351770001008845,371.65063499992357,6.493107522646711
1786177264,50,,Aggregated,140.600000,0.000000,120,150,170,190,220,250,270,300,340,370,370,10292,0,120,119.12334858453193,1.3351770001008845,371.65063499992357,6.493781577924602
1786177265,50,,Aggregated,139.100000,0.000000,120,150,180,190,220,250,280,300,340,370,370,10413,0,120,120.19618369173172,1.3351770001008845,371.65063499992357,6.509555363487948
1786177266,50,,Aggregated,137.100000,0.000000,120,160,180,190,220,250,280,300,350,370,370,10549,0,120,121.28717945833742,1.3351770001008845,372.5604530000055,6.510948905109489
1786177267,50,,Aggregated,137.900000,0.000000,120,160,180,190,220,250,280,300,350,370,370,10685,0,120,122.1437664068321,1.3351770001008845,372.5604530000055,6.516050538137576
1786177268,50,,Aggregated,135.500000,0.000000,120,160,180,190,230,250,280,300,350,370,370,10822,0,120,122.94065156135669,1.3351770001008845,372.5604530000055,6.514877102199224
1786177269,50,,Aggregated,134.100000,0.000000,120,160,180,190,230,250,280,300,350,370,370,10952,0,120,123.85379348666936,1.3351770001008845,372.5604530000055,6.5197224251278305
1786177270,50,,Aggregated,134.200000,0.000000,120,160,180,200,230,260,290,310,350,370,370,11079,0,120,124.91609082543563,1.3351770001008845,372.5604530000055,6.527123386587237
1786177271,50,,Aggregated,134.200000,0.000000,120,160,180,200,230,260,290,310,350,390,390,11198,0,120,126.26710062904094,1.3351770001008845,393.7941259998752,6.540810859081979
1786177272,50,,Aggregated,132.800000,0.000000,120,160,190,200,230,260,300,310,360,390,390,11324,0,120,127.40667434811063,1.3351770001008845,393.7941259998752,6.547509713882021
1786177273,50,,Aggregated,131.500000,0.000000,130,160,190,200,230,260,300,320,360,390,390,11455,0,130,128.31655947603699,1.3351770001008845,393.7941259998752,6.5503273679615885
1786177274,50,,Aggregated,130.100000,0.000000,130,160,190,200,240,260,300,320,360,390,390,11595,0,130,129.00416546675316,1.3351770001008845,393.7941259998752,6.546269943941354
1786177275,50,,Aggregated,129.200000,0.000000,130,170,190,200,240,270,300,320,370,430,440,11711,0,130,130.146827564683,1.3351770001008845,444.4869269998435,6.553155153274699
1786177276,50,,Aggregated,129.900000,0.000000,130,170,190,210,240,270,310,330,380,430,440,11822,0,130,131.39615445415356,1.3351770001008845,444.4869269998435,6.562679749619353
1786177277,50,,Aggregated,130.000000,0.000000,130,170,190,210,240,270,310,330,390,430,440,11940,0,130,132.57629196155804,1.3351770001008845,444.4869269998435,6.569011725293132
1786177278,50,,Aggregated,129.300000,0.000000,130,170,190,210,240,270,320,330,390,430,440,12062,0,130,133.58982577060235,1.3351770001008845,444.4869269998435,6.573868346874482
1786177279,50,,Aggregated,126.700000,0.000000,130,170,200,210,250,280,320,340,390,440,460,12174,0,130,134.84116489986897,1.3351770001008845,462.9102710000552,6.584852965335962
1786177280,50,,Aggregated,125.800000,0.000000,130,170,200,210,250,280,320,340,400,440,460,12298,0,130,136.0178122863071,1.3351770001008845,462.9102710000552,6.591640917222312
1786177281,50,,Aggregated,123.600000,0.000000,130,170,200,210,250,290,320,340,400,440,460,12408,0,130,136.93222057430734,1.3351770001008845,462.9102710000552,6.601708575112831
1786177282,50,,Aggregated,122.300000,0.000000,130,170,200,210,260,290,330,340,400,440,460,12527,0,130,138.14933113227477,1.3351770001008845,462.9102710000552,6.605252654266784
1786177283,50,,Aggregated,121.200000,0.000000,130,180,200,220,260,290,330,350,400,440,460,12642,0,130,139.08527604920158,1.3351770001008845,462.9102710000552,6.612403100775194
1786177284,50,,Aggregated,120.200000,0.000000,140,180,200,220,260,300,330,350,410,440,460,12751,0,140,140.28070362873558,1.3351770001008845,462.9102710000552,6.62253940867383
1786177286,50,,Aggregated,119.600000,0.000000,140,180,200,220,260,300,340,360,420,460,470,12863,0,140,141.52072237308636,1.3351770001008845,471.1036450000847,6.6255150431470105
1786177287,50,,Aggregated,117.700000,0.000000,140,180,210,220,260,300,340,360,420,460,470,12990,0,140,142.19804749438097,1.3351770001008845,471.1036450000847,6.623864511162433
1786177288,50,,Aggregated,114.800000,0.000000,140,180,210,220,270,300,340,360,410,460,470,13113,0,140,143.13180777510934,1.3351770001008845,471.1036450000847,6.625791199572943
1786177289,50,,Aggregated,116.300000,0.000000,140,180,210,220,270,310,340,360,420,460,470,13222,0,140,144.11488057457342,1.3351770001008845,471.1036450000847,6.6294055362275
1786177290,50,,Aggregated,116.300000,0.000000,140,180,210,230,270,310,340,360,420,470,470,13332,0,140,145.2231963947652,1.3351770001008845,474.2905390000942,6.634713471347134
1786177291,50,,Aggregated,115.400000,0.000000,140,180,210,230,270,310,340,360,420,470,470,13450,0,140,146.02533518743556,1.3351770001008845,474.2905390000942,6.636728624535316
1786177292,50,,Aggregated,115.100000,0.000000,140,180,210,230,270,310,340,360,420,470,470,13578,0,140,146.68393697333997,1.3351770001008845,474.2905390000942,6.6330829282663135
1786177293,50,,Aggregated,114.900000,0.000000,140,180,210,230,270,310,340,360,420,470,470,13693,0,140,147.52664159044843,1.3351770001008845,474.2905390000942,6.633608413057766
1786177294,50,,Aggregated,116.400000,0.000000,140,190,210,230,270,310,340,360,420,470,470,13825,0,140,148.09297154256865,1.3351770001008845,474.2905390000942,6.6281374321880655
1786177295,50,,Aggregated,116.500000,0.000000,140,190,210,230,280,310,340,360,420,470,470,13943,0,140,148.77520069884608,1.3351770001008845,474.2905390000942,6.627268163236033
1786177296,50,,Aggregated,117.900000,0.000000,150,190,210,230,280,320,350,370,430,470,480,14047,0,150,149.81848489186376,1.3351770001008845,484.4200899999578,6.62732255997722
1786177297,50,,Aggregated,118.800000,0.000000,150,190,220,230,280,320,350,370,430,470,480,14163,0,150,150.62430793998524,1.3351770001008845,484.4200899999578,6.626703382051825
1786177298,50,,Aggregated,118.000000,0.000000,150,190,220,240,280,320,350,380,430,480,510,14265,0,150,151.80509476095418,1.3351770001008845,507.5572900000225,6.634700315457414
1786177299,50,,Aggregated,117.100000,0.000000,150,190,220,240,290,320,360,380,440,480,510,14369,0,150,152.98769514865432,1.3351770001008845,507.5572900000225,6.640267241979261
1786177300,50,,Aggregated,115.100000,0.000000,150,190,220,240,290,330,360,390,450,500,510,14471,0,150,154.1462584627194,1.3351770001008845,507.5572900000225,6.64667265565614
1786177301,50,,Aggregated,114.500000,0.000000,150,190,220,240,290,330,360,390,450,500,510,14577,0,150,154.99236184029715,1.3351770001008845,507.5572900000225,6.649104754064623
1786177302,50,,Aggregated,113.600000,0.000000,150,190,220,240,290,330,370,400,470,510,520,14671,0,150,156.32317112609968,1.3351770001008845,523.0990840000231,6.6569422670574605
1786177303,50,,Aggregated,112.500000,0.000000,150,200,220,240,300,340,380,400,470,510,520,14771,0,150,157.49042619619573,1.3351770001008845,523.0990840000231,6.664003791212511
1786177304,50,,Aggregated,109.400000,0.000000,150,200,230,250,300,340,380,410,470,510,520,14884,0,150,158.5041789779635,1.3351770001008845,523.0990840000231,6.665143778554152
1786177305,50,,Aggregated,107.700000,0.000000,150,200,230,250,300,340,380,410,470,510,520,14987,0,150,159.44102930359693,1.3351770001008845,523.0990840000231,6.670714619336758
1786177306,50,,Aggregated,105.600000,0.000000,150,200,230,250,300,340,380,410,470,510,520,15097,0,150,160.35898870934665,1.3351770001008845,523.0990840000231,6.667814797641916
1786177307,50,,Aggregated,104.300000,0.000000,150,200,230,250,300,340,390,410,470,510,520,15210,0,150,161.13873907863277,1.3351770001008845,523.0990840000231,6.665614727153189
1786177308,50,,Aggregated,104.500000,0.000000,150,200,230,250,310,350,390,410,480,520,520,15308,0,150,162.0531669042334,1.3351770001008845,524.4928790000358,6.669323229683825
1786177309,50,,Aggregated,104.500000,0.000000,150,200,230,250,310,350,390,420,490,520,580,15417,0,150,163.1245228580791,1.3351770001008845,581.7823549998593,6.668223389764545
1786177310,50,,Aggregated,104.300000,0.000000,160,200,230,250,310,350,390,420,490,520,580,15525,0,160,164.01139568528205,1.3351770001008845,581.7823549998593,6.668212560386474
1786177311,50,,Aggregated,104.500000,0.000000,160,200,240,260,310,350,400,420,490,520,580,15631,0,160,165.02413425615794,1.3351770001008845,581.7823549998593,6.670334591516857
1786177312,50,,Aggregated,105.200000,0.000000,160,210,240,260,320,350,400,420,490,540,580,15725,0,160,165.96017949462671,1.3351770001008845,581.7823549998593,6.676883942766295
1786177313,50,,Aggregated,104.900000,0.000000,160,210,240,260,320,360,400,430,500,540,580,15823,0,160,167.204136822853,1.3351770001008845,581.7823549998593,6.6810339379384445
1786177314,50,,Aggregated,105.000000,0.000000,160,210,240,260,320,360,400,430,500,540,580,15929,0,160,168.0682014435937,1.3351770001008845,581.7823549998593,6.679892020842488
1786177315,50,,Aggregated,104.400000,0.000000,160,210,240,260,320,360,410,430,510,560,580,16018,0,160,169.18848178954954,1.3351770001008845,581.7823549998593,6.6871020102384815
1786177316,50,,Aggregated,104.100000,0.000000,160,210,240,260,320,370,410,440,510,580,580,16109,0,160,170.31616807424456,1.3351770001008845,581.7823549998593,6.692780433298156
1786177317,50,,Aggregated,102.800000,0.000000,160,210,240,270,330,370,420,450,520,580,610,16196,0,160,171.66787226204033,1.3351770001008845,609.3300459999682,6.698197085700173
1786177318,50,,Aggregated,101.500000,0.000000,160,210,250,270,330,370,420,450,520,580,610,16300,0,160,172.48680796337453,1.3351770001008845,609.3300459999682,6.699018404907975
1786177319,50,,Aggregated,97.900000,0.000000,160,210,250,270,330,370,420,450,520,580,610,16408,0,160,173.14189813822563,1.3351770001008845,609.3300459999682,6.696977084349098
1786177320,50,,Aggregated,98.700000,0.000000,160,210,250,270,330,380,420,450,520,580,610,16510,0,160,174.1365561022415,1.3351770001008845,609.3300459999682,6.698001211387038
1786177321,50,,Aggregated,99.100000,0.000000,160,220,250,270,330,380,420,450,520,580,610,16615,0,160,175.02301161889906,1.3351770001008845,609.3300459999682,6.696599458320795
1786177322,50,,Aggregated,98.200000,0.000000,160,220,250,270,330,380,430,460,530,580,610,16697,0,160,176.05879075145273,1.3351770001008845,609.3300459999682,6.705635742947835
1786177323,50,,Aggregated,98.400000,0.000000,170,220,250,280,340,390,430,460,530,580,610,16796,0,170,177.14956904798808,1.3351770001008845,609.3300459999682,6.708978328173375
1786177324,50,,Aggregated,97.200000,0.000000,170,220,250,280,340,390,430,460,530,580,610,16892,0,170,178.12587827616676,1.3351770001008845,609.3300459999682,6.70873786407767
1786177325,50,,Aggregated,97.100000,0.000000,170,220,260,280,340,390,430,460,530,580,610,16997,0,170,178.9008819091608,1.3351770001008845,609.3300459999682,6.70730128846267
1786177326,50,,Aggregated,96.700000,0.000000,170,220,260,280,340,390,440,470,530,580,610,17101,0,170,179.7628282806274,1.3351770001008845,609.3300459999682,6.706274486872113
1786177327,50,,Aggregated,97.800000,0.000000,170,220,260,280,350,390,440,470,540,610,630,17190,0,170,180.81101419912792,1.3351770001008845,626.0868980000396,6.70587550901687
1786177328,50,,Aggregated,98.300000,0.000000,170,220,260,280,350,390,440,470,540,610,630,17293,0,170,181.50128111704217,1.3351770001008845,626.0868980000396,6.703521656161453
1786177329,50,,Aggregated,99.200000,0.000000,170,220,260,290,350,400,440,470,540,610,630,17384,0,170,182.44357542993617,1.3351770001008845,626.0868980000396,6.70524620340543
1786177330,50,,Aggregated,99.300000,0.000000,170,220,260,290,350,400,440,470,540,610,630,17483,0,170,183.28884745861754,1.3351770001008845,626.0868980000396,6.7044557570211065
1786177331,50,,Aggregated,97.300000,0.000000,170,230,260,290,350,400,440,470,540,610,630,17577,0,170,184.17105202713853,1.3351770001008845,626.0868980000396,6.707287933094385
1786177332,50,,Aggregated,97.100000,0.000000,170,230,270,290,350,400,450,480,540,610,630,17676,0,170,185.07048237514218,1.3351770001008845,626.0868980000396,6.708191898619598
1786177333,50,,Aggregated,96.100000,0.000000,170,230,270,290,360,400,450,480,560,610,630,17760,0,170,186.04234650214028,1.3351770001008845,626.0868980000396,6.711373873873874
1786177334,50,,Aggregated,97.600000,0.000000,170,230,270,290,360,410,460,490,570,630,630,17850,0,170,187.18798668056087,1.3351770001008845,626.4927570000509,6.715070028011205
1786177335,50,,Aggregated,96.800000,0.000000,170,230,270,300,360,410,460,490,570,630,630,17956,0,170,187.97221093573268,1.3351770001008845,626.4927570000509,6.711628425038985
1786177336,50,,Aggregated,95.300000,0.000000,170,230,270,300,360,410,460,490,570,630,640,18048,0,170,188.8272822885093,1.3351770001008845,636.7616879999787,6.712322695035461
1786177337,50,,Aggregated,95.500000,0.000000,180,230,270,300,360,410,460,490,570,630,640,18136,0,180,189.78124958590735,1.3351770001008845,636.7616879999787,6.712284958094398
1786177338,50,,Aggregated,94.900000,0.000000,180,230,270,300,370,420,470,500,570,630,640,18214,0,180,190.8512448814106,1.3351770001008845,636.7616879999787,6.718128911826068
1786177339,50,,Aggregated,94.700000,0.000000,180,230,280,300,370,420,470,500,570,630,640,18300,0,180,191.97371795628487,1.3351770001008845,636.7616879999787,6.723169398907104
1786177340,50,,Aggregated,92.200000,0.000000,180,240,280,300,370,420,470,510,580,640,650,18380,0,180,192.95380430130638,1.3351770001008845,653.7254190000112,6.727094668117519
1786177341,50,,Aggregated,91.700000,0.000000,180,240,280,310,370,420,470,510,580,640,650,18478,0,180,193.77616143062085,1.3351770001008845,653.7254190000112,6.726593787206408
1786177342,50,,Aggregated,89.800000,0.000000,180,240,280,310,380,430,480,510,580,640,650,18569,0,180,194.81866905595416,1.3351770001008845,653.7254190000112,6.728633744412731
1786177343,50,,Aggregated,89.600000,0.000000,180,240,280,310,380,430,480,510,580,640,650,18655,0,180,195.718178706728,1.3351770001008845,653.7254190000112,6.73299383543286
1786177344,50,,Aggregated,88.700000,0.000000,180,240,280,310,380,430,480,510,580,640,650,18749,0,180,196.66947625569415,1.3351770001008845,653.7254190000112,6.733372446530482
1786177345,50,,Aggregated,88.900000,0.000000,180,240,280,310,380,430,480,510,580,640,650,18835,0,180,197.36724039426645,1.3351770001008845,653.7254190000112,6.7360764534112025
1786177346,50,,Aggregated,89.300000,0.000000,180,240,290,320,380,430,480,510,590,640,650,18932,0,180,198.31057512148794,1.3351770001008845,653.7254190000112,6.73325586308895
1786177347,50,,Aggregated,87.800000,0.000000,180,240,290,320,390,440,490,520,590,650,660,19007,0,180,199.0746281731999,1.3351770001008845,657.3683359999904,6.736149839532803
1786177348,50,,Aggregated,87.900000,0.000000,180,240,290,320,390,440,490,520,610,730,730,19089,0,180,200.3287281625548,1.3351770001008845,734.4615609999892,6.739169155010739
1786177349,50,,Aggregated,87.200000,0.000000,180,250,290,320,390,440,500,520,610,730,730,19166,0,180,201.22473874126104,1.3351770001008845,734.4615609999892,6.74496504226234
1786177350,50,,Aggregated,86.700000,0.000000,180,250,290,320,390,450,500,530,620,730,730,19254,0,180,202.35823784720097,1.3351770001008845,734.4615609999892,6.746338423184793
1786177351,50,,Aggregated,86.200000,0.000000,180,250,290,320,400,450,500,530,620,730,730,19338,0,180,203.24629659897653,1.3351770001008845,734.4615609999892,6.748577929465301
1786177352,50,,Aggregated,86.700000,0.000000,190,250,300,320,400,450,500,530,620,730,730,19432,0,190,204.15132187108958,1.3351770001008845,734.4615609999892,6.748353231782627
1786177353,50,,Aggregated,85.900000,0.000000,190,250,300,330,400,450,510,540,630,730,730,19511,0,190,205.06944875967469,1.3351770001008845,734.4615609999892,6.7517810465891035
1786177354,50,,Aggregated,86.000000,0.000000,190,250,300,330,400,450,510,540,630,730,730,19604,0,190,205.93659561778276,1.3351770001008845,734.4615609999892,6.750867169965313
1786177355,50,,Aggregated,85.800000,0.000000,190,250,300,330,400,460,510,540,630,730,730,19685,0,190,206.70160957510862,1.3351770001008845,734.4615609999892,6.754076708153416
1786177356,50,,Aggregated,85.100000,0.000000,190,250,300,330,400,460,510,540,630,730,730,19765,0,190,207.69971242696764,1.3351770001008845,734.4615609999892,6.758107766253478
1786177357,50,,Aggregated,84.800000,0.000000,190,260,300,330,410,460,510,540,630,730,730,19851,0,190,208.33392074706634,1.3351770001008845,734.4615609999892,6.758047453528789
1786177358,50,,Aggregated,83.500000,0.000000,190,260,300,330,410,460,520,540,630,730,780,19941,0,190,209.29153410686595,1.3351770001008845,777.4676369999725,6.756632064590542
1786177359,50,,Aggregated,84.400000,0.000000,190,260,310,330,410,460,520,550,630,730,780,20028,0,190,210.12358553290466,1.3351770001008845,777.4676369999725,6.757739165168764
1786177360,50,,Aggregated,85.200000,0.000000,190,260,310,340,410,470,520,550,630,730,780,20111,0,190,211.0022286353245,1.3351770001008845,777.4676369999725,6.758192034210134
1786177361,50,,Aggregated,85.800000,0.000000,190,260,310,340,410,470,520,550,630,730,780,20204,0,190,211.7878364145721,1.3351770001008845,777.4676369999725,6.756780835478123
1786177362,50,,Aggregated,85.500000,0.000000,190,260,310,340,410,470,520,550,630,730,780,20286,0,190,212.57865237306584,1.3351770001008845,777.4676369999725,6.757566794833876
1786177363,50,,Aggregated,85.800000,0.000000,190,260,310,340,420,470,520,550,630,730,780,20373,0,190,213.43780459166624,1.3351770001008845,777.4676369999725,6.7591420016688755
1786177364,50,,Aggregated,85.500000,0.000000,190,260,310,340,420,470,520,550,630,730,780,20460,0,190,214.18854153489812,1.3351770001008845,777.4676369999725,6.759726295210166
1786177365,50,,Aggregated,85.700000,0.000000,190,260,310,340,420,470,520,550,630,730,780,20545,0,190,214.93064901596568,1.3351770001008845,777.4676369999725,6.75853005597469
1786177366,50,,Aggregated,85.800000,0.000000,200,270,320,340,420,470,520,560,630,730,780,20633,0,200,215.84394755018735,1.3351770001008845,777.4676369999725,6.75878447147773
1786177367,50,,Aggregated,85.800000,0.000000,200,270,320,340,420,480,530,560,640,730,780,20722,0,200,216.48021704092326,1.3351770001008845,777.4676369999725,6.75822797027314
1786177368,50,,Aggregated,85.900000,0.000000,200,270,320,350,420,480,530,560,640,730,780,20801,0,200,217.3354698996206,1.3351770001008845,777.4676369999725,6.760924955530984
1786177369,50,,Aggregated,86.000000,0.000000,200,270,320,350,430,480,530,560,640,730,780,20883,0,200,218.2428541833553,1.3351770001008845,777.4676369999725,6.7621510319398555
1786177370,50,,Aggregated,85.600000,0.000000,200,270,320,350,430,480,530,560,640,730,780,20964,0,200,219.07777353701616,1.3351770001008845,777.4676369999725,6.763213127265789
1786177371,50,,Aggregated,84.600000,0.000000,200,270,320,350,430,480,530,570,650,760,780,21028,0,200,220.01025122441533,1.3351770001008845,782.785868000019,6.766882252235115
1786177372,50,,Aggregated,85.300000,0.000000,200,270,320,350,430,490,540,570,650,760,780,21111,0,200,221.04122508815337,1.3351770001008845,782.785868000019,6.768698782625171
1786177373,50,,Aggregated,83.600000,0.000000,200,270,320,350,430,490,540,570,650,760,780,21199,0,200,221.819462740837,1.3351770001008845,782.785868000019,6.767489032501533
1786177374,50,,Aggregated,82.200000,0.000000,200,270,330,360,430,490,540,570,660,760,780,21278,0,200,222.66367429984032,1.3351770001008845,782.785868000019,6.7705611429645645
1786177375,50,,Aggregated,82.300000,0.000000,200,280,330,360,440,490,540,570,660,760,780,21361,0,200,223.43330125527828,1.3351770001008845,782.785868000019,6.770937690183044
1786177376,50,,Aggregated,81.600000,0.000000,200,280,330,360,440,490,540,570,660,760,780,21438,0,200,224.24220656600426,1.3351770001008845,782.785868000019,6.773206455826103
1786177377,50,,Aggregated,81.100000,0.000000,200,280,330,360,440,500,550,580,670,760,780,21518,0,200,225.22219804150015,1.3351770001008845,782.785868000019,6.773584905660377
1786177378,50,,Aggregated,81.500000,0.000000,200,280,330,360,440,500,550,580,670,760,780,21591,0,200,226.05043748784226,1.3351770001008845,782.785868000019,6.776156731971655
1786177379,50,,Aggregated,79.400000,0.000000,200,280,330,360,440,500,550,580,670,770,780,21674,0,200,226.94354172806112,1.3351770001008845,782.785868000019,6.776967795515364
1786177380,50,,Aggregated,79.100000,0.000000,210,280,330,370,440,500,550,580,670,770,780,21755,0,210,227.67261740799802,1.3351770001008845,782.785868000019,6.777016777752241
1786177381,50,,Aggregated,79.300000,0.000000,210,280,330,370,450,500,560,590,680,770,780,21837,0,210,228.39682024508843,1.3351770001008845,782.785868000019,6.776755048770435
1786177382,50,,Aggregated,78.700000,0.000000,210,280,340,370,450,500,560,590,680,770,780,21925,0,210,229.11528853477748,1.3351770001008845,782.785868000019,6.775553021664766
1786177383,50,,Aggregated,80.300000,0.000000,210,280,340,370,450,510,560,590,680,770,780,22000,0,210,229.80092887604516,1.3351770001008845,782.785868000019,6.777454545454545
1786177384,50,,Aggregated,81.300000,0.000000,210,290,340,370,450,510,560,590,680,770,780,22077,0,210,230.77524460198373,1.3351770001008845,782.785868000019,6.777823073787199
1786177385,50,,Aggregated,80.200000,0.000000,210,290,340,370,450,510,560,590,680,770,780,22156,0,210,231.48492102464337,1.3351770001008845,782.785868000019,6.778931215020762
1786177386,50,,Aggregated,79.700000,0.000000,210,290,340,370,460,510,560,600,680,770,780,22232,0,210,232.4387163004676,1.3351770001008845,782.785868000019,6.782295789852465
1786177387,50,,Aggregated,79.600000,0.000000,210,290,340,380,460,510,560,600,680,770,780,22309,0,210,233.16560525505383,1.3351770001008845,782.785868000019,6.783540275225246
1786177388,50,,Aggregated,78.700000,0.000000,210,290,340,380,460,520,570,600,690,780,790,22388,0,210,234.0554792828745,1.3351770001008845,790.5920999999125,6.783276755404681
1786177389,50,,Aggregated,79.700000,0.000000,210,290,340,380,460,520,570,600,700,780,800,22467,0,210,234.78293747892437,1.3351770001008845,803.2819680001921,6.784795477811902
1786177390,50,,Aggregated,79.500000,0.000000,210,290,350,380,460,520,570,600,700,780,800,22545,0,210,235.52704807629146,1.3351770001008845,803.2819680001921,6.783499667332003
1786177391,50,,Aggregated,79.200000,0.000000,210,290,350,380,460,520,570,600,700,780,800,22615,0,210,236.31869384709205,1.3351770001008845,803.2819680001921,6.787265089542339
1786177392,50,,Aggregated,79.200000,0.000000,210,300,350,380,470,520,570,610,710,780,800,22686,0,210,237.38499204703282,1.3351770001008845,803.2819680001921,6.790707925592876
1786177393,50,,Aggregated,77.900000,0.000000,210,300,350,380,470,520,580,610,720,780,800,22764,0,210,238.30108579788222,1.3351770001008845,803.2819680001921,6.791600773150589
1786177394,50,,Aggregated,76.200000,0.000000,210,300,350,390,470,520,580,620,720,780,800,22838,0,210,239.11013437945505,1.3351770001008845,803.2819680001921,6.792801471232157
1786177395,50,,Aggregated,75.500000,0.000000,210,300,350,390,470,530,580,620,720,780,800,22916,0,210,239.75279707178362,1.3351770001008845,803.2819680001921,6.79280851806598
1786177396,50,,Aggregated,75.900000,0.000000,220,300,350,390,470,530,580,620,720,780,800,22996,0,220,240.52580147399513,1.3351770001008845,803.2819680001921,6.793094451208906
1786177397,50,,Aggregated,76.000000,0.000000,220,300,350,390,470,530,580,620,720,780,800,23072,0,220,241.27244212599658,1.3351770001008845,803.2819680001921,6.792822468793343
1786177398,50,,Aggregated,76.300000,0.000000,220,300,360,390,470,530,580,620,720,780,800,23154,0,220,242.04923175861614,1.3351770001008845,803.2819680001921,6.792087760214218
1786177399,50,,Aggregated,75.800000,0.000000,220,300,360,390,480,530,580,620,720,780,800,23233,0,220,242.80816227327492,1.3351770001008845,803.2819680001921,6.792665604958464
1786177400,50,,Aggregated,76.200000,0.000000,220,300,360,390,480,530,580,620,720,780,800,23312,0,220,243.49601858712242,1.3351770001008845,803.2819680001921,6.7923816060398075
1786177401,50,,Aggregated,76.300000,0.000000,220,310,360,400,480,530,590,620,720,780,800,23384,0,220,244.1490413174392,1.3351770001008845,803.2819680001921,6.794560383167978
1786177402,50,,Aggregated,76.100000,0.000000,220,310,360,400,480,530,590,620,720,790,810,23458,0,220,245.00491951901273,1.3351770001008845,814.8893469999621,6.795720010231051
1786177403,50,,Aggregated,76.700000,0.000000,220,310,360,400,480,540,590,620,730,790,810,23535,0,220,245.8442288662418,1.3351770001008845,814.8893469999621,6.7943063522413425
1786177404,50,,Aggregated,77.100000,0.000000,220,310,360,400,480,540,590,620,730,790,810,23610,0,220,246.58972923841606,1.3351770001008845,814.8893469999621,6.795595086827616
1786177405,50,,Aggregated,77.500000,0.000000,220,310,370,400,480,540,590,620,730,790,810,23685,0,220,247.290520623517,1.3351770001008845,814.8893469999621,6.797297867848849
1786177406,50,,Aggregated,77.400000,0.000000,220,310,370,400,490,540,590,630,730,790,810,23763,0,220,248.0332930409459,1.3351770001008845,814.8893469999621,6.796448259899845
1786177407,50,,Aggregated,76.800000,0.000000,220,310,370,400,490,540,590,630,730,790,810,23845,0,220,248.80912161618767,1.3351770001008845,814.8893469999621,6.794883623401132
1786177408,50,,Aggregated,76.600000,0.000000,220,310,370,400,490,540,600,630,730,800,810,23917,0,220,249.55706980963322,1.3351770001008845,814.8893469999621,6.795751975582222
1786177409,50,,Aggregated,76.800000,0.000000,220,320,370,410,490,550,600,630,730,800,810,23987,0,220,250.25308248713873,1.3351770001008845,814.8893469999621,6.797598699295452
1786177410,50,,Aggregated,76.100000,0.000000,220,320,370,410,490,550,600,630,730,800,810,24061,0,220,251.09587957537062,1.3351770001008845,814.8893469999621,6.798719920202818
1786177411,50,,Aggregated,75.900000,0.000000,230,320,370,410,490,550,600,630,730,800,810,24144,0,230,251.76273918141132,1.3351770001008845,814.8893469999621,6.796471172962226
1786177412,50,,Aggregated,74.900000,0.000000,230,320,380,410,490,550,600,630,730,800,810,24220,0,230,252.5768979926919,1.3351770001008845,814.8893469999621,6.796614368290669
1786177413,50,,Aggregated,75.800000,0.000000,230,320,380,410,500,550,600,630,730,800,810,24299,0,230,253.1495991211158,1.3351770001008845,814.8893469999621,6.7950944483312075
1786177414,50,,Aggregated,75.500000,0.000000,230,320,380,410,500,550,600,640,730,800,810,24367,0,230,253.9490043946727,1.3351770001008845,814.8893469999621,6.79747199080724
1786177415,50,,Aggregated,76.400000,0.000000,230,320,380,410,500,550,600,640,730,800,810,24451,0,230,254.70148012236675,1.3351770001008845,814.8893469999621,6.795386691750848
1786177416,50,,Aggregated,75.700000,0.000000,230,320,380,420,500,560,600,640,730,800,810,24522,0,230,255.37283409314034,1.3351770001008845,814.8893469999621,6.796101459913547
1786177417,50,,Aggregated,75.600000,0.000000,230,320,380,420,500,560,610,640,730,800,810,24596,0,230,256.11390748089065,1.3351770001008845,814.8893469999621,6.795983086680761
1786177418,50,,Aggregated,75.900000,0.000000,230,320,380,420,500,560,610,640,740,810,850,24661,0,230,256.9062693493771,1.3351770001008845,848.4520250001424,6.797940067312761
1786177419,50,,Aggregated,75.000000,0.000000,230,330,380,420,500,560,610,650,760,830,890,24725,0,230,257.7910146271381,1.3351770001008845,889.6145580001757,6.800970677451971
1786177420,50,,Aggregated,74.800000,0.000000,230,330,380,420,510,560,620,650,770,840,890,24804,0,230,258.7081362430651,1.3351770001008845,889.6145580001757,6.800677310111272
1786177421,50,,Aggregated,73.900000,0.000000,230,330,390,420,510,560,620,650,770,840,890,24886,0,230,259.3074672409784,1.3351770001008845,889.6145580001757,6.797556859278309
1786177422,50,,Aggregated,74.300000,0.000000,230,330,390,420,510,560,620,660,780,840,890,24952,0,230,260.01506844930225,1.3351770001008845,889.6145580001757,6.799214491824302
1786177423,50,,Aggregated,73.100000,0.000000,230,330,390,420,510,570,620,660,780,840,890,25023,0,230,260.770140878831,1.3351770001008845,889.6145580001757,6.800303720577069
1786177424,50,,Aggregated,73.500000,0.000000,230,330,390,420,510,570,620,660,780,840,890,25093,0,230,261.56427113127114,1.3351770001008845,889.6145580001757,6.802056350376599
1786177425,50,,Aggregated,72.500000,0.000000,230,330,390,430,510,570,630,670,780,840,890,25160,0,230,262.3921934596576,1.3351770001008845,889.6145580001757,6.804610492845787
1786177426,50,,Aggregated,72.400000,0.000000,240,330,390,430,520,570,630,670,780,840,890,25233,0,240,263.17516129084885,1.3351770001008845,889.6145580001757,6.80473982483256
1786177427,50,,Aggregated,71.400000,0.000000,240,330,390,430,520,570,630,670,780,840,890,25298,0,240,263.89102562838923,1.3351770001008845,889.6145580001757,6.806625029646613
1786177428,50,,Aggregated,70.600000,0.000000,240,330,390,430,520,570,630,680,780,840,890,25364,0,240,264.84291624187784,1.3351770001008845,889.6145580001757,6.808232140041003
1786177429,50,,Aggregated,71.200000,0.000000,240,340,400,430,520,580,640,680,780,850,890,25430,0,240,265.65620081683016,1.3351770001008845,889.6145580001757,6.809437672040897
1786177430,50,,Aggregated,69.700000,0.000000,240,340,400,430,520,580,640,680,790,850,890,25505,0,240,266.3777773925892,1.3351770001008845,889.6145580001757,6.808625759654969
1786177431,50,,Aggregated,70.200000,0.000000,240,340,400,430,520,580,640,680,790,850,890,25579,0,240,267.0303663406306,1.3351770001008845,889.6145580001757,6.808475702724891
1786177432,50,,Aggregated,70.200000,0.000000,240,340,400,430,520,580,640,680,790,850,890,25664,0,240,267.59569262059665,1.3351770001008845,889.6145580001757,6.8054083541147135
1786177433,50,,Aggregated,69.500000,0.000000,240,340,400,430,520,580,640,680,790,850,890,25742,0,240,268.130271333346,1.3351770001008845,889.6145580001757,6.803045606401989
1786177434,50,,Aggregated,70.900000,0.000000,240,340,400,440,520,580,640,680,790,850,890,25813,0,240,268.7755420573739,1.3351770001008845,889.6145580001757,6.803703560221594
1786177435,50,,Aggregated,71.500000,0.000000,240,340,400,440,530,580,640,690,800,880,920,25884,0,240,269.66205036064736,1.3351770001008845,924.5979760000864,6.803971565445836
1786177436,50,,Aggregated,72.400000,0.000000,240,340,400,440,530,580,650,690,800,880,920,25948,0,240,270.267114094304,1.3351770001008845,924.5979760000864,6.805688299676276
1786177437,50,,Aggregated,71.900000,0.000000,240,340,400,440,530,590,650,690,800,880,920,26024,0,240,271.1356077480019,1.3351770001008845,924.5979760000864,6.805026129726406
1786177438,50,,Aggregated,72.000000,0.000000,240,340,410,440,530,590,650,690,800,880,920,26089,0,240,271.8375168631606,1.3351770001008845,924.5979760000864,6.805320249913756
1786177439,50,,Aggregated,71.200000,0.000000,240,350,410,440,530,590,650,690,800,880,920,26162,0,240,272.53905248555145,1.3351770001008845,924.5979760000864,6.805443008944271
1786177440,50,,Aggregated,72.600000,0.000000,240,350,410,440,530,590,650,690,800,880,920,26232,0,240,273.2543584988564,1.3351770001008845,924.5979760000864,6.805962183592559
1786177441,50,,Aggregated,72.600000,0.000000,250,350,410,450,530,590,650,690,800,880,920,26300,0,250,273.9266177098479,1.3351770001008845,924.5979760000864,6.805855513307985
1786177442,50,,Aggregated,72.300000,0.000000,250,350,410,450,530,590,650,690,800,880,920,26366,0,250,274.56861170613666,1.3351770001008845,924.5979760000864,6.805886368808314
1786177443,50,,Aggregated,71.900000,0.000000,250,350,410,450,540,600,650,690,800,880,920,26436,0,250,275.34383826671956,1.3351770001008845,924.5979760000864,6.80602209108791
1786177444,50,,Aggregated,70.800000,0.000000,250,350,410,450,540,600,650,690,800,880,920,26513,0,250,276.02781058322336,1.3351770001008845,924.5979760000864,6.804737298683665
1786177445,50,,Aggregated,69.400000,0.000000,250,350,410,450,540,600,660,690,800,880,920,26594,0,250,276.52017041543223,1.3351770001008845,924.5979760000864,6.802436639843574
1786177446,50,,Aggregated,69.300000,0.000000,250,350,410,450,540,600,660,690,800,880,920,26666,0,250,277.0542647887949,1.3351770001008845,924.5979760000864,6.8020700517512935
1786177447,50,,Aggregated,70.500000,0.000000,250,350,420,450,540,600,660,700,800,880,920,26739,0,250,277.6687064284755,1.3351770001008845,924.5979760000864,6.8003291072964585
1786177448,50,,Aggregated,71.300000,0.000000,250,350,420,450,540,600,660,700,810,880,920,26803,0,250,278.3601028550911,1.3351770001008845,924.5979760000864,6.801999776144461
1786177449,50,,Aggregated,71.900000,0.000000,250,360,420,450,540,600,660,700,810,880,920,26865,0,250,279.1579933456172,1.3351770001008845,924.5979760000864,6.803424530057696
1786177450,50,,Aggregated,71.600000,0.000000,250,360,420,450,540,600,660,700,810,880,920,26934,0,250,279.8445407841763,1.3351770001008845,924.5979760000864,6.804559293086805
1786177451,50,,Aggregated,70.700000,0.000000,250,360,420,460,540,600,670,710,810,890,920,26997,0,250,280.7060458152389,1.3351770001008845,924.5979760000864,6.805719153980072
1786177452,50,,Aggregated,71.000000,0.000000,250,360,420,460,550,610,670,710,810,890,920,27057,0,250,281.45241586332577,1.3351770001008845,924.5979760000864,6.8072587500461985
1786177453,50,,Aggregated,70.100000,0.000000,250,360,420,460,550,610,670,710,810,900,920,27121,0,250,282.25190292810015,1.3351770001008845,924.5979760000864,6.808524759411526
1786177454,50,,Aggregated,68.600000,0.000000,250,360,420,460,550,610,680,720,830,920,1000,27180,0,250,283.14793237895526,1.3351770001008845,1022.0655819998683,6.810669610007358
1786177455,50,,Aggregated,69.000000,0.000000,260,360,420,460,550,610,680,720,830,930,1000,27250,0,260,283.90501830763316,1.3351770001008845,1022.0655819998683,6.809688073394495
1786177456,50,,Aggregated,67.200000,0.000000,260,360,420,460,550,620,680,720,830,930,1000,27317,0,260,284.57114141029393,1.3351770001008845,1022.0655819998683,6.811289673097338
1786177457,50,,Aggregated,66.200000,0.000000,260,360,430,460,550,620,680,730,840,930,1000,27383,0,260,285.40183089515386,1.3351770001008845,1022.0655819998683,6.812401855165613
1786177458,50,,Aggregated,65.000000,0.000000,260,360,430,470,560,620,690,730,840,930,1000,27444,0,260,286.07105042184077,1.3351770001008845,1022.0655819998683,6.813292522955837
1786177459,50,,Aggregated,63.700000,0.000000,260,370,430,470,560,620,690,730,840,930,1000,27519,0,260,286.80436127726273,1.3351770001008845,1022.0655819998683,6.812166139757985
1786177460,50,,Aggregated,63.700000,0.000000,260,370,430,470,560,620,690,730,840,930,1000,27590,0,260,287.3717969372234,1.3351770001008845,1022.0655819998683,6.810221094599493
1786177461,50,,Aggregated,64.700000,0.000000,260,370,430,470,560,620,690,730,840,930,1000,27648,0,260,288.10360361476404,1.3351770001008845,1022.0655819998683,6.812572337962963
1786177462,50,,Aggregated,64.100000,0.000000,260,370,430,470,560,620,690,730,840,930,1000,27714,0,260,288.8168233305909,1.3351770001008845,1022.0655819998683,6.813307353684059
1786177463,50,,Aggregated,65.000000,0.000000,260,370,430,470,560,630,690,740,840,930,1000,27777,0,260,289.4469670347047,1.3351770001008845,1022.0655819998683,6.814054793534219
1786177464,50,,Aggregated,65.100000,0.000000,260,370,430,470,560,630,690,740,840,930,1000,27850,0,260,290.18492633447005,1.3351770001008845,1022.0655819998683,6.81342908438061
1786177465,50,,Aggregated,65.000000,0.000000,260,370,430,470,560,630,700,740,850,930,1000,27912,0,260,290.9034526553092,1.3351770001008845,1022.0655819998683,6.814775007165377
1786177466,50,,Aggregated,65.900000,0.000000,260,370,430,470,560,630,700,740,850,950,1000,27976,0,260,291.62115384990665,1.3351770001008845,1022.0655819998683,6.814912782384901
1786177467,50,,Aggregated,66.300000,0.000000,260,370,440,480,570,630,700,740,850,950,1000,28041,0,260,292.3369431119785,1.3351770001008845,1022.0655819998683,6.8148068899112015
1786177468,50,,Aggregated,66.000000,0.000000,260,370,440,480,570,630,700,750,850,950,1000,28110,0,260,293.1016113444677,1.3351770001008845,1022.0655819998683,6.8147990039131985
1786177469,50,,Aggregated,66.300000,0.000000,260,380,440,480,570,630,700,750,850,950,1000,28172,0,260,293.7289112256492,1.3351770001008845,1022.0655819998683,6.815774527900043
1786177470,50,,Aggregated,66.000000,0.000000,270,380,440,480,570,640,710,750,850,950,1000,28234,0,270,294.4915367475026,1.3351770001008845,1022.0655819998683,6.817454133314444
1786177471,50,,Aggregated,65.600000,0.000000,270,380,440,480,570,640,710,750,850,950,1000,28296,0,270,295.1570636043959,1.3351770001008845,1022.0655819998683,6.817712750918858
1786177472,50,,Aggregated,64.900000,0.000000,270,380,440,480,570,640,710,750,850,950,1000,28353,0,270,295.8402854367434,1.3351770001008845,1022.0655819998683,6.819525270694459
1786177473,50,,Aggregated,64.500000,0.000000,270,380,440,480,570,640,710,760,880,960,1100,28423,0,270,296.75690025187276,1.3351770001008845,1061.907076000125,6.81891425957851
1786177474,50,,Aggregated,64.800000,0.000000,270,380,440,480,570,640,710,760,880,960,1100,28491,0,270,297.33135357709386,1.3351770001008845,1061.907076000125,6.818433891404303
1786177475,50,,Aggregated,63.600000,0.000000,270,380,440,480,580,650,720,760,880,960,1100,28554,0,270,297.9083860550529,1.3351770001008845,1061.907076000125,6.819850108566225
1786177476,50,,Aggregated,64.000000,0.000000,270,380,450,490,580,650,720,760,880,990,1100,28621,0,270,298.63354974350926,1.3351770001008845,1061.907076000125,6.819957373956186
1786177477,50,,Aggregated,64.100000,0.000000,270,380,450,490,580,650,720,760,880,990,1100,28683,0,270,299.31210489906846,1.3351770001008845,1061.907076000125,6.820207091308441
1786177478,50,,Aggregated,64.100000,0.000000,270,380,450,490,580,650,720,760,880,990,1100,28753,0,270,299.89548548659184,1.3351770001008845,1061.907076000125,6.819253643098111
1786177479,50,,Aggregated,64.100000,0.000000,270,380,450,490,580,650,720,760,880,990,1100,28829,0,270,300.449539810745,1.3351770001008845,1061.907076000125,6.8165389018002704
1786177480,50,,Aggregated,64.300000,0.000000,270,390,450,490,580,650,720,760,880,990,1100,28887,0,270,301.084539779346,1.3351770001008845,1061.907076000125,6.8191227887977295
1786177481,50,,Aggregated,65.200000,0.000000,270,390,450,490,580,650,720,770,880,990,1100,28957,0,270,301.81324727709915,1.3351770001008845,1061.907076000125,6.8167973201643814
1786177482,50,,Aggregated,65.400000,0.000000,270,390,450,490,590,660,720,770,880,990,1100,29020,0,270,302.39123267046716,1.3351770001008845,1061.907076000125,6.817849758787044
1786177483,50,,Aggregated,65.300000,0.000000,270,390,450,490,590,660,730,770,880,990,1100,29085,0,270,303.08921628062404,1.3351770001008845,1061.907076000125,6.81842874333849
1786177484,50,,Aggregated,66.000000,0.000000,280,390,450,490,590,660,730,770,880,990,1100,29152,0,270,303.6705995738869,1.3351770001008845,1061.907076000125,6.817851262349067
1786177485,50,,Aggregated,66.600000,0.000000,280,390,450,490,590,660,730,770,900,990,1100,29215,0,280,304.39999075378927,1.3351770001008845,1061.907076000125,6.817182953962006
1786177486,50,,Aggregated,66.300000,0.000000,280,390,460,500,590,660,730,770,900,990,1100,29281,0,280,304.96245562303056,1.3351770001008845,1061.907076000125,6.816843687032547
1786177487,50,,Aggregated,65.800000,0.000000,280,390,460,500,590,660,730,770,910,990,1100,29342,0,280,305.59338605415303,1.3351770001008845,1061.907076000125,6.817326698929862
1786177488,50,,Aggregated,65.800000,0.000000,280,390,460,500,590,660,730,770,910,990,1100,29410,0,280,306.2912539108453,1.3351770001008845,1061.907076000125,6.816865011900714
1786177489,50,,Aggregated,66.300000,0.000000,280,390,460,500,590,670,730,780,910,990,1100,29460,0,280,306.9627645929043,1.3351770001008845,1061.907076000125,6.819212491513917
1786177490,50,,Aggregated,66.000000,0.000000,280,390,460,500,600,670,740,780,910,1000,1100,29523,0,280,307.81843604423534,1.3351770001008845,1061.907076000125,6.819903126376046
1786177491,50,,Aggregated,63.800000,0.000000,280,390,460,500,600,670,740,780,910,1000,1100,29576,0,280,308.42196242571544,1.3351770001008845,1061.907076000125,6.821544495536922
1786177492,50,,Aggregated,63.400000,0.000000,280,400,460,500,600,670,740,780,920,1000,1100,29635,0,280,309.30025298801974,1.3351770001008845,1061.907076000125,6.823148304369833
1786177493,50,,Aggregated,63.400000,0.000000,280,400,460,500,600,670,740,790,920,1000,1100,29695,0,280,310.0487287439964,1.3351770001008845,1061.907076000125,6.824852668799461
1786177494,50,,Aggregated,61.600000,0.000000,280,400,460,510,600,680,750,790,920,1000,1100,29755,0,280,310.66473174864615,1.3351770001008845,1061.907076000125,6.825541925726768
1786177495,50,,Aggregated,61.000000,0.000000,280,400,470,510,600,680,750,790,920,1000,1100,29820,0,280,311.4206656164309,1.3351770001008845,1061.907076000125,6.82541918175721
1786177496,50,,Aggregated,60.900000,0.000000,280,400,470,510,600,680,750,790,920,1000,1100,29885,0,280,311.9325757886554,1.3351770001008845,1061.907076000125,6.82462773966873
1786177497,50,,Aggregated,60.100000,0.000000,280,400,470,510,600,680,750,790,920,1000,1100,29953,0,280,312.51349574683564,1.3351770001008845,1061.907076000125,6.824157847294094
1786177498,50,,Aggregated,60.900000,0.000000,280,400,470,510,610,680,750,790,930,1000,1100,30001,0,280,313.21393941291853,1.3351770001008845,1061.907076000125,6.826572447585081
1786177499,50,,Aggregated,60.200000,0.000000,290,400,470,510,610,680,750,800,950,1000,1100,30067,0,290,314.0032596647808,1.3351770001008845,1104.0330800001357,6.8262214387867095
1786177500,50,,Aggregated,59.300000,0.000000,290,400,470,510,610,680,760,800,950,1000,1100,30130,0,290,314.65099905545856,1.3351770001008845,1104.0330800001357,6.826219714570196
1786177501,50,,Aggregated,60.300000,0.000000,290,400,470,510,610,690,760,800,950,1000,1100,30192,0,290,315.32993394130773,1.3351770001008845,1104.0330800001357,6.826444091149973
1786177502,50,,Aggregated,60.400000,0.000000,290,410,470,510,610,690,760,800,950,1000,1100,30254,0,290,315.99001416301877,1.3351770001008845,1104.0330800001357,6.826337013287499
1786177503,50,,Aggregated,60.600000,0.000000,290,410,470,510,610,690,760,800,950,1000,1100,30317,0,290,316.5945796437302,1.3351770001008845,1104.0330800001357,6.826664907477653
1786177504,50,,Aggregated,61.700000,0.000000,290,410,470,520,620,690,760,800,950,1000,1100,30375,0,290,317.36774332908533,1.3351770001008845,1104.0330800001357,6.827456790123457
1786177505,50,,Aggregated,62.400000,0.000000,290,410,480,520,620,690,760,800,950,1000,1100,30440,0,290,317.93393573859964,1.3351770001008845,1104.0330800001357,6.82700394218134
1786177506,50,,Aggregated,61.200000,0.000000,290,410,480,520,620,690,760,810,950,1000,1100,30498,0,290,318.54508803993605,1.3351770001008845,1104.0330800001357,6.827791986359761
1786177507,50,,Aggregated,62.300000,0.000000,290,410,480,520,620,690,760,810,950,1000,1100,30557,0,290,319.2578741997894,1.3351770001008845,1104.0330800001357,6.829335340511176
1786177508,50,,Aggregated,61.100000,0.000000,290,410,480,520,620,700,770,810,950,1000,1100,30620,0,290,319.94916935218725,1.3351770001008845,1104.0330800001357,6.8293272370999345
1786177509,50,,Aggregated,60.900000,0.000000,290,410,480,520,620,700,770,810,950,1000,1100,30683,0,290,320.5952095336174,1.3351770001008845,1104.0330800001357,6.828993253593195
1786177510,50,,Aggregated,61.400000,0.000000,290,410,480,520,620,700,770,810,950,1000,1100,30743,0,290,321.10885974244485,1.3351770001008845,1104.0330800001357,6.829001723969684
1786177511,50,,Aggregated,60.900000,0.000000,290,410,480,520,620,700,770,810,960,1000,1100,30804,0,290,321.862775001493,1.3351770001008845,1104.0330800001357,6.829437735359044
1786177512,50,,Aggregated,61.300000,0.000000,290,410,480,520,630,700,770,810,960,1000,1100,30867,0,290,322.4573103231604,1.3351770001008845,1104.0330800001357,6.8287815466355655
1786177513,50,,Aggregated,60.600000,0.000000,290,410,480,520,630,700,770,810,960,1000,1100,30931,0,290,323.0511129213409,1.3351770001008845,1104.0330800001357,6.8282305777375445
1786177514,50,,Aggregated,61.300000,0.000000,300,420,480,530,630,700,770,820,960,1100,1100,30990,0,300,323.7486980844144,1.3351770001008845,1104.0330800001357,6.829106163278477
1786177515,50,,Aggregated,60.900000,0.000000,300,420,490,530,630,700,770,820,960,1100,1100,31052,0,300,324.3550842098741,1.3351770001008845,1104.0330800001357,6.828996521963159
1786177516,50,,Aggregated,61.500000,0.000000,300,420,490,530,630,700,780,820,960,1100,1100,31121,0,300,324.91061721419635,1.3351770001008845,1104.0330800001357,6.827351306191961
1786177517,50,,Aggregated,61.600000,0.000000,300,420,490,530,630,710,780,820,960,1100,1100,31178,0,300,325.58961398184647,1.3351770001008845,1104.0330800001357,6.828661235486561
1786177518,50,,Aggregated,61.500000,0.000000,300,420,490,530,630,710,780,820,960,1100,1100,31233,0,300,326.2865712382419,1.3351770001008845,1104.0330800001357,6.829123042935357
1786177519,50,,Aggregated,61.900000,0.000000,300,420,490,530,630,710,780,820,960,1100,1100,31292,0,300,326.9227270007673,1.3351770001008845,1104.0330800001357,6.829988495462099
1786177520,50,,Aggregated,61.400000,0.000000,300,420,490,530,640,710,780,830,960,1100,1100,31355,0,300,327.56133873149446,1.3351770001008845,1104.0330800001357,6.829979269653963
1786177521,50,,Aggregated,61.500000,0.000000,300,420,490,530,640,710,780,830,960,1100,1100,31416,0,300,328.161783646359,1.3351770001008845,1104.0330800001357,6.829768270944742
1786177522,50,,Aggregated,60.800000,0.000000,300,420,490,530,640,710,780,830,960,1100,1100,31468,0,300,328.7822486124322,1.3351770001008845,1104.0330800001357,6.831511376636583
1786177523,50,,Aggregated,61.600000,0.000000,300,420,490,530,640,720,790,830,960,1100,1100,31529,0,300,329.54712820505,1.3351770001008845,1104.0330800001357,6.831298169938787
1786177524,50,,Aggregated,60.400000,0.000000,300,420,490,530,640,720,790,830,960,1100,1100,31586,0,300,330.1682551782443,1.3351770001008845,1104.0330800001357,6.832267460267207
1786177525,50,,Aggregated,59.800000,0.000000,300,420,490,540,640,720,790,830,960,1100,1100,31644,0,300,330.83662034790234,1.3351770001008845,1104.0330800001357,6.832701301984579
1786177526,50,,Aggregated,59.800000,0.000000,300,430,500,540,640,720,790,830,960,1100,1100,31707,0,300,331.40155070949703,1.3351770001008845,1104.0330800001357,6.832686788406345
1786177527,50,,Aggregated,58.600000,0.000000,300,430,500,540,650,720,790,840,960,1100,1100,31764,0,300,332.109146865131,1.3351770001008845,1104.0330800001357,6.833333333333333
1786177528,50,,Aggregated,59.300000,0.000000,310,430,500,540,650,720,790,840,970,1100,1100,31823,0,310,332.6179704335551,1.3351770001008845,1104.0330800001357,6.83354806272193
1786177529,50,,Aggregated,58.100000,0.000000,310,430,500,540,650,720,790,840,970,1100,1200,31879,0,310,333.2594210009418,1.3351770001008845,1173.535943999923,6.834091408137018
1786177530,50,,Aggregated,59.200000,0.000000,310,430,500,540,650,730,800,840,970,1100,1200,31936,0,310,333.968324664768,1.3351770001008845,1173.535943999923,6.834731963927855
1786177531,50,,Aggregated,58.500000,0.000000,310,430,500,540,650,730,800,840,970,1100,1200,31988,0,310,334.5896141816629,1.3351770001008845,1173.535943999923,6.836126047267725
1786177532,50,,Aggregated,58.400000,0.000000,310,430,500,540,650,730,800,840,970,1100,1200,32056,0,310,335.2241942275402,1.3351770001008845,1173.535943999923,6.835350636386324
1786177533,50,,Aggregated,57.800000,0.000000,310,430,500,540,650,730,800,840,970,1100,1200,32113,0,310,335.81187484657414,1.3351770001008845,1173.535943999923,6.836296826830256
1786177534,50,,Aggregated,57.900000,0.000000,310,430,500,540,650,730,800,850,970,1100,1200,32176,0,310,336.4420284642291,1.3351770001008845,1173.535943999923,6.835343112879165
1786177535,50,,Aggregated,58.800000,0.000000,310,430,500,550,660,730,800,850,970,1100,1200,32242,0,310,336.9619270857899,1.3351770001008845,1173.535943999923,6.834377520004963
1786177536,50,,Aggregated,58.300000,0.000000,310,430,510,550,660,730,800,850,970,1100,1200,32292,0,310,337.5746316196593,1.3351770001008845,1173.535943999923,6.835872661959619
1786177537,50,,Aggregated,59.200000,0.000000,310,430,510,550,660,730,810,850,980,1100,1200,32343,0,310,338.23768702065473,1.3351770001008845,1173.535943999923,6.837151779364932
1786177538,50,,Aggregated,58.400000,0.000000,310,440,510,550,660,730,810,850,980,1100,1200,32407,0,310,338.86842537032226,1.3351770001008845,1173.535943999923,6.836300799210047
1786177539,50,,Aggregated,58.400000,0.000000,310,440,510,550,660,740,810,850,980,1100,1200,32472,0,310,339.52327488805855,1.3351770001008845,1173.535943999923,6.835858585858586
1786177540,50,,Aggregated,58.200000,0.000000,310,440,510,550,660,740,810,850,980,1100,1200,32536,0,310,340.08151285477743,1.3351770001008845,1173.535943999923,6.835013523481682
1786177541,50,,Aggregated,58.400000,0.000000,310,440,510,550,660,740,810,850,980,1100,1200,32594,0,310,340.5385861512558,1.3351770001008845,1173.535943999923,6.835123028778303
1786177542,50,,Aggregated,59.200000,0.000000,310,440,510,550,660,740,810,860,990,1100,1200,32644,0,310,341.27933072626,1.3351770001008845,1173.535943999923,6.837213576767553
1786177543,50,,Aggregated,60.100000,0.000000,320,440,510,550,660,740,810,860,1000,1100,1200,32702,0,320,341.9614482452764,1.3351770001008845,1173.535943999923,6.836707235031496
1786177544,50,,Aggregated,59.000000,0.000000,320,440,510,560,670,740,810,860,1000,1100,1200,32757,0,320,342.56259395823866,1.3351770001008845,1173.535943999923,6.837744604206734
1786177545,50,,Aggregated,58.500000,0.000000,320,440,510,560,670,740,820,860,1000,1100,1200,32823,0,320,343.1910629461971,1.3351770001008845,1173.535943999923,6.836791274411236
1786177546,50,,Aggregated,58.700000,0.000000,320,440,520,560,670,740,820,860,1000,1100,1200,32883,0,320,343.77240988900127,1.3351770001008845,1173.535943999923,6.836784964875467
1786177547,50,,Aggregated,58.200000,0.000000,320,440,520,560,670,740,820,860,1000,1100,1200,32945,0,320,344.33504035796136,1.3351770001008845,1173.535943999923,6.835453027773562
1786177548,50,,Aggregated,58.300000,0.000000,320,440,520,560,670,750,820,860,1000,1100,1200,32996,0,320,344.8811091794168,1.3351770001008845,1173.535943999923,6.836707479694509
1786177549,50,,Aggregated,58.900000,0.000000,320,440,520,560,670,750,820,860,1000,1100,1200,33061,0,320,345.5469744734594,1.3351770001008845,1173.535943999923,6.835062460300656
1786177550,50,,Aggregated,58.600000,0.000000,320,450,520,560,670,750,820,860,1000,1100,1200,33122,0,320,346.0723885031411,1.3351770001008845,1173.535943999923,6.834551053680333
1786177551,50,,Aggregated,59.000000,0.000000,320,450,520,560,670,750,820,860,1000,1100,1200,33187,0,320,346.6788738045029,1.3351770001008845,1173.535943999923,6.833519149064393
1786177552,50,,Aggregated,59.200000,0.000000,320,450,520,560,680,750,820,860,1000,1100,1200,33246,0,320,347.13076379453275,1.3351770001008845,1173.535943999923,6.833122781688022
1786177553,50,,Aggregated,58.400000,0.000000,320,450,520,560,680,750,820,870,1000,1100,1200,33307,0,320,347.67230973585237,1.3351770001008845,1173.535943999923,6.832617768036749
1786177554,50,,Aggregated,60.000000,0.000000,320,450,520,560,680,750,820,870,1000,1100,1200,33368,0,320,348.1712872279141,1.3351770001008845,1173.535943999923,6.831515224166867
1786177555,50,,Aggregated,60.400000,0.000000,320,450,520,560,680,750,820,870,1000,1100,1200,33427,0,320,348.78722498644913,1.3351770001008845,1173.535943999923,6.830825380680288
1786177556,50,,Aggregated,60.800000,0.000000,320,450,520,570,680,750,820,870,1000,1100,1200,33487,0,320,349.3916241644229,1.3351770001008845,1173.535943999923,6.830531250933198
1786177557,50,,Aggregated,60.500000,0.000000,320,450,520,570,680,750,830,870,1000,1100,1200,33540,0,320,349.9322578581704,1.3351770001008845,1173.535943999923,6.831365533691115
1786177558,50,,Aggregated,60.200000,0.000000,320,450,520,570,680,760,830,870,1000,1100,1200,33598,0,320,350.6010434923517,1.3351770001008845,1173.535943999923,6.831180427406394
1786177559,50,,Aggregated,60.300000,0.000000,330,450,530,570,680,760,830,880,1000,1100,1200,33651,0,330,351.1705684808189,1.3351770001008845,1173.535943999923,6.832010935781997
1786177560,50,,Aggregated,59.600000,0.000000,330,450,530,570,680,760,830,880,1000,1100,1200,33717,0,330,351.7056878112239,1.3351770001008845,1173.535943999923,6.830797520538601
1786177561,50,,Aggregated,59.600000,0.000000,330,450,530,570,680,760,830,880,1000,1100,1200,33769,0,330,352.3861697943685,1.3351770001008845,1189.39335999994,6.830939619177352
1786177562,50,,Aggregated,59.200000,0.000000,330,460,530,570,690,760,830,880,1000,1100,1200,33831,0,330,352.826332330142,1.3351770001008845,1189.39335999994,6.830244450356182
1786177563,50,,Aggregated,58.700000,0.000000,330,460,530,570,690,760,830,880,1000,1100,1200,33888,0,330,353.5269719606358,1.3351770001008845,1189.39335999994,6.829969310670444
1786177564,50,,Aggregated,58.600000,0.000000,330,460,530,570,690,760,830,880,1000,1100,1200,33954,0,330,353.96743823422935,1.3351770001008845,1189.39335999994,6.828179301407787
1786177565,50,,Aggregated,57.800000,0.000000,330,460,530,570,690,760,830,880,1000,1100,1200,34007,0,330,354.53141020057706,1.3351770001008845,1189.39335999994,6.829593907136766
1786177566,50,,Aggregated,57.300000,0.000000,330,460,530,570,690,760,830,880,1000,1100,1200,34062,0,330,355.1202828904651,1.3351770001008845,1189.39335999994,6.829722271152604
1786177567,50,,Aggregated,58.300000,0.000000,330,460,530,580,690,760,840,890,1000,1100,1200,34118,0,330,355.792953458146,1.3351770001008845,1189.39335999994,6.830236238935459
1786177568,50,,Aggregated,58.000000,0.000000,330,460,530,580,690,770,840,890,1000,1100,1200,34165,0,330,356.4102700597108,1.3351770001008845,1189.39335999994,6.8319625347577935
1786177569,50,,Aggregated,57.900000,0.000000,330,460,530,580,690,770,840,890,1000,1100,1200,34222,0,330,357.0771397751743,1.3351770001008845,1189.39335999994,6.831979428437847
1786177570,50,,Aggregated,57.400000,0.000000,330,460,530,580,690,770,840,890,1000,1100,1200,34275,0,330,357.58196905429656,1.3351770001008845,1189.39335999994,6.831918307804522
1786177571,50,,Aggregated,56.400000,0.000000,330,460,530,580,700,770,840,890,1000,1100,1200,34334,0,330,358.2411286492112,1.3351770001008845,1189.39335999994,6.831828508184307
1786177572,50,,Aggregated,56.300000,0.000000,330,460,540,580,700,770,840,890,1000,1100,1200,34394,0,330,358.8144071019951,1.3351770001008845,1189.39335999994,6.831249636564517
1786177573,50,,Aggregated,56.400000,0.000000,330,460,540,580,700,770,850,890,1000,1100,1200,34448,0,330,359.2708885663904,1.3351770001008845,1189.39335999994,6.830701346957733
1786177574,50,,Aggregated,55.800000,0.000000,330,470,540,580,700,770,850,900,1000,1100,1200,34503,0,330,359.9373785979772,1.3351770001008845,1199.0278279999984,6.830536475089123
1786177575,50,,Aggregated,56.700000,0.000000,340,470,540,580,700,780,850,900,1000,1100,1200,34558,0,340,360.56030737513777,1.3351770001008845,1199.0278279999984,6.830950865212107
1786177576,50,,Aggregated,56.000000,0.000000,340,470,540,580,700,780,850,900,1000,1100,1200,34621,0,340,361.113924204125,1.3351770001008845,1199.0278279999984,6.829785390370007
1786177577,50,,Aggregated,54.500000,0.000000,340,470,540,590,700,780,850,900,1000,1100,1200,34674,0,340,361.6996853842654,1.3351770001008845,1199.0278279999984,6.830593528292092
1786177578,50,,Aggregated,55.500000,0.000000,340,470,540,590,700,780,850,900,1000,1100,1200,34724,0,340,362.2223756110476,1.3351770001008845,1199.0278279999984,6.83083746112199
1786177579,50,,Aggregated,55.500000,0.000000,340,470,540,590,700,780,850,900,1000,1100,1200,34782,0,340,362.92990226335513,1.3351770001008845,1199.0278279999984,6.831522051635903
1786177580,50,,Aggregated,56.200000,0.000000,340,470,540,590,700,780,860,900,1000,1100,1200,34836,0,340,363.5129312812899,1.3351770001008845,1199.0278279999984,6.8312665059134225
1786177581,50,,Aggregated,56.100000,0.000000,340,470,540,590,700,780,860,900,1000,1100,1200,34894,0,340,363.990923650972,1.3351770001008845,1199.0278279999984,6.831375021493667
1786177582,50,,Aggregated,55.800000,0.000000,340,470,540,590,710,780,860,910,1000,1200,1200,34946,0,340,364.7088778266761,1.3351770001008845,1199.0278279999984,6.831511474846907
1786177583,50,,Aggregated,56.200000,0.000000,340,470,540,590,710,790,860,910,1000,1200,1200,35008,0,340,365.259152791477,1.3351770001008845,1199.0278279999984,6.830553016453382
1786177584,50,,Aggregated,55.600000,0.000000,340,470,550,590,710,790,860,910,1000,1200,1200,35065,0,340,365.8011908485964,1.3351770001008845,1199.0278279999984,6.830571795237416
1786177585,50,,Aggregated,54.400000,0.000000,340,470,550,590,710,790,860,910,1000,1200,1200,35132,0,340,366.2648700144037,1.3351770001008845,1199.0278279999984,6.828076966867813
1786177586,50,,Aggregated,55.700000,0.000000,340,470,550,590,710,790,860,910,1000,1200,1200,35181,0,340,366.6324037276949,1.3351770001008845,1199.0278279999984,6.82879963616725
1786177587,50,,Aggregated,56.300000,0.000000,340,470,550,590,710,790,860,910,1000,1200,1200,35234,0,340,367.25929240429804,1.3351770001008845,1199.0278279999984,6.829028779020264
1786177588,50,,Aggregated,57.100000,0.000000,340,480,550,600,710,790,860,910,1000,1200,1200,35293,0,340,367.89737240254533,1.3351770001008845,1199.0278279999984,6.828662907658742
1786177589,50,,Aggregated,55.900000,0.000000,340,480,550,600,710,790,860,910,1000,1200,1200,35344,0,340,368.439533033755,1.3351770001008845,1199.0278279999984,6.829843820733363
1786177590,50,,Aggregated,55.800000,0.000000,340,480,550,600,710,790,870,910,1000,1200,1200,35392,0,340,369.06363935510956,1.3351770001008845,1199.0278279999984,6.831882911392405
1786177591,50,,Aggregated,56.700000,0.000000,340,480,550,600,720,790,870,920,1000,1200,1300,35447,0,340,369.6893494234783,1.3351770001008845,1264.8874029996477,6.832002708268683
1786177592,50,,Aggregated,55.700000,0.000000,350,480,550,600,720,800,870,920,1000,1200,1300,35500,0,350,370.2146812723672,1.3351770001008845,1264.8874029996477,6.831943661971831
1786177593,50,,Aggregated,54.500000,0.000000,350,480,550,600,720,800,870,920,1000,1200,1300,35552,0,350,370.83300590692596,1.3351770001008845,1264.8874029996477,6.831514401440144
1786177594,50,,Aggregated,55.400000,0.000000,350,480,550,600,720,800,880,920,1000,1200,1300,35614,0,350,371.450666715899,1.3351770001008845,1264.8874029996477,6.831414612231145
1786177595,50,,Aggregated,55.700000,0.000000,350,480,560,600,720,800,880,920,1000,1200,1300,35664,0,350,371.98507708580144,1.3351770001008845,1264.8874029996477,6.831650964558098
1786177596,50,,Aggregated,54.200000,0.000000,350,480,560,600,720,800,880,920,1100,1200,1300,35711,0,350,372.5917227697074,1.3351770001008845,1264.8874029996477,6.833580689423427
1786177597,50,,Aggregated,54.600000,0.000000,350,480,560,600,720,800,880,930,1100,1200,1300,35764,0,350,373.26942614939674,1.3351770001008845,1264.8874029996477,6.833799351302987
1786177598,50,,Aggregated,52.500000,0.000000,350,480,560,600,720,800,880,930,1100,1200,1300,35826,0,350,373.77859243795064,1.3351770001008845,1264.8874029996477,6.832579690727405
1786177599,50,,Aggregated,52.800000,0.000000,350,480,560,610,720,800,880,930,1100,1200,1300,35878,0,350,374.3174667289987,1.3351770001008845,1264.8874029996477,6.832710853447796
1786177600,50,,Aggregated,52.700000,0.000000,350,480,560,610,720,800,880,930,1100,1200,1300,35931,0,350,374.9037722228998,1.3351770001008845,1264.8874029996477,6.832651470874732
1786177601,50,,Aggregated,53.100000,0.000000,350,490,560,610,730,810,890,930,1100,1200,1300,35978,0,350,375.41736535174323,1.3351770001008845,1264.8874029996477,6.834287620212352
1786177602,50,,Aggregated,53.300000,0.000000,350,490,560,610,730,810,890,930,1100,1200,1300,36033,0,350,376.15544436330634,1.3351770001008845,1264.8874029996477,6.834679321732856
1786177603,50,,Aggregated,54.300000,0.000000,350,490,560,610,730,810,890,930,1100,1200,1300,36081,0,350,376.7110155754834,1.3351770001008845,1264.8874029996477,6.835564424489343
1786177604,50,,Aggregated,52.600000,0.000000,350,490,560,610,730,810,890,940,1100,1200,1300,36136,0,350,377.33720179870545,1.3351770001008845,1264.8874029996477,6.835399601505424
1786177605,50,,Aggregated,52.900000,0.000000,350,490,560,610,730,810,890,940,1100,1200,1300,36181,0,350,377.8834316348367,1.3351770001008845,1264.8874029996477,6.836295293109643
1786177606,50,,Aggregated,52.900000,0.000000,350,490,560,610,730,810,900,940,1100,1200,1300,36238,0,350,378.5749700389378,1.3351770001008845,1264.8874029996477,6.83630443181191
1786177607,50,,Aggregated,52.000000,0.000000,350,490,570,610,730,810,900,940,1100,1200,1300,36294,0,350,379.11194988306687,1.3351770001008845,1264.8874029996477,6.83595084586984
1786177608,50,,Aggregated,52.000000,0.000000,350,490,570,620,730,810,900,940,1100,1200,1300,36352,0,350,379.5790845508921,1.3351770001008845,1264.8874029996477,6.834397007042254
1786177609,50,,Aggregated,52.500000,0.000000,360,490,570,620,730,820,900,950,1100,1200,1300,36400,0,360,380.12810153436885,1.3351770001008845,1264.8874029996477,6.835274725274726
1786177610,50,,Aggregated,52.400000,0.000000,360,490,570,620,740,820,900,950,1100,1200,1300,36454,0,360,380.76818307107646,1.3351770001008845,1264.8874029996477,6.835299281286004
1786177611,50,,Aggregated,52.200000,0.000000,360,490,570,620,740,820,900,950,1100,1200,1300,36500,0,360,381.3372452019458,1.3351770001008845,1264.8874029996477,6.83627397260274
1786177612,50,,Aggregated,52.600000,0.000000,360,490,570,620,740,820,900,950,1100,1200,1300,36553,0,360,381.9167581512879,1.3351770001008845,1264.8874029996477,6.836210434164091
1786177613,50,,Aggregated,51.900000,0.000000,360,490,570,620,740,820,900,950,1100,1200,1300,36608,0,360,382.5841387119215,1.3351770001008845,1264.8874029996477,6.83631993006993
1786177614,50,,Aggregated,52.700000,0.000000,360,490,570,620,740,820,910,960,1100,1200,1300,36656,0,360,383.1301313817117,1.3351770001008845,1264.8874029996477,6.83718900043649
1786177615,50,,Aggregated,52.200000,0.000000,360,500,570,620,740,820,910,960,1100,1200,1300,36715,0,360,383.7096759749699,1.3351770001008845,1264.8874029996477,6.83709655454174
1786177616,50,,Aggregated,52.600000,0.000000,360,500,570,620,740,820,910,960,1100,1200,1300,36764,0,360,384.1890717498646,1.3351770001008845,1264.8874029996477,6.837776085300837
1786177617,50,,Aggregated,52.200000,0.000000,360,500,570,620,740,830,910,960,1100,1200,1300,36817,0,360,384.78387933356936,1.3351770001008845,1264.8874029996477,6.837167612787571
1786177618,50,,Aggregated,53.200000,0.000000,360,500,570,620,740,830,910,960,1100,1200,1300,36874,0,360,385.3043449602435,1.3351770001008845,1264.8874029996477,6.836904051635298
1786177619,50,,Aggregated,52.700000,0.000000,360,500,570,630,750,830,910,960,1100,1300,1300,36925,0,360,385.953161744564,1.3351770001008845,1278.1604329998117,6.837481381178064
1786177620,50,,Aggregated,53.600000,0.000000,360,500,580,630,750,830,910,960,1100,1300,1300,36970,0,360,386.4573724458488,1.3351770001008845,1278.1604329998117,6.838625912902353
1786177621,50,,Aggregated,51.800000,0.000000,360,500,580,630,750,830,920,970,1100,1300,1300,37019,0,360,387.14328291517944,1.3351770001008845,1278.1604329998117,6.839298738485643
1786177622,50,,Aggregated,51.900000,0.000000,360,500,580,630,750,830,920,970,1100,1300,1300,37076,0,360,387.7749465120031,1.3351770001008845,1278.1604329998117,6.838493904412558
1786177623,50,,Aggregated,51.500000,0.000000,360,500,580,630,750,830,920,970,1100,1300,1300,37135,0,360,388.161139078929,1.3351770001008845,1278.1604329998117,6.8373232799245995
1786177624,50,,Aggregated,51.000000,0.000000,360,500,580,630,750,830,920,970,1100,1300,1300,37190,0,360,388.56711093673084,1.3351770001008845,1278.1604329998117,6.8366227480505515
1786177625,50,,Aggregated,52.000000,0.000000,360,500,580,630,750,830,920,970,1100,1300,1400,37236,0,360,389.16963427489594,1.3351770001008845,1359.5058579999204,6.837576538833387
1786177626,50,,Aggregated,52.700000,0.000000,360,500,580,630,750,840,920,970,1100,1300,1400,37294,0,360,389.65638987008725,1.3351770001008845,1359.5058579999204,6.8365956990400605
1786177627,50,,Aggregated,53.300000,0.000000,370,500,580,630,750,840,920,970,1100,1300,1400,37342,0,370,390.20176633220063,1.3351770001008845,1359.5058579999204,6.837716244443254
1786177628,50,,Aggregated,52.600000,0.000000,370,500,580,630,760,840,920,980,1100,1300,1400,37396,0,370,390.9171389315175,1.3351770001008845,1359.5058579999204,6.8377366563268795
1786177629,50,,Aggregated,53.100000,0.000000,370,510,580,630,760,840,930,980,1100,1300,1400,37452,0,370,391.44387167208765,1.3351770001008845,1359.5058579999204,6.836857844707893
1786177630,50,,Aggregated,51.600000,0.000000,370,510,580,630,760,840,930,980,1100,1300,1400,37504,0,370,391.89179793059475,1.3351770001008845,1359.5058579999204,6.836444112627986
1786177631,50,,Aggregated,52.500000,0.000000,370,510,580,640,760,840,930,980,1100,1300,1400,37548,0,370,392.47178071418006,1.3351770001008845,1359.5058579999204,6.83855331841909
1786177632,50,,Aggregated,52.800000,0.000000,370,510,590,640,760,840,930,990,1100,1300,1400,37597,0,370,393.1342533053707,1.3351770001008845,1367.5351339998087,6.83894991621672
1786177633,50,,Aggregated,53.200000,0.000000,370,510,590,640,760,850,930,990,1100,1300,1400,37650,0,370,393.7051397612756,1.3351770001008845,1367.5351339998087,6.8391500664010625
1786177634,50,,Aggregated,53.000000,0.000000,370,510,590,640,760,850,930,990,1100,1300,1400,37702,0,370,394.2623447434891,1.3351770001008845,1367.5351339998087,6.839265821441833
1786177635,50,,Aggregated,51.600000,0.000000,370,510,590,640,760,850,930,990,1100,1300,1400,37747,0,370,394.7814117335688,1.3351770001008845,1367.5351339998087,6.840384666331099
1786177636,50,,Aggregated,51.200000,0.000000,370,510,590,640,760,850,930,990,1100,1300,1400,37802,0,370,395.40759326197093,1.3351770001008845,1367.5351339998087,6.840220094174911
1786177637,50,,Aggregated,51.300000,0.000000,370,510,590,640,760,850,930,990,1100,1300,1400,37859,0,370,395.89106949401764,1.3351770001008845,1367.5351339998087,6.838902242531498
1786177638,50,,Aggregated,50.300000,0.000000,370,510,590,640,770,850,930,990,1100,1300,1400,37912,0,370,396.4038356998051,1.3351770001008845,1367.5351339998087,6.838837307448829
1786177639,50,,Aggregated,50.300000,0.000000,370,510,590,640,770,850,940,990,1100,1300,1400,37953,0,370,396.8309952988698,1.3351770001008845,1367.5351339998087,6.840407872895423
1786177640,50,,Aggregated,51.300000,0.000000,370,510,590,640,770,850,940,1000,1100,1300,1400,38004,0,370,397.5945447352122,1.3351770001008845,1367.5351339998087,6.841227239237975
1786177641,50,,Aggregated,51.500000,0.000000,370,510,590,640,770,860,940,1000,1100,1300,1400,38044,0,370,398.1189434772107,1.3351770001008845,1367.5351339998087,6.8429712963936495
1786177642,50,,Aggregated,49.900000,0.000000,370,510,590,650,770,860,940,1000,1100,1300,1400,38113,0,370,398.75896968241807,1.3351770001008845,1367.5351339998087,6.840815469787212
1786177643,50,,Aggregated,49.600000,0.000000,380,520,590,650,770,860,940,1000,1100,1300,1400,38163,0,380,399.18666256198424,1.3351770001008845,1367.5351339998087,6.840237926787727
1786177644,50,,Aggregated,50.100000,0.000000,380,520,600,650,770,860,940,1000,1100,1300,1400,38210,0,380,399.77698117123794,1.3351770001008845,1367.5351339998087,6.8412457471866
1786177645,50,,Aggregated,51.500000,0.000000,380,520,600,650,770,860,950,1000,1100,1300,1400,38256,0,380,400.36037384909565,1.3351770001008845,1367.5351339998087,6.842691342534504
1786177646,50,,Aggregated,51.000000,0.000000,380,520,600,650,780,860,950,1000,1100,1300,1400,38305,0,380,401.00141394974554,1.3351770001008845,1367.5351339998087,6.843075316538311
1786177647,50,,Aggregated,50.400000,0.000000,380,520,600,650,780,860,950,1000,1100,1300,1400,38355,0,380,401.48671143665774,1.3351770001008845,1367.5351339998087,6.8430191630817365
1786177648,50,,Aggregated,50.700000,0.000000,380,520,600,650,780,860,950,1000,1200,1300,1400,38410,0,380,402.01618859638137,1.3351770001008845,1367.5351339998087,6.8428534235876075
1786177649,50,,Aggregated,50.200000,0.000000,380,520,600,650,780,870,950,1000,1200,1300,1400,38461,0,380,402.5780317645148,1.3351770001008845,1367.5351339998087,6.842619796677154
1786177650,50,,Aggregated,49.500000,0.000000,380,520,600,650,780,870,950,1000,1200,1300,1400,38502,0,380,403.1007405694249,1.3351770001008845,1367.5351339998087,6.843644486000727
1786177651,50,,Aggregated,49.800000,0.000000,380,520,600,650,780,870,960,1000,1200,1300,1400,38553,0,380,403.76511405631214,1.3351770001008845,1367.5351339998087,6.843929136513371
1786177652,50,,Aggregated,50.400000,0.000000,380,520,600,660,780,870,960,1000,1200,1300,1400,38595,0,380,404.2917514255732,1.3351770001008845,1367.5351339998087,6.845290840782485
1786177653,50,,Aggregated,50.300000,0.000000,380,520,600,660,780,870,960,1000,1200,1300,1400,38650,0,380,404.99505333741274,1.3351770001008845,1367.5351339998087,6.845122897800776
1786177654,50,,Aggregated,50.000000,0.000000,380,520,600,660,780,880,960,1000,1200,1300,1400,38699,0,380,405.51733421067735,1.3351770001008845,1367.5351339998087,6.845241479107988
1786177655,50,,Aggregated,48.000000,0.000000,380,520,600,660,780,880,960,1000,1200,1300,1400,38750,0,380,406.0317796525161,1.3351770001008845,1367.5351339998087,6.845006451612903
1786177656,50,,Aggregated,48.400000,0.000000,380,520,610,660,790,880,970,1000,1200,1300,1400,38797,0,380,406.51425189341927,1.3351770001008845,1367.5351339998087,6.845219991236436
1786177657,50,,Aggregated,48.800000,0.000000,380,520,610,660,790,880,970,1000,1200,1300,1400,38848,0,380,407.15946722541673,1.3351770001008845,1367.5351339998087,6.845242998352553
1786177658,50,,Aggregated,49.300000,0.000000,380,520,610,660,790,880,970,1000,1200,1300,1400,38903,0,380,407.6635615697503,1.3351770001008845,1367.5351339998087,6.8453332647867775
1786177659,50,,Aggregated,49.400000,0.000000,380,530,610,660,790,880,970,1000,1200,1300,1400,38943,0,380,408.20622800161783,1.3351770001008845,1367.5351339998087,6.847032842872917
1786177660,50,,Aggregated,49.400000,0.000000,380,530,610,660,790,880,970,1000,1200,1300,1400,38993,0,380,408.89778624114587,1.3351770001008845,1367.5351339998087,6.847998358679763
1786177661,50,,Aggregated,48.800000,0.000000,380,530,610,660,790,890,970,1000,1200,1300,1400,39045,0,380,409.43940504879,1.3351770001008845,1367.5351339998087,6.847586118581124
1786177662,50,,Aggregated,48.600000,0.000000,390,530,610,660,790,890,980,1000,1200,1300,1400,39092,0,390,409.9181828407346,1.3351770001008845,1367.5351339998087,6.847283331627954
1786177663,50,,Aggregated,48.800000,0.000000,390,530,610,660,790,890,980,1000,1200,1300,1400,39146,0,390,410.46408786759827,1.3351770001008845,1367.5351339998087,6.8465232718540845
1786177664,50,,Aggregated,49.200000,0.000000,390,530,610,670,790,890,980,1000,1200,1300,1400,39197,0,390,411.0148268864455,1.3351770001008845,1367.5351339998087,6.846799499961731
1786177665,50,,Aggregated,50.000000,0.000000,390,530,610,670,800,890,980,1000,1200,1300,1400,39242,0,390,411.4804333687887,1.3351770001008845,1367.5351339998087,6.847612252178788
1786177666,50,,Aggregated,49.600000,0.000000,390,530,610,670,800,890,980,1000,1200,1300,1400,39289,0,390,412.11347425813864,1.3351770001008845,1367.5351339998087,6.848838097177327
1786177667,50,,Aggregated,49.400000,0.000000,390,530,620,670,800,890,980,1000,1200,1300,1400,39343,0,390,412.6182594851437,1.3351770001008845,1367.5351339998087,6.848333884045447
1786177668,50,,Aggregated,49.000000,0.000000,390,530,620,670,800,890,980,1000,1200,1300,1400,39388,0,390,413.0677246220933,1.3351770001008845,1367.5351339998087,6.848380217325073
1786177669,50,,Aggregated,48.700000,0.000000,390,530,620,670,800,890,990,1000,1200,1300,1400,39435,0,390,413.6509590413849,1.3351770001008845,1367.5351339998087,6.8488398630658045
1786177670,50,,Aggregated,49.000000,0.000000,390,530,620,670,800,900,990,1000,1200,1300,1400,39488,0,390,414.29739150200095,1.3351770001008845,1367.5351339998087,6.849017423014587
1786177671,50,,Aggregated,48.800000,0.000000,390,530,620,670,800,900,990,1000,1200,1300,1400,39534,0,390,414.7838864637278,1.3351770001008845,1367.5351339998087,6.849395457074923
1786177672,50,,Aggregated,48.700000,0.000000,390,530,620,670,800,900,990,1000,1200,1300,1400,39586,0,390,415.30438149939414,1.3351770001008845,1367.5351339998087,6.849239630172283
1786177673,50,,Aggregated,49.200000,0.000000,390,530,620,670,800,900,990,1000,1200,1300,1400,39630,0,390,415.78574757022494,1.3351770001008845,1367.5351339998087,6.850466818067121
1786177674,50,,Aggregated,48.700000,0.000000,390,530,620,680,800,900,990,1000,1200,1300,1400,39681,0,390,416.44731556175543,1.3351770001008845,1367.5351339998087,6.850230588946851
1786177675,50,,Aggregated,48.900000,0.000000,390,540,620,680,810,900,990,1000,1200,1300,1400,39727,0,390,416.92284517486894,1.3351770001008845,1367.5351339998087,6.850353663755128
1786177676,50,,Aggregated,48.500000,0.000000,390,540,620,680,810,900,1000,1000,1200,1300,1400,39781,0,390,417.3989633705288,1.3351770001008845,1367.5351339998087,6.850104321158342
1786177677,50,,Aggregated,48.500000,0.000000,390,540,620,680,810,900,1000,1000,1200,1300,1400,39824,0,390,417.90905531064186,1.3351770001008845,1367.5351339998087,6.851496584973885
1786177678,50,,Aggregated,48.300000,0.000000,390,540,620,680,810,910,1000,1100,1200,1300,1400,39867,0,390,418.58453004652995,1.3351770001008845,1367.5351339998087,6.852885845436075
1786177679,50,,Aggregated,49.100000,0.000000,390,540,620,680,810,910,1000,1100,1200,1300,1400,39913,0,390,419.1933302943905,1.3351770001008845,1367.5351339998087,6.853255831433367
1786177680,50,,Aggregated,48.000000,0.000000,390,540,630,680,810,910,1000,1100,1200,1300,1400,39963,0,390,419.7072406138932,1.3351770001008845,1367.5351339998087,6.853939894402322
1786177681,50,,Aggregated,47.600000,0.000000,390,540,630,680,810,910,1000,1100,1200,1300,1400,40003,0,390,420.2866792199338,1.3351770001008845,1367.5351339998087,6.854835887308452
1786177682,50,,Aggregated,47.700000,0.000000,390,540,630,680,810,910,1000,1100,1200,1300,1400,40048,0,390,420.86705430925423,1.3351770001008845,1367.5351339998087,6.855623252097483
1786177683,50,,Aggregated,47.500000,0.000000,400,540,630,680,810,910,1000,1100,1200,1300,1400,40100,0,400,421.449221817157,1.3351770001008845,1367.5351339998087,6.855461346633416
1786177684,50,,Aggregated,47.000000,0.000000,400,540,630,680,810,910,1000,1100,1200,1300,1400,40151,0,400,421.8979646482279,1.3351770001008845,1367.5351339998087,6.85522153869144
1786177686,50,,Aggregated,46.800000,0.000000,400,540,630,680,820,910,1000,1100,1200,1300,1400,40205,0,400,422.3924059614477,1.3351770001008845,1367.5351339998087,6.854968287526427
1786177687,50,,Aggregated,46.800000,0.000000,400,540,630,690,820,910,1000,1100,1200,1300,1400,40248,0,400,422.8822406542937,1.3351770001008845,1367.5351339998087,6.855595309083681
1786177688,50,,Aggregated,46.900000,0.000000,400,540,630,690,820,920,1000,1100,1200,1300,1400,40292,0,400,423.4398628063143,1.3351770001008845,1367.5351339998087,6.856299017174625
1786177689,50,,Aggregated,47.600000,0.000000,400,540,630,690,820,920,1000,1100,1200,1300,1400,40344,0,400,424.07153041919526,1.3351770001008845,1367.5351339998087,6.856137219908785
1786177690,50,,Aggregated,46.600000,0.000000,400,540,630,690,820,920,1000,1100,1200,1300,1400,40396,0,400,424.5802767633931,1.3351770001008845,1367.5351339998087,6.855728289929696
1786177691,50,,Aggregated,46.800000,0.000000,400,540,630,690,820,920,1000,1100,1200,1300,1400,40446,0,400,424.98892813838285,1.3351770001008845,1367.5351339998087,6.855412154477575
1786177692,50,,Aggregated,48.300000,0.000000,400,550,630,690,820,920,1000,1100,1200,1300,1400,40492,0,400,425.5539397519024,1.3351770001008845,1367.5351339998087,6.856020942408377
1786177693,50,,Aggregated,48.200000,0.000000,400,550,630,690,820,920,1000,1100,1200,1300,1400,40543,0,400,426.04873541373405,1.3351770001008845,1367.5351339998087,6.855536097476753
1786177694,50,,Aggregated,48.200000,0.000000,400,550,640,690,820,920,1000,1100,1200,1300,1400,40588,0,400,426.5531607768307,1.3351770001008845,1367.5351339998087,6.855573075785947
1786177695,50,,Aggregated,48.600000,0.000000,400,550,640,690,830,920,1000,1100,1200,1300,1400,40632,0,400,427.1886499202596,1.3351770001008845,1367.5351339998087,6.856763142350856
1786177696,50,,Aggregated,48.800000,0.000000,400,550,640,690,830,930,1000,1100,1200,1300,1400,40673,0,400,427.7860379541709,1.3351770001008845,1367.5351339998087,6.857964743195732
1786177697,50,,Aggregated,48.800000,0.000000,400,550,640,690,830,930,1000,1100,1200,1400,1400,40714,0,400,428.34633926509287,1.3351770001008845,1441.4739499998177,6.858918308198654
1786177698,50,,Aggregated,46.800000,0.000000,400,550,640,700,830,930,1000,1100,1200,1400,1400,40768,0,400,429.00180246325505,1.3351770001008845,1441.4739499998177,6.858418367346939
1786177699,50,,Aggregated,46.600000,0.000000,400,550,640,700,830,930,1000,1100,1200,1400,1400,40809,0,400,429.4598022361484,1.3351770001008845,1441.4739499998177,6.859859344752383
1786177700,50,,Aggregated,47.500000,0.000000,400,550,640,700,830,930,1000,1100,1200,1400,1400,40852,0,400,430.03864221727173,1.3351770001008845,1441.4739499998177,6.860471947517869
1786177701,50,,Aggregated,46.200000,0.000000,400,550,640,700,830,930,1000,1100,1300,1400,1400,40892,0,400,430.6729580473194,1.3351770001008845,1441.4739499998177,6.862075711630637
1786177702,50,,Aggregated,45.300000,0.000000,400,550,640,700,830,930,1000,1100,1300,1400,1400,40935,0,400,431.2714213372662,1.3351770001008845,1441.4739499998177,6.862929033834127
1786177703,50,,Aggregated,44.300000,0.000000,410,550,640,700,830,940,1000,1100,1300,1400,1400,40999,0,410,431.7702546078195,1.3351770001008845,1441.4739499998177,6.860508792897388
1786177704,50,,Aggregated,44.200000,0.000000,410,550,640,700,830,940,1000,1100,1300,1400,1400,41061,0,410,432.0469568790578,1.3351770001008845,1441.4739499998177,6.8579430603248825
1786177705,50,,Aggregated,44.200000,0.000000,410,550,640,700,830,940,1000,1100,1300,1400,1400,41108,0,410,432.41195432210253,1.3351770001008845,1441.4739499998177,6.8578865427653986
1786177706,50,,Aggregated,47.200000,0.000000,410,550,640,700,840,940,1000,1100,1300,1400,1400,41165,0,410,432.8485188340093,1.3351770001008845,1441.4739499998177,6.856650066804324
1786177707,50,,Aggregated,47.600000,0.000000,410,560,650,700,840,940,1000,1100,1300,1400,1400,41213,0,410,433.303819580545,1.3351770001008845,1441.4739499998177,6.856671438623735
1786177708,50,,Aggregated,49.200000,0.000000,410,560,650,700,840,940,1000,1100,1300,1400,1400,41254,0,410,433.7846236674505,1.3351770001008845,1441.4739499998177,6.857613807145974
1786177709,50,,Aggregated,49.800000,0.000000,410,560,650,700,840,940,1000,1100,1300,1400,1400,41301,0,410,434.4133535489943,1.3351770001008845,1441.4739499998177,6.85828430304351
1786177710,50,,Aggregated,48.600000,0.000000,410,560,650,700,840,940,1000,1100,1300,1400,1400,41348,0,410,434.9538532128525,1.3351770001008845,1441.4739499998177,6.8587114249782335
1786177711,50,,Aggregated,49.100000,0.000000,410,560,650,700,840,940,1000,1100,1300,1400,1400,41401,0,410,435.4340231236209,1.3351770001008845,1441.4739499998177,6.857660442984469
1786177712,50,,Aggregated,49.800000,0.000000,410,560,650,700,840,940,1000,1100,1300,1400,1400,41441,0,410,435.817662471418,1.3351770001008845,1441.4739499998177,6.858763060736951
1786177713,50,,Aggregated,50.900000,0.000000,410,560,650,710,840,950,1000,1100,1300,1400,1400,41487,0,410,436.45853932436717,1.3351770001008845,1441.4739499998177,6.859353532431846
1786177714,50,,Aggregated,50.700000,0.000000,410,560,650,710,840,950,1000,1100,1300,1400,1400,41537,0,410,436.93201935845207,1.3351770001008845,1441.4739499998177,6.858800587428076
1786177715,50,,Aggregated,49.000000,0.000000,410,560,650,710,850,950,1000,1100,1300,1400,1400,41584,0,410,437.4256948475627,1.3351770001008845,1441.4739499998177,6.859465178914967
1786177716,50,,Aggregated,47.600000,0.000000,410,560,650,710,850,950,1000,1100,1300,1400,1400,41636,0,410,437.97224608788184,1.3351770001008845,1441.4739499998177,6.859064271303679
1786177717,50,,Aggregated,47.300000,0.000000,410,560,650,710,850,950,1000,1100,1300,1400,1400,41683,0,410,438.3716182450651,1.3351770001008845,1441.4739499998177,6.859487081064223
1786177718,50,,Aggregated,46.600000,0.000000,410,560,650,710,850,950,1100,1100,1300,1400,1400,41726,0,410,438.8912667972258,1.3351770001008845,1441.4739499998177,6.859847577050281
1786177719,50,,Aggregated,46.700000,0.000000,410,560,650,710,850,950,1100,1100,1300,1400,1400,41773,0,410,439.42222809451175,1.3351770001008845,1441.4739499998177,6.859789816388576
1786177720,50,,Aggregated,46.900000,0.000000,410,560,660,710,850,950,1100,1100,1300,1400,1400,41816,0,410,439.902522754473,1.3351770001008845,1441.4739499998177,6.860149225176966
1786177721,50,,Aggregated,47.400000,0.000000,410,560,660,710,850,950,1100,1100,1300,1400,1400,41861,0,410,440.48614612551137,1.3351770001008845,1441.4739499998177,6.861135663266525
1786177722,50,,Aggregated,46.800000,0.000000,410,560,660,710,850,960,1100,1100,1300,1400,1400,41903,0,410,441.09020016986904,1.3351770001008845,1441.4739499998177,6.862372622485264
1786177723,50,,Aggregated,46.000000,0.000000,420,570,660,710,850,960,1100,1100,1300,1400,1400,41943,0,420,441.6306779902255,1.3351770001008845,1441.4739499998177,6.863457549531507
1786177724,50,,Aggregated,45.900000,0.000000,420,570,660,720,860,960,1100,1100,1300,1400,1400,41981,0,420,442.20738686825047,1.3351770001008845,1441.4739499998177,6.8646292370358015
1786177725,50,,Aggregated,45.500000,0.000000,420,570,660,720,860,960,1100,1100,1300,1400,1400,42032,0,420,442.8800189286739,1.3351770001008845,1441.4739499998177,6.86415112295394
1786177726,50,,Aggregated,44.200000,0.000000,420,570,660,720,860,960,1100,1100,1300,1400,1400,42074,0,420,443.34743960412675,1.3351770001008845,1441.4739499998177,6.864191662309264
1786177727,50,,Aggregated,44.800000,0.000000,420,570,660,720,860,960,1100,1100,1300,1400,1400,42131,0,420,443.84427757261943,1.3351770001008845,1441.4739499998177,6.862737651610453
1786177728,50,,Aggregated,44.100000,0.000000,420,570,660,720,860,960,1100,1100,1300,1400,1400,42172,0,420,444.21943697353777,1.3351770001008845,1441.4739499998177,6.8638907331878976
1786177729,50,,Aggregated,44.700000,0.000000,420,570,660,720,860,970,1100,1100,1300,1400,1400,42221,0,420,444.83116695334184,1.3351770001008845,1441.4739499998177,6.863503943535208
1786177730,50,,Aggregated,44.800000,0.000000,420,570,660,720,860,970,1100,1100,1300,1400,1400,42266,0,420,445.3070718867657,1.3351770001008845,1441.4739499998177,6.86447735768703
1786177731,50,,Aggregated,44.400000,0.000000,420,570,660,720,860,970,1100,1100,1300,1400,1400,42314,0,420,445.8066586955628,1.3351770001008845,1441.4739499998177,6.864252965921445
1786177732,50,,Aggregated,44.400000,0.000000,420,570,660,720,860,970,1100,1100,1300,1400,1400,42362,0,420,446.29981658425123,1.3351770001008845,1441.4739499998177,6.863556961427695
1786177733,50,,Aggregated,45.000000,0.000000,420,570,670,720,860,970,1100,1100,1300,1400,1400,42408,0,420,446.747643039758,1.3351770001008845,1441.4739499998177,6.8631861912846635
1786177734,50,,Aggregated,45.700000,0.000000,420,570,670,720,870,970,1100,1100,1300,1400,1400,42448,0,420,447.25172739029097,1.3351770001008845,1441.4739499998177,6.864728609121749
1786177735,50,,Aggregated,46.700000,0.000000,420,570,670,720,870,970,1100,1100,1300,1400,1400,42502,0,420,447.9281747301556,1.3351770001008845,1441.4739499998177,6.863771116653334
1786177736,50,,Aggregated,46.700000,0.000000,420,570,670,730,870,970,1100,1100,1300,1400,1400,42547,0,420,448.37161761496884,1.3351770001008845,1441.4739499998177,6.863562648365337
1786177737,50,,Aggregated,46.200000,0.000000,420,570,670,730,870,970,1100,1100,1300,1400,1400,42601,0,420,448.7463697962276,1.3351770001008845,1441.4739499998177,6.8623741226731765
1786177738,50,,Aggregated,46.900000,0.000000,420,570,670,730,870,980,1100,1100,1300,1400,1400,42644,0,420,449.11013776777736,1.3351770001008845,1441.4739499998177,6.862020448363193
1786177739,50,,Aggregated,47.100000,0.000000,420,570,670,730,870,980,1100,1100,1300,1400,1400,42701,0,420,449.7221946705719,1.3351770001008845,1441.4739499998177,6.861291304653287
1786177740,50,,Aggregated,47.300000,0.000000,420,580,670,730,870,980,1100,1100,1300,1400,1400,42739,0,420,450.073711420204,1.3351770001008845,1441.4739499998177,6.862678116006458
1786177741,50,,Aggregated,47.400000,0.000000,420,580,670,730,870,980,1100,1100,1300,1400,1400,42777,0,420,450.6400104865251,1.3351770001008845,1441.4739499998177,6.864062463473362
1786177742,50,,Aggregated,47.400000,0.000000,420,580,670,730,870,980,1100,1100,1300,1400,1400,42821,0,420,451.24181976320244,1.3351770001008845,1441.4739499998177,6.864482380140585
1786177743,50,,Aggregated,46.600000,0.000000,420,580,670,730,880,980,1100,1100,1300,1400,1400,42869,0,420,451.80059944122996,1.3351770001008845,1441.4739499998177,6.864260887821036
1786177744,50,,Aggregated,45.800000,0.000000,430,580,670,730,880,980,1100,1100,1300,1400,1400,42910,0,430,452.2929715425327,1.3351770001008845,1441.4739499998177,6.865625728268469
1786177745,50,,Aggregated,45.400000,0.000000,430,580,680,730,880,990,1100,1100,1300,1400,1400,42950,0,430,452.8437771359504,1.3351770001008845,1441.4739499998177,6.8659837019790455
1786177746,50,,Aggregated,46.000000,0.000000,430,580,680,730,880,990,1100,1100,1300,1400,1400,42992,0,430,453.4295740617109,1.3351770001008845,1441.4739499998177,6.866719389653889
1786177747,50,,Aggregated,45.300000,0.000000,430,580,680,730,880,990,1100,1100,1300,1400,1400,43034,0,430,453.9179790717589,1.3351770001008845,1441.4739499998177,6.866988892503602
1786177748,50,,Aggregated,44.500000,0.000000,430,580,680,730,880,990,1100,1100,1300,1400,1400,43086,0,430,454.4513589862386,1.3351770001008845,1441.4739499998177,6.8668244905537765
1786177749,50,,Aggregated,43.500000,0.000000,430,580,680,740,880,990,1100,1100,1300,1400,1400,43130,0,430,454.87257073304136,1.3351770001008845,1441.4739499998177,6.867006723858103
1786177750,50,,Aggregated,43.600000,0.000000,430,580,680,740,880,990,1100,1100,1300,1400,1400,43177,0,430,455.41211593121517,1.3351770001008845,1441.4739499998177,6.867174653171827
1786177751,50,,Aggregated,43.800000,0.000000,430,580,680,740,890,990,1100,1200,1300,1400,1500,43218,0,430,455.893388933548,1.3351770001008845,1513.593839999885,6.867601462353649
1786177752,50,,Aggregated,43.800000,0.000000,430,580,680,740,890,1000,1100,1200,1300,1400,1500,43258,0,430,456.3991306124203,1.3351770001008845,1513.593839999885,6.86795506033566
1786177753,50,,Aggregated,43.400000,0.000000,430,580,680,740,890,1000,1100,1200,1300,1400,1500,43304,0,430,456.96694987620276,1.3351770001008845,1513.593839999885,6.868280066506558
1786177754,50,,Aggregated,44.200000,0.000000,430,580,680,740,890,1000,1100,1200,1300,1400,1500,43359,0,430,457.48207802193537,1.3351770001008845,1513.593839999885,6.8671786710948135
1786177755,50,,Aggregated,43.500000,0.000000,430,590,680,740,890,1000,1100,1200,1300,1400,1500,43396,0,430,457.8609880313875,1.3351770001008845,1513.593839999885,6.868236703843672
1786177756,50,,Aggregated,44.100000,0.000000,430,590,680,740,890,1000,1100,1200,1300,1400,1500,43440,0,430,458.3665748426581,1.3351770001008845,1513.593839999885,6.868646408839779
1786177757,50,,Aggregated,44.900000,0.000000,430,590,680,740,890,1000,1100,1200,1300,1400,1500,43479,0,430,458.87926838085224,1.3351770001008845,1513.593839999885,6.869845212631385
1786177758,50,,Aggregated,45.400000,0.000000,430,590,690,740,890,1000,1100,1200,1300,1400,1500,43524,0,430,459.55558825841075,1.3351770001008845,1513.593839999885,6.869864902122966
1786177759,50,,Aggregated,44.200000,0.000000,430,590,690,740,890,1000,1100,1200,1300,1400,1600,43565,0,430,460.02595891828423,1.3351770001008845,1623.1433190000644,6.870515321932745
1786177760,50,,Aggregated,43.800000,0.000000,430,590,690,750,890,1000,1100,1200,1300,1400,1600,43609,0,430,460.58965711190456,1.3351770001008845,1623.1433190000644,6.871150450595061
1786177761,50,,Aggregated,43.300000,0.000000,430,590,690,750,900,1000,1100,1200,1300,1400,1600,43654,0,430,461.10836159511257,1.3351770001008845,1623.1433190000644,6.870939661886654
1786177762,50,,Aggregated,43.100000,0.000000,430,590,690,750,900,1000,1100,1200,1300,1400,1600,43706,0,430,461.5557759418166,1.3351770001008845,1623.1433190000644,6.870086486981193
1786177763,50,,Aggregated,44.200000,0.000000,430,590,690,750,900,1000,1100,1200,1300,1400,1600,43744,0,430,461.9886491894669,1.3351770001008845,1623.1433190000644,6.8712051938551575
1786177764,50,,Aggregated,44.000000,0.000000,430,590,690,750,900,1000,1100,1200,1300,1400,1600,43782,0,430,462.5677156504737,1.3351770001008845,1623.1433190000644,6.872321958795852
1786177765,50,,Aggregated,44.200000,0.000000,430,590,690,750,900,1000,1100,1200,1300,1500,1600,43831,0,430,463.13874901375857,1.3351770001008845,1623.1433190000644,6.871939951176108
1786177766,50,,Aggregated,42.900000,0.000000,440,590,690,750,900,1000,1100,1200,1300,1500,1600,43878,0,440,463.6721294737693,1.3351770001008845,1623.1433190000644,6.872327818040931
1786177767,50,,Aggregated,43.100000,0.000000,440,590,690,750,900,1000,1100,1200,1300,1500,1600,43932,0,440,464.07180830920646,1.3351770001008845,1623.1433190000644,6.870481653464445
1786177768,50,,Aggregated,42.700000,0.000000,440,590,690,750,900,1000,1100,1200,1300,1500,1600,43977,0,440,464.493965596017,1.3351770001008845,1623.1433190000644,6.870273097300862
1786177769,50,,Aggregated,44.500000,0.000000,440,590,690,750,900,1000,1100,1200,1300,1500,1600,44016,0,440,464.89426248059914,1.3351770001008845,1623.1433190000644,6.870774263904035
1786177770,50,,Aggregated,45.000000,0.000000,440,590,690,750,900,1000,1100,1200,1300,1500,1600,44054,0,440,465.4316268153414,1.3351770001008845,1623.1433190000644,6.87165751123621
1786177771,50,,Aggregated,45.100000,0.000000,440,600,690,750,910,1000,1100,1200,1300,1500,1600,44093,0,440,466.02872629934564,1.3351770001008845,1623.1433190000644,6.872610164878779
1786177772,50,,Aggregated,44.700000,0.000000,440,600,700,750,910,1000,1100,1200,1300,1500,1600,44149,0,440,466.56583176511475,1.3351770001008845,1623.1433190000644,6.871593920587102
1786177773,50,,Aggregated,43.800000,0.000000,440,600,700,760,910,1000,1100,1200,1300,1500,1600,44195,0,440,467.0062234735614,1.3351770001008845,1623.1433190000644,6.8714560470641475
1786177774,50,,Aggregated,44.500000,0.000000,440,600,700,760,910,1000,1100,1200,1300,1500,1600,44235,0,440,467.4351418150798,1.3351770001008845,1623.1433190000644,6.872250480388832
1786177775,50,,Aggregated,44.900000,0.000000,440,600,700,760,910,1000,1100,1200,1300,1500,1600,44282,0,440,467.9789545102538,1.3351770001008845,1623.1433190000644,6.872408653629014
1786177776,50,,Aggregated,45.300000,0.000000,440,600,700,760,910,1000,1100,1200,1300,1500,1600,44322,0,440,468.41389006270146,1.3351770001008845,1623.1433190000644,6.8725238030774785
1786177777,50,,Aggregated,45.000000,0.000000,440,600,700,760,910,1000,1100,1200,1300,1500,1600,44365,0,440,469.0150282737757,1.3351770001008845,1623.1433190000644,6.87330102558323
1786177778,50,,Aggregated,45.100000,0.000000,440,600,700,760,910,1000,1100,1200,1400,1500,1600,44413,0,440,469.532105339947,1.3351770001008845,1623.1433190000644,6.872852543174296
1786177779,50,,Aggregated,43.500000,0.000000,440,600,700,760,910,1000,1100,1200,1400,1500,1600,44453,0,440,469.9435702794205,1.3351770001008845,1623.1433190000644,6.8731919105572175
1786177780,50,,Aggregated,43.200000,0.000000,440,600,700,760,910,1000,1100,1200,1400,1500,1600,44495,0,440,470.5345526607728,1.3351770001008845,1623.1433190000644,6.873895943364423
1786177781,50,,Aggregated,43.600000,0.000000,440,600,700,760,920,1000,1100,1200,1400,1500,1600,44540,0,440,471.0468828682998,1.3351770001008845,1623.1433190000644,6.873686573866188
1786177782,50,,Aggregated,43.500000,0.000000,440,600,700,760,920,1000,1100,1200,1400,1500,1600,44577,0,440,471.3975709607436,1.3351770001008845,1623.1433190000644,6.874935504856765
1786177783,50,,Aggregated,44.200000,0.000000,440,600,700,760,920,1000,1100,1200,1400,1500,1600,44621,0,440,472.11000535472243,1.3351770001008845,1623.1433190000644,6.875103650747406
1786177784,50,,Aggregated,43.000000,0.000000,440,600,700,760,920,1000,1100,1200,1400,1500,1600,44666,0,440,472.53735213269766,1.3351770001008845,1623.1433190000644,6.874893655129181
1786177785,50,,Aggregated,42.000000,0.000000,440,600,700,760,920,1000,1100,1200,1400,1500,1600,44716,0,440,472.99911220498404,1.3351770001008845,1623.1433190000644,6.874362644243671
1786177786,50,,Aggregated,43.000000,0.000000,440,610,710,770,920,1000,1100,1200,1400,1500,1600,44757,0,440,473.4217753837627,1.3351770001008845,1623.1433190000644,6.875215050159752
1786177787,50,,Aggregated,43.100000,0.000000,450,610,710,770,920,1000,1100,1200,1400,1500,1600,44806,0,450,474.0270230502625,1.3351770001008845,1623.1433190000644,6.875284560103558
1786177788,50,,Aggregated,42.900000,0.000000,450,610,710,770,920,1000,1100,1200,1400,1500,1600,44847,0,450,474.3640079277114,1.3351770001008845,1623.1433190000644,6.875242491136531
1786177789,50,,Aggregated,43.500000,0.000000,450,610,710,770,920,1000,1100,1200,1400,1500,1600,44882,0,450,474.82846003054806,1.3351770001008845,1623.1433190000644,6.876788021924157
1786177790,50,,Aggregated,44.100000,0.000000,450,610,710,770,920,1000,1100,1200,1400,1500,1600,44922,0,450,475.4972826638187,1.3351770001008845,1623.1433190000644,6.877120341926005
1786177791,50,,Aggregated,42.600000,0.000000,450,610,710,770,930,1000,1100,1200,1400,1500,1600,44964,0,450,476.01804478276114,1.3351770001008845,1623.1433190000644,6.877590961658216
1786177792,50,,Aggregated,42.500000,0.000000,450,610,710,770,930,1000,1100,1200,1400,1500,1600,45008,0,450,476.4992862126081,1.3351770001008845,1623.1433190000644,6.877977248489158
1786177793,50,,Aggregated,42.600000,0.000000,450,610,710,770,930,1000,1100,1200,1400,1500,1600,45053,0,450,477.04566855940925,1.3351770001008845,1623.1433190000644,6.87821010809491
1786177794,50,,Aggregated,43.000000,0.000000,450,610,710,770,930,1000,1100,1200,1400,1500,1600,45088,0,450,477.4643958498509,1.3351770001008845,1623.1433190000644,6.879080908445706
1786177795,50,,Aggregated,43.300000,0.000000,450,610,710,770,930,1000,1100,1200,1400,1500,1600,45131,0,450,478.0215633425601,1.3351770001008845,1623.1433190000644,6.879617114621879
1786177796,50,,Aggregated,42.300000,0.000000,450,610,710,770,930,1000,1100,1200,1400,1500,1600,45167,0,450,478.5616131271079,1.3351770001008845,1623.1433190000644,6.8807757876325635
1786177797,50,,Aggregated,41.600000,0.000000,450,610,710,780,930,1000,1100,1200,1400,1500,1600,45217,0,450,479.1394744645395,1.3351770001008845,1623.1433190000644,6.8804653117190435
1786177798,50,,Aggregated,41.400000,0.000000,450,610,710,780,930,1000,1100,1200,1400,1500,1600,45259,0,450,479.5430497329609,1.3351770001008845,1623.1433190000644,6.880708809297598
1786177799,50,,Aggregated,41.500000,0.000000,450,610,720,780,930,1000,1100,1200,1400,1500,1600,45306,0,450,480.0736460579851,1.3351770001008845,1623.1433190000644,6.880192468988655
1786177800,50,,Aggregated,41.100000,0.000000,450,610,720,780,930,1000,1100,1200,1400,1500,1600,45343,0,450,480.44605074966546,1.3351770001008845,1623.1433190000644,6.8811944511832035
1786177801,50,,Aggregated,41.400000,0.000000,450,620,720,780,930,1000,1100,1200,1400,1500,1600,45393,0,450,481.016164316196,1.3351770001008845,1623.1433190000644,6.880444121340295
1786177802,50,,Aggregated,42.400000,0.000000,450,620,720,780,940,1000,1100,1200,1400,1500,1600,45434,0,450,481.4647315848943,1.3351770001008845,1623.1433190000644,6.880838138838755
1786177803,50,,Aggregated,42.700000,0.000000,450,620,720,780,940,1000,1200,1200,1400,1500,1600,45482,0,450,481.9166787464727,1.3351770001008845,1623.1433190000644,6.880612110285387
1786177804,50,,Aggregated,41.600000,0.000000,450,620,720,780,940,1100,1200,1200,1400,1500,1600,45523,0,450,482.32857878942673,1.3351770001008845,1623.1433190000644,6.880565867803089
1786177805,50,,Aggregated,43.100000,0.000000,450,620,720,780,940,1100,1200,1200,1400,1500,1600,45568,0,450,482.8445711235311,1.3351770001008845,1623.1433190000644,6.88013518258427
1786177806,50,,Aggregated,42.900000,0.000000,450,620,720,780,940,1100,1200,1200,1400,1500,1600,45611,0,450,483.24458700221584,1.3351770001008845,1623.1433190000644,6.8804455065663985
1786177807,50,,Aggregated,43.400000,0.000000,450,620,720,780,940,1100,1200,1200,1400,1500,1600,45663,0,450,483.7129457651505,1.3351770001008845,1623.1433190000644,6.879399075838206
1786177808,50,,Aggregated,44.100000,0.000000,450,620,720,780,940,1100,1200,1200,1400,1500,1600,45703,0,450,484.13108966133683,1.3351770001008845,1623.1433190000644,6.879285823687723
1786177809,50,,Aggregated,44.400000,0.000000,460,620,720,780,940,1100,1200,1200,1400,1500,1600,45738,0,460,484.56824348227025,1.3351770001008845,1623.1433190000644,6.880580698762517
1786177810,50,,Aggregated,44.000000,0.000000,460,620,720,790,940,1100,1200,1200,1400,1500,1600,45789,0,460,485.199158579333,1.3351770001008845,1623.1433190000644,6.880124047260259
1786177811,50,,Aggregated,44.300000,0.000000,460,620,720,790,940,1100,1200,1200,1400,1500,1600,45836,0,460,485.5364145019652,1.3351770001008845,1623.1433190000644,6.879614276987521
1786177812,50,,Aggregated,43.800000,0.000000,460,620,720,790,940,1100,1200,1200,1400,1500,1600,45875,0,460,485.947929781713,1.3351770001008845,1623.1433190000644,6.880087193460491
1786177813,50,,Aggregated,43.900000,0.000000,460,620,720,790,950,1100,1200,1200,1400,1500,1600,45921,0,460,486.52993179464914,1.3351770001008845,1623.1433190000644,6.879728228914876
1786177814,50,,Aggregated,44.900000,0.000000,460,620,730,790,950,1100,1200,1200,1400,1500,1600,45965,0,460,486.8899916730137,1.3351770001008845,1623.1433190000644,6.879234199934733
1786177815,50,,Aggregated,43.200000,0.000000,460,620,730,790,950,1100,1200,1200,1400,1500,1600,46006,0,460,487.31236632111177,1.3351770001008845,1623.1433190000644,6.879841759770465
1786177816,50,,Aggregated,44.700000,0.000000,460,620,730,790,950,1100,1200,1200,1400,1500,1600,46048,0,460,487.8500408795404,1.3351770001008845,1623.1433190000644,6.880081653926338
1786177817,50,,Aggregated,43.800000,0.000000,460,620,730,790,950,1100,1200,1200,1400,1500,1600,46092,0,460,488.33726922335967,1.3351770001008845,1623.1433190000644,6.880239520958084
1786177818,50,,Aggregated,43.400000,0.000000,460,630,730,790,950,1100,1200,1200,1400,1500,1600,46134,0,460,488.7603025100812,1.3351770001008845,1623.1433190000644,6.880261845927082
1786177819,50,,Aggregated,43.000000,0.000000,460,630,730,790,950,1100,1200,1200,1400,1500,1600,46174,0,460,489.26374153216284,1.3351770001008845,1623.1433190000644,6.880582145796335
1786177820,50,,Aggregated,42.800000,0.000000,460,630,730,790,950,1100,1200,1200,1400,1500,1600,46213,0,460,489.7524520919673,1.3351770001008845,1623.1433190000644,6.8812671759028845
1786177821,50,,Aggregated,43.700000,0.000000,460,630,730,790,950,1100,1200,1200,1400,1500,1600,46256,0,460,490.3216980884012,1.3351770001008845,1623.1433190000644,6.881139744033207
1786177822,50,,Aggregated,43.000000,0.000000,460,630,730,790,950,1100,1200,1200,1400,1500,1600,46301,0,460,490.7413771160253,1.3351770001008845,1623.1433190000644,6.881579231550075
1786177823,50,,Aggregated,41.700000,0.000000,460,630,730,790,960,1100,1200,1200,1400,1500,1600,46340,0,460,491.204377905807,1.3351770001008845,1623.1433190000644,6.882477341389728
1786177824,50,,Aggregated,42.200000,0.000000,460,630,730,800,960,1100,1200,1200,1400,1500,1600,46380,0,460,491.73988458417654,1.3351770001008845,1623.1433190000644,6.8823630875377315
1786177825,50,,Aggregated,42.300000,0.000000,460,630,730,800,960,1100,1200,1200,1400,1500,1600,46421,0,460,492.2135310241939,1.3351770001008845,1623.1433190000644,6.882747032593008
1786177826,50,,Aggregated,40.900000,0.000000,460,630,730,800,960,1100,1200,1200,1400,1500,1600,46459,0,460,492.71756236150367,1.3351770001008845,1623.1433190000644,6.883574764846424
1786177827,50,,Aggregated,41.600000,0.000000,460,630,730,800,960,1100,1200,1200,1400,1500,1600,46502,0,460,493.22373626874315,1.3351770001008845,1623.1433190000644,6.883445873295773
1786177828,50,,Aggregated,41.300000,0.000000,460,630,740,800,960,1100,1200,1200,1400,1500,1600,46539,0,460,493.6678879287714,1.3351770001008845,1623.1433190000644,6.884204645566085
1786177829,50,,Aggregated,41.000000,0.000000,460,630,740,800,960,1100,1200,1200,1400,1500,1600,46578,0,460,494.16565647194153,1.3351770001008845,1623.1433190000644,6.885095968053587
1786177830,50,,Aggregated,40.900000,0.000000,460,630,740,800,960,1100,1200,1200,1400,1500,1700,46620,0,460,494.73587880075274,1.3351770001008845,1660.5125899995983,6.885113685113685
1786177831,50,,Aggregated,39.700000,0.000000,470,630,740,800,960,1100,1200,1200,1400,1500,1700,46666,0,470,495.1892538390713,1.3351770001008845,1660.5125899995983,6.885184074058201
1786177832,50,,Aggregated,40.800000,0.000000,470,630,740,800,960,1100,1200,1200,1400,1500,1700,46720,0,470,495.60221838512615,1.3351770001008845,1660.5125899995983,6.883861301369863
1786177833,50,,Aggregated,41.400000,0.000000,470,630,740,800,970,1100,1200,1200,1400,1500,1700,46755,0,470,495.96669363253324,1.3351770001008845,1660.5125899995983,6.884696823869105
1786177834,50,,Aggregated,41.500000,0.000000,470,630,740,800,970,1100,1200,1300,1400,1500,1700,46799,0,470,496.48851433188935,1.3351770001008845,1660.5125899995983,6.883993247718968
1786177835,50,,Aggregated,41.400000,0.000000,470,640,740,800,970,1100,1200,1300,1400,1500,1700,46842,0,470,496.89342778335873,1.3351770001008845,1660.5125899995983,6.88386490756159
1786177836,50,,Aggregated,41.900000,0.000000,470,640,740,800,970,1100,1200,1300,1400,1500,1700,46885,0,470,497.3328190470102,1.3351770001008845,1660.5125899995983,6.883950090647328
1786177837,50,,Aggregated,42.100000,0.000000,470,640,740,810,970,1100,1200,1300,1400,1500,1700,46929,0,470,497.81487999895757,1.3351770001008845,1660.5125899995983,6.8834622514862875
1786177838,50,,Aggregated,41.900000,0.000000,470,640,740,810,970,1100,1200,1300,1400,1500,1700,46970,0,470,498.2785070118393,1.3351770001008845,1660.5125899995983,6.883627847562273
1786177839,50,,Aggregated,42.500000,0.000000,470,640,740,810,970,1100,1200,1300,1400,1500,1700,47008,0,470,498.7214683656418,1.3351770001008845,1660.5125899995983,6.8840197413206266
1786177840,50,,Aggregated,42.300000,0.000000,470,640,740,810,970,1100,1200,1300,1400,1500,1700,47052,0,470,499.1827639462315,1.3351770001008845,1660.5125899995983,6.883958173935221
1786177841,50,,Aggregated,42.900000,0.000000,470,640,740,810,970,1100,1200,1300,1400,1500,1700,47093,0,470,499.70344786618125,1.3351770001008845,1660.5125899995983,6.884335251523581
1786177842,50,,Aggregated,43.300000,0.000000,470,640,750,810,970,1100,1200,1300,1400,1500,1700,47138,0,470,500.2010525782613,1.3351770001008845,1660.5125899995983,6.884339598625313
1786177843,50,,Aggregated,42.600000,0.000000,470,640,750,810,970,1100,1200,1300,1400,1500,1700,47177,0,470,500.59007620007804,1.3351770001008845,1660.5125899995983,6.884371621764843
1786177844,50,,Aggregated,41.200000,0.000000,470,640,750,810,980,1100,1200,1300,1400,1500,1700,47223,0,470,501.0196856076719,1.3351770001008845,1660.5125899995983,6.8840183808737265
1786177845,50,,Aggregated,42.100000,0.000000,470,640,750,810,980,1100,1200,1300,1400,1500,1700,47270,0,470,501.4267143133506,1.3351770001008845,1660.5125899995983,6.883097101755871
1786177846,50,,Aggregated,42.300000,0.000000,470,640,750,810,980,1100,1200,1300,1400,1500,1700,47316,0,470,501.83941408071445,1.3351770001008845,1660.5125899995983,6.882745794234508
1786177847,50,,Aggregated,42.600000,0.000000,470,640,750,810,980,1100,1200,1300,1400,1500,1700,47361,0,470,502.24642812244423,1.3351770001008845,1660.5125899995983,6.882329342708135
1786177848,50,,Aggregated,43.200000,0.000000,470,640,750,810,980,1100,1200,1300,1400,1500,1700,47403,0,470,502.6803872465473,1.3351770001008845,1660.5125899995983,6.882560175516318
1786177849,50,,Aggregated,43.200000,0.000000,470,640,750,810,980,1100,1200,1300,1400,1500,1700,47460,0,470,503.0805553148563,1.3351770001008845,1660.5125899995983,6.880615254951538
1786177850,50,,Aggregated,43.500000,0.000000,470,640,750,810,980,1100,1200,1300,1400,1500,1700,47495,0,470,503.4270160491647,1.3351770001008845,1660.5125899995983,6.881229603116117
1786177851,50,,Aggregated,44.700000,0.000000,470,650,750,820,980,1100,1200,1300,1400,1500,1700,47531,0,470,503.94410714527527,1.3351770001008845,1660.5125899995983,6.882960594138562
1786177852,50,,Aggregated,43.600000,0.000000,470,650,750,820,980,1100,1200,1300,1400,1600,1700,47571,0,470,504.4085592716584,1.3351770001008845,1660.5125899995983,6.882428370225558
1786177853,50,,Aggregated,43.800000,0.000000,480,650,750,820,980,1100,1200,1300,1400,1600,1700,47614,0,480,504.88245947649995,1.3351770001008845,1660.5125899995983,6.882513546435923
1786177854,50,,Aggregated,43.900000,0.000000,480,650,750,820,980,1100,1200,1300,1400,1600,1700,47662,0,480,505.2923601999931,1.3351770001008845,1660.5125899995983,6.8816667366035835
1786177855,50,,Aggregated,43.800000,0.000000,480,650,750,820,990,1100,1200,1300,1400,1600,1700,47700,0,480,505.71901184274776,1.3351770001008845,1660.5125899995983,6.882264150943397
1786177856,50,,Aggregated,43.800000,0.000000,480,650,760,820,990,1100,1200,1300,1400,1600,1700,47739,0,480,506.2171028565339,1.3351770001008845,1660.5125899995983,6.883344854311988
1786177857,50,,Aggregated,42.500000,0.000000,480,650,760,820,990,1100,1200,1300,1400,1600,1700,47779,0,480,506.71115265022416,1.3351770001008845,1660.5125899995983,6.883233219615312
1786177858,50,,Aggregated,42.400000,0.000000,480,650,760,820,990,1100,1200,1300,1400,1600,1700,47819,0,480,507.15246237428784,1.3351770001008845,1660.5125899995983,6.883121771680712
1786177859,50,,Aggregated,42.200000,0.000000,480,650,760,820,990,1100,1200,1300,1400,1600,1700,47857,0,480,507.6358122679663,1.3351770001008845,1660.5125899995983,6.884342938337129
1786177860,50,,Aggregated,41.600000,0.000000,480,650,760,820,990,1100,1200,1300,1400,1600,1700,47896,0,480,508.16050991421133,1.3351770001008845,1660.5125899995983,6.884792049440454
1786177861,50,,Aggregated,40.200000,0.000000,480,650,760,820,990,1100,1200,1300,1400,1600,1700,47935,0,480,508.5928407236273,1.3351770001008845,1660.5125899995983,6.884823198080734
1786177862,50,,Aggregated,40.300000,0.000000,480,650,760,820,990,1100,1200,1300,1400,1600,1700,47983,0,480,509.1382377269047,1.3351770001008845,1660.5125899995983,6.884188149969781
1786177863,50,,Aggregated,40.200000,0.000000,480,650,760,830,990,1100,1200,1300,1400,1600,1700,48028,0,480,509.52128788517257,1.3351770001008845,1660.5125899995983,6.8841925543433
1786177864,50,,Aggregated,40.600000,0.000000,480,650,760,830,990,1100,1200,1300,1400,1600,1700,48068,0,480,509.9125612972469,1.3351770001008845,1660.5125899995983,6.884496962636265
1786177865,50,,Aggregated,40.900000,0.000000,480,650,760,830,1000,1100,1200,1300,1400,1600,1700,48100,0,480,510.37634357788096,1.3351770001008845,1660.5125899995983,6.885114345114345
1786177866,50,,Aggregated,40.600000,0.000000,480,650,760,830,1000,1100,1200,1300,1400,1600,1700,48144,0,480,510.9501062913981,1.3351770001008845,1660.5125899995983,6.885053173811897
1786177867,50,,Aggregated,40.500000,0.000000,480,660,760,830,1000,1100,1200,1300,1400,1600,1700,48184,0,480,511.39216606635125,1.3351770001008845,1660.5125899995983,6.885563672588411
1786177868,50,,Aggregated,40.400000,0.000000,480,660,760,830,1000,1100,1200,1300,1400,1600,1700,48219,0,480,511.80175042616105,1.3351770001008845,1660.5125899995983,6.886372591716958
1786177869,50,,Aggregated,39.900000,0.000000,480,660,760,830,1000,1100,1200,1300,1400,1600,1700,48258,0,480,512.2951426238147,1.3351770001008845,1660.5125899995983,6.886609474076837
1786177870,50,,Aggregated,40.400000,0.000000,480,660,770,830,1000,1100,1200,1300,1400,1600,1700,48298,0,480,512.830158345999,1.3351770001008845,1660.5125899995983,6.887117478984637
1786177871,50,,Aggregated,40.400000,0.000000,480,660,770,830,1000,1100,1200,1300,1400,1600,1700,48339,0,480,513.2918179717633,1.3351770001008845,1738.2737050002106,6.886654668073398
1786177872,50,,Aggregated,40.000000,0.000000,480,660,770,830,1000,1100,1200,1300,1400,1600,1700,48381,0,480,513.7204742103524,1.3351770001008845,1738.2737050002106,6.8868770798453935
1786177873,50,,Aggregated,40.300000,0.000000,480,660,770,830,1000,1100,1200,1300,1400,1600,1700,48428,0,480,514.1193136681891,1.3351770001008845,1738.2737050002106,6.88597505575287
1786177874,50,,Aggregated,40.500000,0.000000,480,660,770,830,1000,1100,1200,1300,1400,1600,1700,48473,0,480,514.5398860270471,1.3351770001008845,1738.2737050002106,6.885565159985972
1786177875,50,,Aggregated,40.500000,0.000000,480,660,770,830,1000,1100,1200,1300,1400,1600,1700,48507,0,480,514.9493399523792,1.3351770001008845,1738.2737050002106,6.8863050693714305
1786177876,50,,Aggregated,40.100000,0.000000,490,660,770,830,1000,1100,1200,1300,1400,1600,1700,48549,0,490,515.4424681907774,1.3351770001008845,1738.2737050002106,6.886938968876805
1786177877,50,,Aggregated,40.500000,0.000000,490,660,770,840,1000,1100,1200,1300,1500,1600,1700,48598,0,490,515.9766530017091,1.3351770001008845,1738.2737050002106,6.88575661549858
1786177878,50,,Aggregated,40.700000,0.000000,490,660,770,840,1000,1100,1200,1300,1500,1600,1700,48640,0,490,516.288634944183,1.3351770001008845,1738.2737050002106,6.885567434210526
1786177879,50,,Aggregated,40.500000,0.000000,490,660,770,840,1000,1100,1200,1300,1500,1600,1700,48686,0,490,516.6594159568469,1.3351770001008845,1738.2737050002106,6.885018280409152
1786177880,50,,Aggregated,41.800000,0.000000,490,660,770,840,1000,1100,1200,1300,1500,1600,1700,48725,0,490,517.1005357890622,1.3351770001008845,1738.2737050002106,6.885253976398153
1786177881,50,,Aggregated,42.300000,0.000000,490,660,770,840,1000,1100,1200,1300,1500,1600,1700,48766,0,490,517.5665893992958,1.3351770001008845,1738.2737050002106,6.885206906451216
1786177882,50,,Aggregated,42.600000,0.000000,490,660,770,840,1000,1100,1200,1300,1500,1600,1700,48806,0,490,517.9197455473314,1.3351770001008845,1738.2737050002106,6.884686309060362
1786177883,50,,Aggregated,42.500000,0.000000,490,670,770,840,1000,1100,1200,1300,1500,1600,1700,48850,0,490,518.4063270925909,1.3351770001008845,1738.2737050002106,6.88503582395087
1786177884,50,,Aggregated,42.500000,0.000000,490,670,780,840,1000,1100,1200,1300,1500,1600,1700,48889,0,490,518.7970424063709,1.3351770001008845,1738.2737050002106,6.8850661703041585
1786177885,50,,Aggregated,41.600000,0.000000,490,670,780,840,1000,1100,1200,1300,1500,1600,1700,48930,0,490,519.253620362499,1.3351770001008845,1738.2737050002106,6.885019415491518
1786177886,50,,Aggregated,42.200000,0.000000,490,670,780,840,1000,1100,1200,1300,1500,1600,1700,48977,0,490,519.6318906940211,1.3351770001008845,1738.2737050002106,6.884129285174674
1786177887,50,,Aggregated,42.100000,0.000000,490,670,780,840,1000,1100,1200,1300,1500,1600,1700,49017,0,490,520.0392093579997,1.3351770001008845,1738.2737050002106,6.8844278515617034
1786177888,50,,Aggregated,42.500000,0.000000,490,670,780,840,1000,1100,1200,1300,1500,1600,1700,49059,0,490,520.542342349927,1.3351770001008845,1738.2737050002106,6.8846490959864655
1786177889,50,,Aggregated,43.000000,0.000000,490,670,780,840,1000,1100,1200,1300,1500,1600,1700,49106,0,490,521.0019259104196,1.3351770001008845,1738.2737050002106,6.8841689406589825
1786177890,50,,Aggregated,41.500000,0.000000,490,670,780,840,1000,1100,1200,1300,1500,1600,1700,49143,0,490,521.3864193096489,1.3351770001008845,1738.2737050002106,6.884276499196223
1786177891,50,,Aggregated,41.400000,0.000000,490,670,780,850,1000,1100,1200,1300,1500,1600,1700,49182,0,490,521.8051752694294,1.3351770001008845,1738.2737050002106,6.884510593306494
1786177892,50,,Aggregated,41.500000,0.000000,490,670,780,850,1000,1100,1200,1300,1500,1600,1700,49223,0,490,522.2584846437861,1.3351770001008845,1738.2737050002106,6.884464579566463
1786177893,50,,Aggregated,42.200000,0.000000,490,670,780,850,1000,1100,1200,1300,1500,1600,1700,49274,0,490,522.7114984954761,1.3351770001008845,1738.2737050002106,6.8830214717701015
1786177894,50,,Aggregated,41.700000,0.000000,490,670,780,850,1000,1100,1200,1300,1500,1600,1700,49314,0,490,523.0292205374357,1.3351770001008845,1738.2737050002106,6.883319138581336
1786177895,50,,Aggregated,42.600000,0.000000,490,670,780,850,1000,1100,1200,1300,1500,1600,1700,49356,0,490,523.5023051050551,1.3351770001008845,1738.2737050002106,6.88333738552557
1786177896,50,,Aggregated,42.000000,0.000000,490,670,780,850,1000,1100,1200,1300,1500,1600,1700,49393,0,490,523.8114803816756,1.3351770001008845,1738.2737050002106,6.883040106897739
1786177897,50,,Aggregated,42.200000,0.000000,490,670,780,850,1000,1100,1200,1300,1500,1600,1700,49437,0,490,524.350256488624,1.3351770001008845,1738.2737050002106,6.8829823816170075
1786177898,50,,Aggregated,41.900000,0.000000,490,670,780,850,1000,1100,1200,1300,1500,1600,1700,49473,0,490,524.7857474135003,1.3351770001008845,1738.2737050002106,6.883633497059002
1786177899,50,,Aggregated,41.700000,0.000000,490,680,780,850,1000,1100,1200,1300,1500,1600,1700,49513,0,490,525.199239502678,1.3351770001008845,1738.2737050002106,6.88332357158726
1786177900,50,,Aggregated,41.600000,0.000000,490,680,790,850,1000,1100,1200,1300,1500,1600,1700,49552,0,490,525.690113405051,1.3351770001008845,1738.2737050002106,6.884162092347433
1786177901,50,,Aggregated,41.500000,0.000000,500,680,790,850,1000,1100,1200,1300,1500,1600,1700,49594,0,500,526.1612755256903,1.3351770001008845,1738.2737050002106,6.883977900552487
1786177902,50,,Aggregated,41.300000,0.000000,500,680,790,850,1000,1100,1200,1300,1500,1600,1700,49629,0,500,526.6111343335567,1.3351770001008845,1738.2737050002106,6.884563460879727
1786177903,50,,Aggregated,40.600000,0.000000,500,680,790,860,1000,1100,1200,1300,1500,1600,1700,49668,0,500,527.0906554334597,1.3351770001008845,1738.2737050002106,6.8845937021824914
1786177904,50,,Aggregated,40.500000,0.000000,500,680,790,860,1000,1100,1200,1300,1500,1600,1700,49704,0,500,527.5241963156101,1.3351770001008845,1738.2737050002106,6.885240624497023
1786177905,50,,Aggregated,39.600000,0.000000,500,680,790,860,1000,1100,1200,1300,1500,1600,1700,49744,0,500,528.0240066367016,1.3351770001008845,1738.2737050002106,6.885533933740753
1786177906,50,,Aggregated,39.400000,0.000000,500,680,790,860,1000,1100,1200,1300,1500,1600,1700,49790,0,500,528.4961239847174,1.3351770001008845,1738.2737050002106,6.884996987346857
1786177907,50,,Aggregated,39.500000,0.000000,500,680,790,860,1000,1100,1200,1300,1500,1600,1700,49836,0,500,528.8818237538544,1.3351770001008845,1738.2737050002106,6.884461032185569
1786177908,50,,Aggregated,38.800000,0.000000,500,680,790,860,1000,1100,1200,1300,1500,1600,1700,49874,0,500,529.2200714134838,1.3351770001008845,1738.2737050002106,6.884428760476401
1786177909,50,,Aggregated,39.400000,0.000000,500,680,790,860,1000,1100,1200,1300,1500,1600,1700,49909,0,500,529.6841446419903,1.3351770001008845,1738.2737050002106,6.8852110841731955
1786177910,50,,Aggregated,40.000000,0.000000,500,680,790,860,1000,1100,1200,1300,1500,1600,1700,49947,0,500,530.1559662925318,1.3351770001008845,1738.2737050002106,6.885378501211284
1786177911,50,,Aggregated,39.500000,0.000000,500,680,790,860,1000,1100,1300,1300,1500,1600,1700,49986,0,500,530.6260099950804,1.3351770001008845,1738.2737050002106,6.885607970231665
1786177912,50,,Aggregated,39.500000,0.000000,500,680,790,860,1000,1100,1300,1300,1500,1600,1700,50032,0,500,531.1603570064775,1.3351770001008845,1738.2737050002106,6.885273425007995
1786177913,50,,Aggregated,39.300000,0.000000,500,680,790,860,1000,1100,1300,1300,1500,1600,1700,50065,0,500,531.497049061462,1.3351770001008845,1738.2737050002106,6.886327773893938
1786177914,50,,Aggregated,39.700000,0.000000,500,680,790,860,1000,1100,1300,1300,1500,1600,1700,50101,0,500,532.0074992134706,1.3351770001008845,1738.2737050002106,6.88656913035668
1786177915,50,,Aggregated,39.800000,0.000000,500,680,800,860,1000,1100,1300,1300,1500,1600,1700,50142,0,500,532.417171801705,1.3351770001008845,1738.2737050002106,6.886322843125524
1786177916,50,,Aggregated,39.200000,0.000000,500,690,800,860,1000,1100,1300,1300,1500,1600,1700,50190,0,500,532.8821706569054,1.3351770001008845,1738.2737050002106,6.885515042837219
1786177917,50,,Aggregated,39.300000,0.000000,500,690,800,870,1000,1200,1300,1300,1500,1600,1700,50222,0,500,533.2321365579246,1.3351770001008845,1738.2737050002106,6.886503922583728
1786177918,50,,Aggregated,40.100000,0.000000,500,690,800,870,1000,1200,1300,1300,1500,1600,1700,50264,0,500,533.7305152525684,1.3351770001008845,1738.2737050002106,6.886320229189877
1786177919,50,,Aggregated,39.100000,0.000000,500,690,800,870,1000,1200,1300,1300,1500,1600,1700,50304,0,500,534.217287256383,1.3351770001008845,1738.2737050002106,6.886410623409669
1786177920,50,,Aggregated,38.800000,0.000000,500,690,800,870,1000,1200,1300,1300,1500,1600,1700,50341,0,500,534.6598871326173,1.3351770001008845,1738.2737050002106,6.887109910410997
1786177921,50,,Aggregated,38.900000,0.000000,500,690,800,870,1000,1200,1300,1300,1500,1600,1700,50378,0,500,535.0998890393842,1.3351770001008845,1738.2737050002106,6.887014172853229
1786177922,50,,Aggregated,38.800000,0.000000,500,690,800,870,1000,1200,1300,1300,1500,1600,1700,50418,0,500,535.6128388951781,1.3351770001008845,1738.2737050002106,6.887302153992621
1786177923,50,,Aggregated,39.200000,0.000000,500,690,800,870,1000,1200,1300,1300,1500,1600,1700,50459,0,500,536.0673646394719,1.3351770001008845,1738.2737050002106,6.887056818407023
1786177924,50,,Aggregated,38.300000,0.000000,500,690,800,870,1000,1200,1300,1300,1500,1600,1700,50500,0,500,536.391412136517,1.3351770001008845,1738.2737050002106,6.886415841584158
1786177925,50,,Aggregated,38.800000,0.000000,510,690,800,870,1000,1200,1300,1300,1500,1600,1700,50532,0,510,536.7510058635736,1.3351770001008845,1738.2737050002106,6.887398084382173
1786177926,50,,Aggregated,40.000000,0.000000,510,690,800,870,1000,1200,1300,1300,1500,1600,1700,50573,0,510,537.3243107464676,1.3351770001008845,1738.2737050002106,6.887944159927234
1786177927,50,,Aggregated,39.700000,0.000000,510,690,800,870,1000,1200,1300,1300,1500,1600,1700,50614,0,510,537.7496297244263,1.3351770001008845,1738.2737050002106,6.8878966293910775
1786177928,50,,Aggregated,38.600000,0.000000,510,690,800,880,1000,1200,1300,1300,1500,1600,1700,50649,0,510,538.1919834816306,1.3351770001008845,1738.2737050002106,6.888467689391696
1786177929,50,,Aggregated,39.000000,0.000000,510,690,800,880,1000,1200,1300,1300,1500,1700,1800,50683,0,510,538.7224861535052,1.3351770001008845,1809.7384620000412,6.889371189550737
1786177930,50,,Aggregated,38.800000,0.000000,510,690,810,880,1100,1200,1300,1300,1500,1700,1800,50723,0,510,539.230576573095,1.3351770001008845,1809.7384620000412,6.889261281864243
1786177931,50,,Aggregated,38.200000,0.000000,510,690,810,880,1100,1200,1300,1300,1500,1700,1800,50765,0,510,539.6518283164013,1.3351770001008845,1809.7384620000412,6.889077120063035
1786177932,50,,Aggregated,38.200000,0.000000,510,690,810,880,1100,1200,1300,1300,1500,1700,1800,50809,0,510,540.0586163746602,1.3351770001008845,1809.7384620000412,6.888622094510815
1786177933,50,,Aggregated,38.100000,0.000000,510,690,810,880,1100,1200,1300,1300,1500,1700,1800,50848,0,510,540.41393916935,1.3351770001008845,1809.7384620000412,6.888648521082442
1786177934,50,,Aggregated,39.200000,0.000000,510,700,810,880,1100,1200,1300,1300,1500,1700,1800,50887,0,510,540.8056362389826,1.3351770001008845,1809.7384620000412,6.888478393302808
1786177935,50,,Aggregated,38.900000,0.000000,510,700,810,880,1100,1200,1300,1300,1500,1700,1800,50927,0,510,541.2698080371338,1.3351770001008845,1809.7384620000412,6.888958705598209
1786177936,50,,Aggregated,38.700000,0.000000,510,700,810,880,1100,1200,1300,1300,1500,1700,1800,50967,0,510,541.6908225534188,1.3351770001008845,1809.7384620000412,6.888653442423529
1786177937,50,,Aggregated,38.600000,0.000000,510,700,810,880,1100,1200,1300,1300,1500,1700,1800,51009,0,510,542.0726973291596,1.3351770001008845,1809.7384620000412,6.888274618204631
1786177938,50,,Aggregated,39.300000,0.000000,510,700,810,880,1100,1200,1300,1300,1500,1700,1800,51052,0,510,542.5048484353034,1.3351770001008845,1809.7384620000412,6.88795737679229
1786177939,50,,Aggregated,39.500000,0.000000,510,700,810,880,1100,1200,1300,1300,1500,1700,1800,51088,0,510,542.8842153712635,1.3351770001008845,1809.7384620000412,6.888584403382399
1786177940,50,,Aggregated,39.800000,0.000000,510,700,810,880,1100,1200,1300,1300,1500,1700,1800,51122,0,510,543.3094316783207,1.3351770001008845,1809.7384620000412,6.889088846289269
1786177941,50,,Aggregated,40.600000,0.000000,510,700,810,890,1100,1200,1300,1300,1500,1700,1800,51159,0,510,543.8178565848063,1.3351770001008845,1809.7384620000412,6.88899313903712
1786177942,50,,Aggregated,40.400000,0.000000,510,700,810,890,1100,1200,1300,1300,1500,1700,1800,51205,0,510,544.3081720999728,1.3351770001008845,1809.7384620000412,6.888467923054389
1786177943,50,,Aggregated,39.500000,0.000000,510,700,810,890,1100,1200,1300,1300,1500,1700,1800,51243,0,510,544.7112588993248,1.3351770001008845,1809.7384620000412,6.888823839353668
1786177944,50,,Aggregated,39.400000,0.000000,510,700,810,890,1100,1200,1300,1300,1500,1700,1800,51278,0,510,545.0978232862456,1.3351770001008845,1809.7384620000412,6.888997230781231
1786177945,50,,Aggregated,39.100000,0.000000,510,700,820,890,1100,1200,1300,1300,1500,1700,1800,51320,0,510,545.5356923544642,1.3351770001008845,1809.7384620000412,6.8888152766952455
1786177946,50,,Aggregated,39.200000,0.000000,510,700,820,890,1100,1200,1300,1300,1500,1700,1800,51365,0,510,545.9161302866563,1.3351770001008845,1809.7384620000412,6.88842597099192
1786177947,50,,Aggregated,39.100000,0.000000,510,700,820,890,1100,1200,1300,1300,1500,1700,1800,51403,0,510,546.2831070468086,1.3351770001008845,1809.7384620000412,6.888586269283894
1786177948,50,,Aggregated,39.800000,0.000000,520,700,820,890,1100,1200,1300,1300,1500,1700,1800,51445,0,520,546.7808121499097,1.3351770001008845,1809.7384620000412,6.888405092817572
1786177949,50,,Aggregated,39.400000,0.000000,520,700,820,890,1100,1200,1300,1300,1500,1700,1800,51480,0,520,547.1139371539062,1.3351770001008845,1809.7384620000412,6.889160839160839
1786177950,50,,Aggregated,39.000000,0.000000,520,700,820,890,1100,1200,1300,1300,1500,1700,1800,51519,0,520,547.6034544348901,1.3351770001008845,1809.7384620000412,6.889186513713387
1786177951,50,,Aggregated,39.000000,0.000000,520,710,820,890,1100,1200,1300,1300,1500,1700,1800,51563,0,520,548.0663838842407,1.3351770001008845,1809.7384620000412,6.888544111087407
1786177952,50,,Aggregated,39.000000,0.000000,520,710,820,890,1100,1200,1300,1300,1500,1700,1800,51601,0,520,548.386188057191,1.3351770001008845,1809.7384620000412,6.888509912598593
1786177953,50,,Aggregated,40.100000,0.000000,520,710,820,890,1100,1200,1300,1300,1500,1700,1800,51637,0,520,548.8127831857993,1.3351770001008845,1809.7384620000412,6.888548908728238
1786177954,50,,Aggregated,40.400000,0.000000,520,710,820,890,1100,1200,1300,1300,1500,1700,1800,51674,0,520,549.248026479315,1.3351770001008845,1809.7384620000412,6.889228625614429
1786177955,50,,Aggregated,39.900000,0.000000,520,710,820,890,1100,1200,1300,1300,1500,1700,1800,51709,0,520,549.7254917178852,1.3351770001008845,1809.7384620000412,6.889593687752615
1786177956,50,,Aggregated,39.500000,0.000000,520,710,820,900,1100,1200,1300,1300,1500,1700,1800,51749,0,520,550.2044679935289,1.3351770001008845,1809.7384620000412,6.8896790276140605
1786177957,50,,Aggregated,39.400000,0.000000,520,710,820,900,1100,1200,1300,1400,1500,1700,1800,51791,0,520,550.7168712948801,1.3351770001008845,1809.7384620000412,6.889305091618235
1786177958,50,,Aggregated,38.300000,0.000000,520,710,820,900,1100,1200,1300,1400,1500,1700,1800,51831,0,520,551.0504887361451,1.3351770001008845,1809.7384620000412,6.889004649726997
1786177959,50,,Aggregated,38.000000,0.000000,520,710,830,900,1100,1200,1300,1400,1500,1700,1800,51866,0,520,551.4205574875089,1.3351770001008845,1809.7384620000412,6.8893687579531875
1786177960,50,,Aggregated,39.100000,0.000000,520,710,830,900,1100,1200,1300,1400,1500,1700,1800,51903,0,520,551.8709548997001,1.3351770001008845,1809.7384620000412,6.889659557251026
1786177961,50,,Aggregated,38.600000,0.000000,520,710,830,900,1100,1200,1300,1400,1500,1700,1800,51948,0,520,552.3394839859692,1.3351770001008845,1809.7384620000412,6.888888888888889
1786177962,50,,Aggregated,38.700000,0.000000,520,710,830,900,1100,1200,1300,1400,1500,1700,1800,51987,0,520,552.7109742180376,1.3351770001008845,1809.7384620000412,6.889106892107642
1786177963,50,,Aggregated,38.800000,0.000000,520,710,830,900,1100,1200,1300,1400,1500,1700,1800,52017,0,520,553.0784524631584,1.3351770001008845,1809.7384620000412,6.890132072207163
1786177964,50,,Aggregated,38.200000,0.000000,520,710,830,900,1100,1200,1300,1400,1500,1700,1800,52057,0,520,553.6052557876773,1.3351770001008845,1809.7384620000412,6.890216493459093
1786177965,50,,Aggregated,38.200000,0.000000,520,710,830,900,1100,1200,1300,1400,1600,1700,1800,52087,0,520,554.0588798573948,1.3351770001008845,1809.7384620000412,6.891431643212318
1786177966,50,,Aggregated,38.100000,0.000000,520,710,830,900,1100,1200,1300,1400,1600,1700,1800,52118,0,520,554.6087379547973,1.3351770001008845,1841.7864710004324,6.892321270962047
1786177967,50,,Aggregated,37.700000,0.000000,520,710,830,900,1100,1200,1300,1400,1600,1700,1800,52151,0,520,555.1586364325542,1.3351770001008845,1841.7864710004324,6.893328986980116
1786177968,50,,Aggregated,37.200000,0.000000,520,720,830,900,1100,1200,1300,1400,1600,1800,1800,52193,0,520,555.7306018933407,1.3351770001008845,1841.7864710004324,6.892954993964708
1786177969,50,,Aggregated,36.600000,0.000000,520,720,830,900,1100,1200,1300,1400,1600,1800,1800,52237,0,520,556.0722395732168,1.3351770001008845,1841.7864710004324,6.8923177058406875
1786177970,50,,Aggregated,35.500000,0.000000,520,720,830,910,1100,1200,1300,1400,1600,1800,1800,52269,0,520,556.416452768393,1.3351770001008845,1841.7864710004324,6.893455011574738
1786177971,50,,Aggregated,36.000000,0.000000,520,720,830,910,1100,1200,1300,1400,1600,1800,1800,52307,0,520,556.948352235038,1.3351770001008845,1841.7864710004324,6.893417706999063
1786177972,50,,Aggregated,36.800000,0.000000,520,720,830,910,1100,1200,1300,1400,1600,1800,1800,52338,0,520,557.347578323878,1.3351770001008845,1841.7864710004324,6.8943024188925826
1786177973,50,,Aggregated,35.500000,0.000000,520,720,830,910,1100,1200,1300,1400,1600,1800,1800,52380,0,520,557.8933346889869,1.3351770001008845,1841.7864710004324,6.894119893088965
1786177974,50,,Aggregated,35.300000,0.000000,520,720,830,910,1100,1200,1300,1400,1600,1800,1800,52416,0,520,558.3128659727209,1.3351770001008845,1841.7864710004324,6.894345238095238
1786177975,50,,Aggregated,35.400000,0.000000,530,720,830,910,1100,1200,1300,1400,1600,1800,1800,52450,0,530,558.688363878973,1.3351770001008845,1841.7864710004324,6.894642516682555
1786177976,50,,Aggregated,35.300000,0.000000,530,720,840,910,1100,1200,1300,1400,1600,1800,1800,52495,0,530,559.1400674490167,1.3351770001008845,1841.7864710004324,6.894256595866273
1786177977,50,,Aggregated,36.100000,0.000000,530,720,840,910,1100,1200,1300,1400,1600,1800,1800,52534,0,530,559.467016867574,1.3351770001008845,1841.7864710004324,6.894277991396049
1786177978,50,,Aggregated,36.600000,0.000000,530,720,840,910,1100,1200,1300,1400,1600,1800,1800,52573,0,530,559.8808036174678,1.3351770001008845,1841.7864710004324,6.8941091434766895
1786177979,50,,Aggregated,38.400000,0.000000,530,720,840,910,1100,1200,1300,1400,1600,1800,1800,52615,0,530,560.2569050616008,1.3351770001008845,1841.7864710004324,6.893357407583388
1786177980,50,,Aggregated,38.300000,0.000000,530,720,840,910,1100,1200,1300,1400,1600,1800,1800,52655,0,530,560.6280665565688,1.3351770001008845,1841.7864710004324,6.893438419903143
1786177981,50,,Aggregated,38.600000,0.000000,530,720,840,910,1100,1200,1300,1400,1600,1800,1800,52695,0,530,561.1049070254886,1.3351770001008845,1841.7864710004324,6.893519309232375
1786177982,50,,Aggregated,38.100000,0.000000,530,720,840,910,1100,1200,1300,1400,1600,1800,1800,52729,0,530,561.4521005693285,1.3351770001008845,1841.7864710004324,6.893815547421722
1786177983,50,,Aggregated,38.700000,0.000000,530,720,840,910,1100,1200,1300,1400,1600,1800,1800,52765,0,530,561.8695524579767,1.3351770001008845,1841.7864710004324,6.894229129157585
1786177984,50,,Aggregated,39.000000,0.000000,530,720,840,910,1100,1200,1300,1400,1600,1800,1800,52798,0,530,562.352714337705,1.3351770001008845,1841.7864710004324,6.895033902799349
1786177985,50,,Aggregated,39.500000,0.000000,530,720,840,920,1100,1200,1300,1400,1600,1800,1800,52836,0,530,562.8717396863532,1.3351770001008845,1841.7864710004324,6.895185101067454
1786177986,50,,Aggregated,38.800000,0.000000,530,720,840,920,1100,1200,1300,1400,1600,1800,1800,52870,0,530,563.2496047361669,1.3351770001008845,1841.7864710004324,6.895857764327596
1786177987,50,,Aggregated,38.100000,0.000000,530,730,840,920,1100,1200,1300,1400,1600,1800,1800,52907,0,530,563.7146957248219,1.3351770001008845,1841.7864710004324,6.896327518097794
1786177988,50,,Aggregated,38.100000,0.000000,530,730,840,920,1100,1200,1300,1400,1600,1800,1800,52941,0,530,564.1138258859892,1.3351770001008845,1841.7864710004324,6.896242987476625
1786177989,50,,Aggregated,37.300000,0.000000,530,730,840,920,1100,1200,1300,1400,1600,1800,1800,52985,0,530,564.5983194901414,1.3351770001008845,1841.7864710004324,6.895800698310842
1786177990,50,,Aggregated,37.500000,0.000000,530,730,840,920,1100,1200,1300,1400,1600,1800,1800,53024,0,530,564.946167537382,1.3351770001008845,1841.7864710004324,6.895443572721787
1786177991,50,,Aggregated,36.100000,0.000000,530,730,850,920,1100,1200,1300,1400,1600,1800,1800,53063,0,530,565.3561244752113,1.3351770001008845,1841.7864710004324,6.895652337787158
1786177992,50,,Aggregated,36.900000,0.000000,530,730,850,920,1100,1200,1300,1400,1600,1800,1800,53103,0,530,565.775109418077,1.3351770001008845,1841.7864710004324,6.895354311432499
1786177993,50,,Aggregated,37.200000,0.000000,530,730,850,920,1100,1200,1300,1400,1600,1800,1800,53139,0,530,566.1168904934069,1.3351770001008845,1841.7864710004324,6.8955757541541995
1786177994,50,,Aggregated,37.000000,0.000000,530,730,850,920,1100,1200,1300,1400,1600,1800,1800,53192,0,530,566.5793783333423,1.3351770001008845,1841.7864710004324,6.893969017897428
1786177995,50,,Aggregated,36.900000,0.000000,530,730,850,920,1100,1200,1300,1400,1600,1800,1800,53229,0,530,566.7839573112805,1.3351770001008845,1841.7864710004324,6.894061507824682
1786177996,50,,Aggregated,37.500000,0.000000,530,730,850,920,1100,1200,1300,1400,1600,1800,1800,53262,0,530,567.1883867354242,1.3351770001008845,1841.7864710004324,6.894859374413278
1786177997,50,,Aggregated,39.800000,0.000000,530,730,850,920,1100,1200,1300,1400,1600,1800,1800,53303,0,530,567.6493104642545,1.3351770001008845,1841.7864710004324,6.89424610247078
1786177998,50,,Aggregated,39.600000,0.000000,530,730,850,920,1100,1200,1300,1400,1600,1800,1800,53343,0,530,568.0711555410674,1.3351770001008845,1841.7864710004324,6.8941379374988285
1786177999,50,,Aggregated,39.200000,0.000000,530,730,850,930,1100,1200,1300,1400,1600,1800,1800,53381,0,530,568.492914806582,1.3351770001008845,1841.7864710004324,6.893913564751504
1786178000,50,,Aggregated,39.400000,0.000000,530,730,850,930,1100,1200,1300,1400,1600,1800,1800,53418,0,530,568.8672571431943,1.3351770001008845,1841.7864710004324,6.894005765846718
1786178001,50,,Aggregated,39.800000,0.000000,530,730,850,930,1100,1200,1300,1400,1600,1800,1800,53465,0,530,569.251980796019,1.3351770001008845,1841.7864710004324,6.892995417562892
1786178002,50,,Aggregated,39.400000,0.000000,530,730,850,930,1100,1200,1300,1400,1600,1800,1800,53504,0,530,569.5244532317987,1.3351770001008845,1841.7864710004324,6.893017344497608
1786178003,50,,Aggregated,39.300000,0.000000,540,730,850,930,1100,1200,1300,1400,1600,1800,1800,53541,0,540,570.0112122813388,1.3351770001008845,1841.7864710004324,6.89348349862722
1786178004,50,,Aggregated,40.100000,0.000000,540,730,850,930,1100,1200,1300,1400,1600,1800,1800,53571,0,540,570.4156647283448,1.3351770001008845,1841.7864710004324,6.894103152825223
1786178005,50,,Aggregated,40.000000,0.000000,540,730,850,930,1100,1200,1300,1400,1600,1800,1800,53604,0,540,570.8712390548123,1.3351770001008845,1841.7864710004324,6.894522796806209
1786178006,50,,Aggregated,39.300000,0.000000,540,740,860,930,1100,1200,1300,1400,1600,1800,1800,53648,0,540,571.3667542618208,1.3351770001008845,1841.7864710004324,6.894087384431852
1786178007,50,,Aggregated,37.800000,0.000000,540,740,860,930,1100,1200,1300,1400,1600,1800,1800,53683,0,540,571.6822097396599,1.3351770001008845,1841.7864710004324,6.8946221336363465
1786178008,50,,Aggregated,37.500000,0.000000,540,740,860,930,1100,1200,1300,1400,1600,1800,1800,53718,0,540,572.0817066382438,1.3351770001008845,1841.7864710004324,6.89497002866823
1786178009,50,,Aggregated,38.300000,0.000000,540,740,860,930,1100,1200,1300,1400,1600,1800,1800,53762,0,540,572.5331972249018,1.3351770001008845,1841.7864710004324,6.894163163572784
1786178010,50,,Aggregated,37.900000,0.000000,540,740,860,930,1100,1200,1300,1400,1600,1800,1800,53801,0,540,572.8329960225865,1.3351770001008845,1841.7864710004324,6.893812382669467
1786178011,50,,Aggregated,37.800000,0.000000,540,740,860,930,1100,1200,1300,1400,1600,1800,1800,53836,0,540,573.2565240307822,1.3351770001008845,1841.7864710004324,6.894160041607846
1786178012,50,,Aggregated,38.300000,0.000000,540,740,860,930,1100,1200,1300,1400,1600,1800,1800,53870,0,540,573.6525531619674,1.3351770001008845,1841.7864710004324,6.894449600891034
1786178013,50,,Aggregated,38.100000,0.000000,540,740,860,930,1100,1200,1300,1400,1600,1800,1800,53906,0,540,574.1043557950171,1.3351770001008845,1841.7864710004324,6.895225021333432
1786178014,50,,Aggregated,36.900000,0.000000,540,740,860,930,1100,1200,1300,1400,1600,1800,1800,53945,0,540,574.5974685612421,1.3351770001008845,1841.7864710004324,6.8948744091204
1786178015,50,,Aggregated,36.700000,0.000000,540,740,860,940,1100,1200,1300,1400,1600,1800,1800,53982,0,540,574.9556466525914,1.3351770001008845,1841.7864710004324,6.89533548219777
1786178016,50,,Aggregated,36.800000,0.000000,540,740,860,940,1100,1200,1300,1400,1600,1800,1800,54024,0,540,575.3822075177736,1.3351770001008845,1841.7864710004324,6.894417296016585
1786178017,50,,Aggregated,37.300000,0.000000,540,740,860,940,1100,1200,1300,1400,1600,1800,1800,54053,0,540,575.7157942884058,1.3351770001008845,1841.7864710004324,6.895528462805025
1786178018,50,,Aggregated,37.300000,0.000000,540,740,860,940,1100,1200,1300,1400,1600,1800,1800,54089,0,540,576.2155564488012,1.3351770001008845,1841.7864710004324,6.895930780750245
1786178019,50,,Aggregated,37.200000,0.000000,540,740,860,940,1100,1200,1300,1400,1600,1800,1800,54121,0,540,576.657713470117,1.3351770001008845,1841.7864710004324,6.896657489699008
1786178020,50,,Aggregated,36.900000,0.000000,540,740,860,940,1100,1200,1300,1400,1600,1800,1800,54161,0,540,577.1521781623527,1.3351770001008845,1841.7864710004324,6.89654917745241
1786178021,50,,Aggregated,36.700000,0.000000,540,740,860,940,1100,1200,1300,1400,1600,1800,1800,54194,0,540,577.4944769220979,1.3351770001008845,1841.7864710004324,6.8969627634055435
1786178022,50,,Aggregated,35.400000,0.000000,540,740,860,940,1100,1200,1400,1400,1600,1800,1800,54230,0,540,577.9643616218913,1.3351770001008845,1841.7864710004324,6.89717868338558
1786178023,50,,Aggregated,36.000000,0.000000,540,740,870,940,1100,1200,1400,1400,1600,1800,1800,54271,0,540,578.4340110373157,1.3351770001008845,1841.7864710004324,6.896574597851523
1786178024,50,,Aggregated,35.500000,0.000000,540,750,870,940,1100,1200,1400,1400,1600,1800,1800,54300,0,540,578.6911922355647,1.3351770001008845,1841.7864710004324,6.897311233885819
1786178025,50,,Aggregated,35.200000,0.000000,540,750,870,940,1100,1200,1400,1400,1600,1800,1800,54350,0,540,579.2300358456699,1.3351770001008845,1841.7864710004324,6.896485740570377
1786178026,50,,Aggregated,36.900000,0.000000,540,750,870,940,1100,1200,1400,1400,1600,1800,1800,54388,0,540,579.4841546946598,1.3351770001008845,1841.7864710004324,6.89571228947562
1786178027,50,,Aggregated,35.800000,0.000000,540,750,870,940,1100,1200,1400,1400,1600,1800,1800,54429,0,540,579.8240051423901,1.3351770001008845,1841.7864710004324,6.895294787705084
1786178028,50,,Aggregated,36.800000,0.000000,540,750,870,940,1100,1200,1400,1400,1600,1800,1800,54470,0,540,580.2105109680402,1.3351770001008845,1841.7864710004324,6.895061501744079
1786178029,50,,Aggregated,37.200000,0.000000,550,750,870,940,1100,1200,1400,1400,1600,1800,1800,54509,0,550,580.619197557654,1.3351770001008845,1841.7864710004324,6.894531178337522
1786178030,50,,Aggregated,37.500000,0.000000,550,750,870,950,1100,1200,1400,1400,1600,1800,1800,54544,0,550,580.9640108776616,1.3351770001008845,1841.7864710004324,6.8946905250806685
1786178031,50,,Aggregated,38.100000,0.000000,550,750,870,950,1100,1200,1400,1400,1600,1800,1800,54582,0,550,581.3827432453953,1.3351770001008845,1841.7864710004324,6.894653915210142
1786178032,50,,Aggregated,38.500000,0.000000,550,750,870,950,1100,1200,1400,1400,1600,1800,1800,54618,0,550,581.7506191441131,1.3351770001008845,1841.7864710004324,6.89486982313523
1786178033,50,,Aggregated,38.000000,0.000000,550,750,870,950,1100,1200,1400,1400,1600,1800,1800,54655,0,550,582.2250398195987,1.3351770001008845,1841.7864710004324,6.895142255969262
1786178034,50,,Aggregated,38.800000,0.000000,550,750,870,950,1100,1200,1400,1400,1600,1800,1800,54689,0,550,582.6137026940731,1.3351770001008845,1841.7864710004324,6.895426868291612
1786178035,50,,Aggregated,39.300000,0.000000,550,750,870,950,1100,1300,1400,1400,1600,1800,1800,54724,0,550,583.046736163478,1.3351770001008845,1841.7864710004324,6.89595058840728
1786178036,50,,Aggregated,38.200000,0.000000,550,750,880,950,1100,1300,1400,1400,1600,1800,1800,54763,0,550,583.5315775110234,1.3351770001008845,1841.7864710004324,6.89560469660172
1786178037,50,,Aggregated,38.600000,0.000000,550,750,880,950,1100,1300,1400,1400,1600,1800,1800,54804,0,550,583.8946592471749,1.3351770001008845,1841.7864710004324,6.894825195241223
1786178038,50,,Aggregated,36.900000,0.000000,550,750,880,950,1100,1300,1400,1400,1600,1800,1800,54836,0,550,584.2010726968991,1.3351770001008845,1841.7864710004324,6.895360711941061
1786178039,50,,Aggregated,36.500000,0.000000,550,750,880,950,1100,1300,1400,1400,1600,1800,1800,54878,0,550,584.6731441332257,1.3351770001008845,1841.7864710004324,6.8950034622253
1786178040,50,,Aggregated,37.000000,0.000000,550,750,880,950,1100,1300,1400,1400,1600,1800,1800,54916,0,550,585.0323297209952,1.3351770001008845,1841.7864710004324,6.895148954767281
1786178041,50,,Aggregated,36.900000,0.000000,550,750,880,950,1100,1300,1400,1400,1600,1800,1800,54959,0,550,585.426190023366,1.3351770001008845,1841.7864710004324,6.894303025892029
1786178042,50,,Aggregated,36.900000,0.000000,550,760,880,950,1100,1300,1400,1400,1600,1800,1800,54988,0,550,585.7233454148572,1.3351770001008845,1841.7864710004324,6.895031643267622
1786178043,50,,Aggregated,36.900000,0.000000,550,760,880,950,1100,1300,1400,1400,1600,1800,1800,55021,0,550,586.1749836328889,1.3351770001008845,1841.7864710004324,6.895439922938515
1786178044,50,,Aggregated,37.400000,0.000000,550,760,880,950,1100,1300,1400,1400,1600,1800,1800,55057,0,550,586.6352393915248,1.3351770001008845,1841.7864710004324,6.895653595364804
1786178045,50,,Aggregated,36.900000,0.000000,550,760,880,960,1100,1300,1400,1400,1600,1800,1800,55091,0,550,587.0426009139093,1.3351770001008845,1841.7864710004324,6.895935815287434
1786178046,50,,Aggregated,36.200000,0.000000,550,760,880,960,1100,1300,1400,1400,1600,1800,1800,55135,0,550,587.4738279442673,1.3351770001008845,1841.7864710004324,6.894966899428675
1786178047,50,,Aggregated,36.100000,0.000000,550,760,880,960,1100,1300,1400,1400,1600,1800,1800,55171,0,550,587.7470561583291,1.3351770001008845,1841.7864710004324,6.894999184354099
1786178048,50,,Aggregated,37.200000,0.000000,550,760,880,960,1100,1300,1400,1400,1600,1800,1800,55204,0,550,588.1434653656469,1.3351770001008845,1841.7864710004324,6.8954061299905804
1786178049,50,,Aggregated,37.500000,0.000000,550,760,880,960,1100,1300,1400,1400,1700,1800,1900,55240,0,550,588.6669285925628,1.3351770001008845,1865.9813960002793,6.8958001448225925
1786178050,50,,Aggregated,37.100000,0.000000,550,760,880,960,1100,1300,1400,1400,1700,1800,1900,55287,0,550,589.0677038201418,1.3351770001008845,1865.9813960002793,6.894640693110496
1786178051,50,,Aggregated,36.600000,0.000000,550,760,880,960,1100,1300,1400,1400,1700,1800,1900,55321,0,550,589.326994242714,1.3351770001008845,1865.9813960002793,6.894741599031109
1786178052,50,,Aggregated,36.800000,0.000000,560,760,890,960,1100,1300,1400,1400,1700,1800,1900,55361,0,560,589.7416908567618,1.3351770001008845,1865.9813960002793,6.894817651415257
1786178053,50,,Aggregated,37.500000,0.000000,560,760,890,960,1100,1300,1400,1400,1700,1800,1900,55399,0,560,590.1195225396159,1.3351770001008845,1865.9813960002793,6.894781494250799
1786178054,50,,Aggregated,37.100000,0.000000,560,760,890,960,1100,1300,1400,1400,1700,1800,1900,55429,0,560,590.4884088443988,1.3351770001008845,1865.9813960002793,6.895379674899421
1786178055,50,,Aggregated,37.500000,0.000000,560,760,890,960,1100,1300,1400,1400,1700,1800,1900,55462,0,560,590.9274650565286,1.3351770001008845,1892.6600319996396,6.895964804731167
1786178056,50,,Aggregated,37.700000,0.000000,560,760,890,960,1100,1300,1400,1400,1700,1800,1900,55496,0,560,591.3879021042452,1.3351770001008845,1892.6600319996396,6.896244774398155
1786178057,50,,Aggregated,37.600000,0.000000,560,760,890,960,1100,1300,1400,1400,1700,1800,1900,55537,0,560,591.8595563340151,1.3351770001008845,1892.6600319996396,6.8960152690998795
1786178058,50,,Aggregated,37.200000,0.000000,560,760,890,960,1100,1300,1400,1400,1700,1800,1900,55571,0,560,592.2112299087687,1.3351770001008845,1892.6600319996396,6.896114880063342
1786178059,50,,Aggregated,36.300000,0.000000,560,760,890,960,1100,1300,1400,1400,1700,1800,1900,55604,0,560,592.6034779049564,1.3351770001008845,1892.6600319996396,6.896877922451623
1786178060,50,,Aggregated,36.300000,0.000000,560,760,890,970,1100,1300,1400,1500,1700,1800,1900,55636,0,560,593.0660139619346,1.3351770001008845,1892.6600319996396,6.897224818462866
1786178061,50,,Aggregated,36.500000,0.000000,560,760,890,970,1100,1300,1400,1500,1700,1800,1900,55673,0,560,593.5187814371634,1.3351770001008845,1892.6600319996396,6.897311084367646
1786178062,50,,Aggregated,35.700000,0.000000,560,770,890,970,1100,1300,1400,1500,1700,1800,1900,55705,0,560,593.8968146455471,1.3351770001008845,1892.6600319996396,6.897836818957006
1786178063,50,,Aggregated,34.500000,0.000000,560,770,890,970,1100,1300,1400,1500,1700,1800,1900,55741,0,560,594.3777429935992,1.3351770001008845,1892.6600319996396,6.897866920220305
1786178064,50,,Aggregated,34.600000,0.000000,560,770,890,970,1200,1300,1400,1500,1700,1800,1900,55770,0,560,594.7966910728388,1.3351770001008845,1892.6600319996396,6.898762775685853
1786178065,50,,Aggregated,34.000000,0.000000,560,770,890,970,1200,1300,1400,1500,1700,1800,1900,55815,0,560,595.1674615338745,1.3351770001008845,1892.6600319996396,6.8976798351697575
1786178066,50,,Aggregated,34.500000,0.000000,560,770,890,970,1200,1300,1400,1500,1700,1800,1900,55855,0,560,595.4930746687353,1.3351770001008845,1892.6600319996396,6.89721600572912
1786178067,50,,Aggregated,34.900000,0.000000,560,770,890,970,1200,1300,1400,1500,1700,1800,1900,55889,0,560,595.8596672902933,1.3351770001008845,1892.6600319996396,6.897493245540267
1786178068,50,,Aggregated,35.000000,0.000000,560,770,890,970,1200,1300,1400,1500,1700,1800,1900,55930,0,560,596.308235204831,1.3351770001008845,1892.6600319996396,6.897085642767745
1786178069,50,,Aggregated,35.700000,0.000000,560,770,900,970,1200,1300,1400,1500,1700,1800,1900,55965,0,560,596.6281671966623,1.3351770001008845,1892.6600319996396,6.896881979808809
1786178070,50,,Aggregated,35.300000,0.000000,560,770,900,970,1200,1300,1400,1500,1700,1800,1900,56006,0,560,596.9933347406566,1.3351770001008845,1892.6600319996396,6.896653929936078
1786178071,50,,Aggregated,35.600000,0.000000,560,770,900,970,1200,1300,1400,1500,1700,1800,1900,56042,0,560,597.326949801599,1.3351770001008845,1892.6600319996396,6.896506191784733
1786178072,50,,Aggregated,36.600000,0.000000,560,770,900,970,1200,1300,1400,1500,1700,1800,1900,56080,0,560,597.7849357255029,1.3351770001008845,1892.6600319996396,6.896825962910128
1786178073,50,,Aggregated,36.900000,0.000000,560,770,900,970,1200,1300,1400,1500,1700,1800,1900,56117,0,560,598.1536236534954,1.3351770001008845,1892.6600319996396,6.896377211896573
1786178074,50,,Aggregated,36.700000,0.000000,560,770,900,980,1200,1300,1400,1500,1700,1800,1900,56151,0,560,598.4986966454592,1.3351770001008845,1892.6600319996396,6.8966536660077296
1786178075,50,,Aggregated,37.200000,0.000000,560,770,900,980,1200,1300,1400,1500,1700,1800,1900,56188,0,560,598.9359519991127,1.3351770001008845,1892.6600319996396,6.896561543390048
1786178076,50,,Aggregated,37.300000,0.000000,560,770,900,980,1200,1300,1400,1500,1700,1800,1900,56219,0,560,599.2972320257945,1.3351770001008845,1892.6600319996396,6.897561322684502
1786178077,50,,Aggregated,36.700000,0.000000,560,770,900,980,1200,1300,1400,1500,1700,1800,1900,56259,0,560,599.7430125117606,1.3351770001008845,1892.6600319996396,6.897100908299117
1786178078,50,,Aggregated,37.300000,0.000000,560,770,900,980,1200,1300,1400,1500,1700,1800,1900,56289,0,560,600.0838223216816,1.3351770001008845,1892.6600319996396,6.897511058999094
1786178079,50,,Aggregated,36.100000,0.000000,570,780,900,980,1200,1300,1400,1500,1700,1800,1900,56329,0,570,600.5232240642321,1.3351770001008845,1892.6600319996396,6.897406309361075
1786178080,50,,Aggregated,36.900000,0.000000,570,780,900,980,1200,1300,1400,1500,1700,1800,1900,56364,0,570,600.8749063118678,1.3351770001008845,1892.6600319996396,6.897203889007168
1786178081,50,,Aggregated,36.600000,0.000000,570,780,900,980,1200,1300,1400,1500,1700,1800,1900,56401,0,570,601.3001761939348,1.3351770001008845,1892.6600319996396,6.896934451516817
1786178082,50,,Aggregated,36.200000,0.000000,570,780,900,980,1200,1300,1400,1500,1700,1800,1900,56437,0,570,601.6729705636925,1.3351770001008845,1892.6600319996396,6.897141945886564
1786178083,50,,Aggregated,35.900000,0.000000,570,780,900,980,1200,1300,1400,1500,1700,1800,1900,56475,0,570,602.1109116262256,1.3351770001008845,1892.6600319996396,6.897104913678619
1786178084,50,,Aggregated,36.300000,0.000000,570,780,910,980,1200,1300,1400,1500,1700,1800,1900,56511,0,570,602.4767230060539,1.3351770001008845,1892.6600319996396,6.8974889844455065
1786178085,50,,Aggregated,36.000000,0.000000,570,780,910,980,1200,1300,1400,1500,1700,1800,1900,56543,0,570,602.8295412282705,1.3351770001008845,1892.6600319996396,6.898006826662893
1786178086,50,,Aggregated,35.900000,0.000000,570,780,910,980,1200,1300,1400,1500,1700,1800,1900,56573,0,570,603.2699063228237,1.3351770001008845,1892.6600319996396,6.898237675216093
1786178087,50,,Aggregated,36.000000,0.000000,570,780,910,980,1200,1300,1400,1500,1700,1800,1900,56609,0,570,603.7559176874369,1.3351770001008845,1892.6600319996396,6.8986203607200265
1786178088,50,,Aggregated,35.400000,0.000000,570,780,910,990,1200,1300,1400,1500,1700,1800,1900,56639,0,570,604.1243694398049,1.3351770001008845,1892.6600319996396,6.899203728879394
1786178089,50,,Aggregated,35.500000,0.000000,570,780,910,990,1200,1300,1400,1500,1700,1800,2000,56680,0,570,604.5993960784602,1.3351770001008845,1975.5504969998583,6.898623853211009
1786178090,50,,Aggregated,34.600000,0.000000,570,780,910,990,1200,1300,1400,1500,1700,1800,2000,56722,0,570,604.9654268976959,1.3351770001008845,1975.5504969998583,6.898099502838405
1786178091,50,,Aggregated,34.600000,0.000000,570,780,910,990,1200,1300,1400,1500,1700,1800,2000,56760,0,570,605.2808661079824,1.3351770001008845,1975.5504969998583,6.897709654686399
1786178092,50,,Aggregated,34.700000,0.000000,570,780,910,990,1200,1300,1400,1500,1700,1800,2000,56800,0,570,605.6749558883994,1.3351770001008845,1975.5504969998583,6.8972535211267605
1786178093,50,,Aggregated,35.500000,0.000000,570,780,910,990,1200,1300,1400,1500,1700,1800,2000,56827,0,570,605.967058745492,1.3351770001008845,1975.5504969998583,6.898199799391135
1786178094,50,,Aggregated,35.400000,0.000000,570,780,910,990,1200,1300,1400,1500,1700,1800,2000,56862,0,570,606.4068676160186,1.3351770001008845,1975.5504969998583,6.898526256550948
1786178095,50,,Aggregated,35.700000,0.000000,570,780,910,990,1200,1300,1400,1500,1700,1800,2000,56904,0,570,606.9022342980116,1.3351770001008845,1975.5504969998583,6.898003655279067
1786178096,50,,Aggregated,35.500000,0.000000,570,780,910,990,1200,1300,1400,1500,1700,1800,2000,56937,0,570,607.1649022189096,1.3351770001008845,1975.5504969998583,6.897693942427596
1786178097,50,,Aggregated,35.200000,0.000000,570,780,910,990,1200,1300,1400,1500,1700,1800,2000,56979,0,570,607.5895228144412,1.3351770001008845,1975.5504969998583,6.897348145808105
